{"train": {"acc": [], "loss": []}, "valid": {"acc": [0.546875, 0.6046875, 0.5703125, 0.678125, 0.7265625, 0.6921875, 0.6453125, 0.75625, 0.759375, 0.6703125, 0.740625, 0.7609375, 0.7078125, 0.721875, 0.7703125, 0.7484375, 0.728125, 0.778125, 0.7609375, 0.7078125, 0.7609375, 0.7796875, 0.725, 0.721875, 0.771875, 0.7515625, 0.7484375, 0.775, 0.7734375, 0.6328125, 0.7625, 0.778125, 0.7390625, 0.7625, 0.771875, 0.7703125, 0.70625, 0.75625, 0.775, 0.7234375, 0.7625, 0.765625, 0.7578125, 0.7296875, 0.7765625, 0.759375, 0.6390625, 0.7671875, 0.7515625, 0.7359375, 0.7703125, 0.7703125, 0.6953125, 0.728125, 0.7546875, 0.7609375, 0.6328125, 0.7578125, 0.7578125, 0.7171875, 0.75, 0.7578125, 0.7453125, 0.728125, 0.75, 0.7578125, 0.5953125, 0.746875, 0.7609375, 0.725, 0.7484375, 0.75625, 0.7328125, 0.7171875, 0.7390625, 0.7359375, 0.7359375, 0.7390625, 0.7359375, 0.7203125, 0.746875, 0.75625, 0.7234375, 0.684375, 0.7453125, 0.7359375, 0.671875, 0.7515625, 0.759375, 0.6484375, 0.7296875, 0.7484375, 0.734375, 0.7, 0.7390625, 0.746875, 0.721875, 0.7375, 0.7359375, 0.7328125, 0.728125, 0.7375, 0.66875, 0.7328125, 0.759375, 0.7484375, 0.6984375, 0.75, 0.75, 0.7296875, 0.74375, 0.7515625, 0.740625, 0.74375, 0.7328125, 0.7171875, 0.71875, 0.7390625, 0.7390625, 0.734375, 0.7203125, 0.75, 0.7375, 0.7421875, 0.7484375, 0.746875, 0.7, 0.753125, 0.759375, 0.7515625, 0.753125, 0.7390625, 0.7421875, 0.6578125, 0.7375, 0.740625, 0.6921875, 0.740625, 0.7375, 0.725, 0.7328125, 0.7390625, 0.7421875, 0.671875, 0.74375, 0.7421875, 0.721875, 0.7359375, 0.740625, 0.73125], "loss": [1.3432766950418895, 1.1861795317009054, 1.380524657028548, 0.969188005026905, 0.8265926556788388, 0.8964442613853268, 1.0281557945489601, 0.7740708072609683, 0.7641198257093117, 1.0516810274706805, 0.7715628454525231, 0.7274594381294929, 0.9159858132279766, 0.851682338011288, 0.7440627038664382, 0.8266160792809216, 0.8559418425344109, 0.7071168001332627, 0.7589293052115978, 1.0006289629239142, 0.7507862412318569, 0.7164880079119786, 0.9559841465599678, 0.8831625830130143, 0.722094674719183, 0.8073754260232721, 0.8574757405097774, 0.741114421634802, 0.7404192265467558, 1.3811216132136936, 0.7743338141201025, 0.7465209426719299, 0.9251578020741319, 0.8134173106560978, 0.7501410247957476, 0.7788445843473102, 1.0091716044519197, 0.8073443284978365, 0.7995052552054908, 1.0608572128854208, 0.8204793290325183, 0.806593849988435, 0.8345425425977029, 0.9530289424262849, 0.8291154048165522, 0.9052148413640672, 1.3187363652172521, 0.7943212854417141, 0.8323583423170057, 1.0848067122701797, 0.8790497514182868, 0.8825455518760659, 1.2292479881725398, 0.8993021680744306, 0.8107611251574459, 0.9041180876676356, 1.4807766974386898, 0.952615892623184, 0.9586154708316696, 1.2659369437282957, 0.9669967694784362, 0.9200760862281324, 1.1645024494398493, 1.0336578689536673, 0.9779437489056069, 0.9839907376150412, 2.112751391727845, 0.9285459332101531, 0.9649493983068084, 1.1546533128827448, 0.9317228459110736, 0.9639985700802979, 1.1248421391470682, 1.18535541936502, 1.039533557556449, 1.0651703464489932, 1.2634689715615393, 1.1021061664960032, 1.0744515415661455, 1.3472044919260904, 1.17860416809934, 1.0577090393956494, 1.177421194174018, 1.2513429869772248, 1.0838302780845486, 1.1108790422222383, 1.426016746282353, 1.1557559748861619, 1.1210823583092018, 1.7145896082716627, 1.1923486062252007, 1.1481497401407808, 1.1945872585497288, 1.3444905359009927, 1.1758235531475103, 1.2358365827887157, 1.3452584511522494, 1.1332022904303751, 1.178509680623386, 1.2959259518228197, 1.2760113377340343, 1.1295426290499588, 1.470110369889022, 1.3379004375582886, 1.17391560214596, 1.1864212837739487, 1.624118041627131, 1.1771091068372286, 1.2164276804684722, 1.3112945823541051, 1.232712274140008, 1.1783976666208937, 1.2703980269186652, 1.4450457659755802, 1.3379243264655503, 1.3532594850688382, 1.6326676609542596, 1.3104682765545932, 1.3146880225696118, 1.4698060418971257, 1.2642746077462756, 1.1136186577906135, 1.3045251675140954, 1.3113746900578598, 1.319609458978606, 1.3265495458055103, 1.6839191443480062, 1.3311010941061499, 1.3671261425621184, 1.467683835327099, 1.4999834971073784, 1.4217269542152788, 1.571483376048407, 1.7107069635684318, 1.0651490411685476, 1.1379896923175392, 1.439238920297393, 1.249004608512011, 1.2291024978505678, 1.2903002817537652, 1.3975254649837388, 1.3112534493366672, 1.3415430304811347, 1.916358189379233, 1.3203351619430352, 1.3136643720261558, 1.5875397024712345, 1.3187490770878518, 1.3607082760795681, 1.402781932838156]}}