{"train": {"acc": [], "loss": []}, "valid": {"acc": [0.5609375, 0.61875, 0.603125, 0.634375, 0.6890625, 0.6765625, 0.678125, 0.75625, 0.7515625, 0.7140625, 0.7484375, 0.765625, 0.65625, 0.7203125, 0.7734375, 0.740625, 0.7609375, 0.771875, 0.775, 0.7125, 0.7484375, 0.775, 0.71875, 0.7421875, 0.7765625, 0.7703125, 0.7625, 0.76875, 0.775, 0.7203125, 0.7625, 0.7796875, 0.7015625, 0.7171875, 0.7671875, 0.75625, 0.684375, 0.771875, 0.75625, 0.6640625, 0.7734375, 0.7703125, 0.721875, 0.7015625, 0.75625, 0.753125, 0.6796875, 0.7609375, 0.7625, 0.70625, 0.7578125, 0.7671875, 0.759375, 0.7296875, 0.76875, 0.7578125, 0.7046875, 0.7625, 0.759375, 0.671875, 0.7453125, 0.753125, 0.7375, 0.7375, 0.7609375, 0.740625, 0.69375, 0.75625, 0.7703125, 0.7296875, 0.73125, 0.765625, 0.71875, 0.7296875, 0.753125, 0.7609375, 0.69375, 0.7671875, 0.7546875, 0.7390625, 0.76875, 0.75625, 0.7265625, 0.7140625, 0.7453125, 0.740625, 0.7015625, 0.7546875, 0.7453125, 0.6328125, 0.7546875, 0.759375, 0.759375, 0.7234375, 0.7515625, 0.74375, 0.7390625, 0.7484375, 0.7546875, 0.74375, 0.7484375, 0.765625, 0.7375, 0.6890625, 0.7484375, 0.7421875, 0.703125, 0.740625, 0.7453125, 0.7109375, 0.7421875, 0.753125, 0.759375, 0.725, 0.7421875, 0.7640625, 0.7109375, 0.7453125, 0.7390625, 0.728125, 0.7125, 0.7421875, 0.7375, 0.75, 0.759375, 0.746875, 0.690625, 0.7359375, 0.7484375, 0.740625, 0.7390625, 0.74375, 0.7625, 0.7171875, 0.7359375, 0.7484375, 0.70625, 0.7578125, 0.7515625, 0.709375, 0.7453125, 0.753125, 0.7515625, 0.725, 0.746875, 0.7421875, 0.7015625, 0.7609375, 0.7515625, 0.715625], "loss": [1.2846120217915606, 1.1578668071394669, 1.1835165017897318, 1.0842713903161858, 0.9407725684591035, 0.9868176937173379, 0.9792547114175734, 0.7947822323284682, 0.7768106212560196, 0.9598901662394383, 0.7838922181470135, 0.7341511433102236, 1.023862915927818, 0.8608996865532874, 0.7641263734518313, 0.8358430274042469, 0.8451120897175008, 0.7418771174359929, 0.7325328667293391, 1.0049338562922743, 0.7795007683794118, 0.735105681747065, 1.0040021026468284, 0.8588175379356047, 0.7507007933444682, 0.7860781864156807, 0.8459914266687361, 0.7518926871337773, 0.7691757734215836, 1.0076233011158804, 0.7578283870805333, 0.7407978271654295, 1.0229290112553107, 0.9030508758264757, 0.7900436477005733, 0.8200156127791423, 1.0498868863743993, 0.7881381215453537, 0.8348538820762004, 1.3631149037937427, 0.8002908011670186, 0.8058353201679919, 0.9309235802194321, 1.0575857747522293, 0.8509328710879625, 0.9195926606888788, 1.2766415932949435, 0.8517552416527631, 0.8595297720554568, 1.2489464410815403, 0.9377867392025306, 0.9071429107075638, 1.0261262850411963, 1.0166044832276333, 0.9105281161327355, 1.004088647946138, 1.2859554381167646, 0.8692780276173954, 0.9047268073538909, 1.500033871955424, 0.9268824637697145, 0.8855967706722631, 1.0894335547026173, 0.9937939118860708, 0.9724897428129036, 1.0257126745932326, 1.4281458714703066, 1.0141302015846454, 0.9825848610079627, 1.2514620528011597, 1.0790793203845763, 1.0238939156650881, 1.1874822235423035, 1.243227794054728, 0.9791939025810221, 1.0252462023862245, 1.2576984835231755, 1.0597081674186137, 1.0861877551181691, 1.275327543804996, 1.0088514556432056, 1.0566721690074792, 1.2039095009818999, 1.2375072263883786, 1.1009691703617637, 1.1340939764955942, 1.3483346962153158, 1.1324846555252266, 1.146276541378443, 1.9327046995726285, 0.9692797582088177, 0.9456580400703855, 1.0642660613792136, 1.2362884358450033, 1.1554386909498617, 1.2101476369926656, 1.3814516116116016, 1.185803769137632, 1.1662667531736097, 1.2851299546017765, 1.1806314141397636, 1.1371525181086606, 1.2907582721166013, 1.6348584340098327, 1.2216734336095043, 1.301092016387437, 1.4585699579951696, 1.202680213295306, 1.2131935738969115, 1.4173544536206513, 1.303124732752718, 1.1649237923661042, 1.2577095101176974, 1.4150670487981871, 1.2634830316888352, 1.3035213885950494, 1.5423609387347808, 1.3401153124915037, 1.3449661970395346, 1.6011687637243133, 1.327577148065389, 1.1798916156943247, 1.317839760537453, 1.419493489306917, 1.3306141003253456, 1.3281256604822125, 1.626703236489212, 1.3335657749283427, 1.3208565977634747, 1.4114842454379108, 1.4566909516448685, 1.3700820473990751, 1.4559273146130975, 1.5321119455263108, 1.3994999313003498, 1.4422518593221076, 1.8826342934387104, 1.136147156856744, 1.1803781184718454, 1.4508715287773029, 1.3465534339208096, 1.3274835077355776, 1.3887777441683746, 1.5271613275852147, 1.4896444012664438, 1.4852596377232397, 1.802724705365668, 1.2662851970778337, 1.248487247692452, 1.5552682843134862]}}