{"train": {"acc": [], "loss": []}, "valid": {"acc": [0.5953125, 0.625, 0.55, 0.6015625, 0.7296875, 0.653125, 0.7015625, 0.7546875, 0.7546875, 0.6140625, 0.7515625, 0.771875, 0.70625, 0.753125, 0.7625, 0.74375, 0.709375, 0.765625, 0.75625, 0.73125, 0.7515625, 0.76875, 0.7109375, 0.7046875, 0.765625, 0.7578125, 0.6859375, 0.759375, 0.765625, 0.7390625, 0.759375, 0.784375, 0.6921875, 0.740625, 0.7640625, 0.740625, 0.696875, 0.7640625, 0.7484375, 0.7046875, 0.7671875, 0.771875, 0.7453125, 0.71875, 0.7609375, 0.7546875, 0.73125, 0.759375, 0.759375, 0.671875, 0.7328125, 0.7546875, 0.74375, 0.7296875, 0.7625, 0.746875, 0.63125, 0.7453125, 0.753125, 0.6984375, 0.7453125, 0.7515625, 0.75, 0.7015625, 0.7390625, 0.73125, 0.6984375, 0.73125, 0.7484375, 0.6765625, 0.740625, 0.7484375, 0.7328125, 0.728125, 0.7421875, 0.709375, 0.70625, 0.7453125, 0.740625, 0.7265625, 0.73125, 0.75, 0.7046875, 0.703125, 0.740625, 0.7234375, 0.684375, 0.75, 0.7375, 0.7, 0.7375, 0.734375, 0.7421875, 0.7328125, 0.740625, 0.7296875, 0.715625, 0.7578125, 0.7390625, 0.7, 0.73125, 0.7453125, 0.7421875, 0.7359375, 0.7328125, 0.7265625, 0.6046875, 0.7421875, 0.74375, 0.7453125, 0.75, 0.7546875, 0.75, 0.7265625, 0.746875, 0.75, 0.6890625, 0.7359375, 0.7421875, 0.728125, 0.740625, 0.734375, 0.73125, 0.684375, 0.73125, 0.7453125, 0.690625, 0.734375, 0.7421875, 0.728125, 0.73125, 0.73125, 0.7359375, 0.7390625, 0.7453125, 0.7390625, 0.7046875, 0.734375, 0.728125, 0.725, 0.7265625, 0.7375, 0.7296875, 0.740625, 0.7328125, 0.74375, 0.7015625, 0.728125, 0.73125, 0.696875], "loss": [1.2399966577476973, 1.1491219656678036, 1.359951306792623, 1.1772898870438493, 0.8889930911635628, 1.0775005407262475, 0.9045785375501296, 0.7720702785859622, 0.7832186732098272, 1.2728475814544107, 0.805235277452215, 0.7375848904238024, 0.9920130903839061, 0.7903564462445809, 0.7540191399437131, 0.8199670239223757, 0.8944203236449522, 0.7405129698845756, 0.7754386476604531, 0.8610217593090517, 0.7874299796850596, 0.7472221437968476, 0.9121918398572488, 0.9393869817381549, 0.7778666018457272, 0.8164059217900186, 0.9922790279894523, 0.7662248901381677, 0.7773136081643233, 0.8965565350395132, 0.8060836813810055, 0.763779903494807, 1.1096263178589327, 0.8319101964793222, 0.7767895774858049, 0.9099242951635383, 1.0200110375714786, 0.8137556400623415, 0.8571737384301354, 1.057937210011607, 0.8224265162528045, 0.8353877268774146, 0.9532552810552408, 1.0432379000149647, 0.8446860209097129, 0.8522352986449473, 1.0195458258966374, 0.8482417804944934, 0.8672329757906119, 1.2318104210367702, 0.8925016289045702, 0.8489454945822453, 0.9193632944203532, 1.0218218340634457, 0.8839111292469096, 0.9621763340331191, 1.299792022460323, 0.9227851564912557, 0.9069630259632501, 1.2432889694500524, 0.9188295331839201, 0.9320972446666922, 1.0894530967862364, 1.1550121276516447, 1.0021389908017946, 1.05890753496217, 1.1988494891798815, 0.9844252400813608, 0.9797992449410096, 1.4238850374580208, 1.016997219516968, 1.0139787730211098, 1.1231685393296416, 1.031210002757594, 1.0638272422170154, 1.157775259170876, 1.403637884107853, 1.1106197965566, 1.1146464857752734, 1.340092324899282, 1.2465270572324314, 1.1671992293808928, 1.3183079385597976, 1.384409655165267, 1.0244843448034386, 1.1422029660510733, 1.4531613170247317, 1.1349998791704576, 1.1498014928107447, 1.372361455219222, 1.2278370000003094, 1.1502075829511038, 1.302716874778033, 1.4303730916675705, 1.148726474758171, 1.2697075643471667, 1.3820869292741296, 1.2311532798711513, 1.2097712179533682, 1.4095760300243247, 1.2459539021607635, 1.2271950730095307, 1.342758385463182, 1.4415405432999013, 1.3435621677454783, 1.3551390656205677, 2.322519898852604, 1.0490096516962866, 1.078429577932289, 1.358074400460785, 1.2344574717803385, 1.1529868587524645, 1.2690440526510218, 1.3883284266589453, 1.180961295700027, 1.2320264042047866, 1.5011112290309727, 1.20513376345627, 1.2333147168183214, 1.3632650005624984, 1.374124800785864, 1.3633917363203376, 1.3903183404768122, 1.7195461367131242, 1.2867849781366105, 1.2902108193302328, 1.995685924211527, 1.3022933156143943, 1.2838258317308253, 1.4175349378738786, 1.4301979581935766, 1.393066272239601, 1.464615651562526, 1.6615789165404118, 1.371106634928079, 1.4994423428275383, 1.785733922502838, 1.4038552410698442, 1.3883820272662752, 1.6381503544276457, 1.2425988412471198, 1.1436858119986415, 1.3620562258802151, 1.69547330508101, 1.343479292767005, 1.3226412893031834, 1.6082246266308045, 1.483396526355261, 1.4518102392899281, 1.5655692204823948]}}