{"precision": 0.0428076802014479, "recall": 0.1111111111111111, "f1-score": 0.06180413542376733, "auc": 0.5}