{"precision": 0.12514326906399953, "recall": 0.07084455503351514, "f1-score": 0.053043187560074874, "auc": 0.5036264003996462}