{"precision": 0.7508857389491774, "recall": 0.7450215711833849, "f1-score": 0.7463595410105708, "auc": 0.15550116962513022}