{"precision": 0.49940026994408176, "recall": 0.4903662555420651, "f1-score": 0.4925909460398573, "auc": 0.20866045142296372}