{"precision": 0.419740274546885, "recall": 0.34629875798369164, "f1-score": 0.3602297780923397, "auc": 0.1807452214433125}