{"precision": 0.7044729008793449, "recall": 0.6733445744316926, "f1-score": 0.6829567107720828, "auc": 0.21399307018776045}