{"precision": 0.7320606423767884, "recall": 0.6893473139653128, "f1-score": 0.7035885053773492, "auc": 0.20948635107927147}