{"precision": 0.7611088346819472, "recall": 0.7536854366160728, "f1-score": 0.7520350383665816, "auc": 0.16095416002014945}