{"precision": 0.6121280913929137, "recall": 0.597488144609415, "f1-score": 0.6022446447898013, "auc": 0.19749964882708246}