{"train": {"acc": [0.5369140625, 0.68203125, 0.720703125, 0.7408203125, 0.7572265625, 0.775390625, 0.79296875, 0.7953125, 0.80546875, 0.80234375, 0.8154296875, 0.825390625, 0.82890625, 0.84296875, 0.842578125, 0.83984375, 0.8470703125, 0.8537109375, 0.853125, 0.863671875, 0.863671875, 0.8751953125, 0.876171875, 0.8740234375, 0.8814453125, 0.893359375, 0.89375, 0.898828125, 0.898828125, 0.90390625, 0.902734375, 0.9033203125, 0.910546875, 0.912109375, 0.9166015625, 0.92265625, 0.9212890625, 0.9193359375, 0.9259765625, 0.9296875, 0.930078125, 0.92890625, 0.921484375, 0.930859375, 0.932421875, 0.934765625, 0.9337890625, 0.9337890625, 0.9361328125, 0.93515625, 0.9388671875, 0.93515625, 0.93828125, 0.9427734375, 0.9419921875, 0.9380859375, 0.94375, 0.944140625, 0.9474609375, 0.9482421875, 0.9501953125, 0.94765625, 0.9494140625, 0.9505859375, 0.95390625, 0.9556640625, 0.95546875, 0.955078125, 0.95234375, 0.9529296875, 0.9572265625, 0.959765625, 0.95625, 0.958203125, 0.95859375, 0.958203125, 0.9611328125, 0.9595703125, 0.957421875, 0.9626953125, 0.9623046875, 0.9611328125, 0.9609375, 0.9615234375, 0.962109375, 0.9611328125, 0.9611328125, 0.962109375, 0.96171875, 0.962890625, 0.962109375, 0.9626953125, 0.96328125, 0.9642578125, 0.964453125, 0.963671875, 0.9646484375, 0.9638671875, 0.9646484375, 0.965625, 0.9654296875, 0.9654296875, 0.965234375, 0.965234375, 0.966015625, 0.965625, 0.9662109375, 0.96484375, 0.9666015625, 0.966015625, 0.966796875, 0.9673828125, 0.96640625, 0.96640625, 0.965625, 0.967578125, 0.9666015625, 0.966796875, 0.967578125, 0.9669921875, 0.9673828125, 0.9671875, 0.967578125, 0.96796875, 0.9673828125, 0.9671875, 0.9677734375, 0.96796875, 0.967578125, 0.9681640625, 0.9671875, 0.9673828125, 0.967578125, 0.9677734375, 0.9673828125, 0.968359375, 0.9685546875, 0.9685546875, 0.968359375, 0.968359375, 0.9671875, 0.96875, 0.9681640625, 0.9681640625, 0.96875, 0.9685546875, 0.9681640625, 0.968359375, 0.968359375, 0.969140625], "loss": [3.216177816632428, 2.855737124817281, 2.7658008955702, 2.7253371009343788, 2.6853085077261625, 2.6432210554050495, 2.606269978269746, 2.6000406379941143, 2.5798646377611765, 2.5861673174025137, 2.557752515696272, 2.5339784893808486, 2.525673516188996, 2.4937533457067946, 2.4938119423540335, 2.5011635732047166, 2.482733663124374, 2.470242814172672, 2.4714253069479253, 2.4479507826551608, 2.4486992178083975, 2.4231981144675725, 2.421766341487064, 2.4235312938690186, 2.4072580669499652, 2.380273583569104, 2.379866123199463, 2.369519864456563, 2.3685180597667452, 2.3567893203300767, 2.3585062872005413, 2.358426610125771, 2.3419434843184073, 2.3401000077211402, 2.330837503264222, 2.3152758652650856, 2.317261240150355, 2.321548974966701, 2.309812705728072, 2.3014220346378376, 2.300605197496052, 2.3036250736139996, 2.315128329433972, 2.2975842922548706, 2.295581138586696, 2.287794245949274, 2.289613775060147, 2.2894488497625423, 2.2839469245717496, 2.2866988363145273, 2.278102431116225, 2.286624546292462, 2.2809970891928373, 2.270535378516475, 2.270708935170234, 2.2776244833499573, 2.267390260213538, 2.2664650029773954, 2.259288395507426, 2.2582138852228093, 2.2521483686905874, 2.258321264122106, 2.25572391703159, 2.252802776384957, 2.2453624598587614, 2.241096656533736, 2.2412125400350065, 2.241922837269457, 2.2464566321312627, 2.2473012918158424, 2.2366703099842313, 2.2321449563473084, 2.239151142820527, 2.233615404442896, 2.233071511304831, 2.23454502866238, 2.228460423554046, 2.2334373208540903, 2.235928592802603, 2.226672510557537, 2.2259217545955994, 2.227537266815765, 2.228117191338841, 2.2268689282332796, 2.2270816881445388, 2.22823070876206, 2.227588424199744, 2.226267380050466, 2.2261662996267972, 2.222857544693766, 2.225195936009854, 2.224791650530658, 2.223900897593438, 2.220679781104945, 2.22129551066628, 2.2218846550470666, 2.2195680141448975, 2.2219614861886714, 2.2194783566873286, 2.2177313641656804, 2.2186309265185007, 2.2183373577987093, 2.218765394597114, 2.2183780881422983, 2.216605765910088, 2.217693624617178, 2.2170178558253033, 2.2189958819860145, 2.2151697315747225, 2.2172984654390357, 2.215002745012694, 2.213737185997299, 2.2156714125524593, 2.215956467616407, 2.2172670817073388, 2.2134101813352562, 2.2154725714574885, 2.215276500846766, 2.213181743138953, 2.2147038345095478, 2.2137071090408518, 2.2140331600285785, 2.213424679599231, 2.2125754839257348, 2.213015480886532, 2.2139221897608117, 2.2131241062019447, 2.212207045736192, 2.2128139809717107, 2.211835429638247, 2.21393509454365, 2.2131640699845327, 2.2124764496767066, 2.2126170894767663, 2.2130816767487347, 2.2113380733924575, 2.211424724965156, 2.211015535306327, 2.2108475648904147, 2.210895239552365, 2.2134375360947622, 2.2105278274680993, 2.2121290738069557, 2.212249297129957, 2.2105616165112845, 2.2110560634468177, 2.2112050207355356, 2.210787567911269, 2.2110648607905907, 2.2097811487656607]}, "valid": {"acc": [0.6140625, 0.6328125, 0.6859375, 0.659375, 0.665625, 0.7640625, 0.7234375, 0.753125, 0.7546875, 0.7640625, 0.734375, 0.7703125, 0.7734375, 0.7875, 0.7703125, 0.74375, 0.7703125, 0.784375, 0.7984375, 0.7390625, 0.7671875, 0.775, 0.76875, 0.790625, 0.7703125, 0.78125, 0.778125, 0.78125, 0.79375, 0.7875, 0.796875, 0.778125, 0.7890625, 0.8046875, 0.80625, 0.7828125, 0.7984375, 0.7984375, 0.78125, 0.7984375, 0.796875, 0.80625, 0.790625, 0.7796875, 0.7921875, 0.7859375, 0.7703125, 0.79375, 0.803125, 0.7875, 0.7984375, 0.8109375, 0.8046875, 0.8, 0.803125, 0.8, 0.80625, 0.796875, 0.8109375, 0.80625, 0.815625, 0.8140625, 0.803125, 0.8125, 0.809375, 0.8140625, 0.8234375, 0.80625, 0.803125, 0.8140625, 0.8125, 0.7875, 0.8015625, 0.796875, 0.8046875, 0.8171875, 0.809375, 0.8109375, 0.790625, 0.8109375, 0.79375, 0.7953125, 0.7984375, 0.8125, 0.8015625, 0.8015625, 0.8125, 0.80625, 0.8109375, 0.81875, 0.81875, 0.8046875, 0.8046875, 0.80625, 0.815625, 0.8078125, 0.815625, 0.8171875, 0.8140625, 0.8109375, 0.8125, 0.80625, 0.8140625, 0.8078125, 0.8, 0.8015625, 0.8109375, 0.8140625, 0.8125, 0.80625, 0.80625, 0.815625, 0.815625, 0.815625, 0.803125, 0.8109375, 0.81875, 0.8125, 0.8125, 0.8125, 0.8125, 0.8140625, 0.815625, 0.815625, 0.8125, 0.8109375, 0.81875, 0.821875, 0.815625, 0.81875, 0.81875, 0.81875, 0.8171875, 0.8203125, 0.821875, 0.81875, 0.815625, 0.815625, 0.821875, 0.81875, 0.815625, 0.8203125, 0.81875, 0.81875, 0.821875, 0.8203125, 0.821875, 0.815625, 0.81875, 0.81875],