{"train": {"acc": [0.54140625, 0.6736328125, 0.7099609375, 0.746484375, 0.7673828125, 0.7779296875, 0.796875, 0.792578125, 0.7908203125, 0.809375, 0.8189453125, 0.8166015625, 0.8333984375, 0.8353515625, 0.83828125, 0.8486328125, 0.848828125, 0.851953125, 0.8607421875, 0.8556640625, 0.8591796875, 0.8708984375, 0.87734375, 0.887109375, 0.886328125, 0.8888671875, 0.892578125, 0.894921875, 0.8990234375, 0.9064453125, 0.9068359375, 0.8984375, 0.9083984375, 0.9099609375, 0.915234375, 0.9115234375, 0.916015625, 0.9224609375, 0.925390625, 0.925390625, 0.9251953125, 0.928515625, 0.9294921875, 0.933203125, 0.929296875, 0.935546875, 0.9333984375, 0.938671875, 0.937109375, 0.9373046875, 0.9373046875, 0.9365234375, 0.9380859375, 0.9419921875, 0.9427734375, 0.9421875, 0.9431640625, 0.944140625, 0.9486328125, 0.9490234375, 0.95234375, 0.9513671875, 0.952734375, 0.95, 0.9517578125, 0.9517578125, 0.9501953125, 0.953125, 0.9552734375, 0.9517578125, 0.9529296875, 0.9548828125, 0.9568359375, 0.955078125, 0.9560546875, 0.9572265625, 0.9587890625, 0.9572265625, 0.9583984375, 0.959765625, 0.959375, 0.9603515625, 0.959765625, 0.958984375, 0.9595703125, 0.9625, 0.96328125, 0.96328125, 0.9619140625, 0.9626953125, 0.9638671875, 0.9623046875, 0.9630859375, 0.9638671875, 0.96484375, 0.9640625, 0.9630859375, 0.96484375, 0.96484375, 0.965234375, 0.965625, 0.9658203125, 0.96640625, 0.96640625, 0.9671875, 0.9673828125, 0.9671875, 0.967578125, 0.96796875, 0.9669921875, 0.968359375, 0.966796875, 0.9671875, 0.968359375, 0.9689453125, 0.968359375, 0.968359375, 0.96875, 0.9681640625, 0.9685546875, 0.96875, 0.9681640625, 0.9685546875, 0.9693359375, 0.9689453125, 0.96875, 0.9693359375, 0.968359375, 0.969140625, 0.9681640625, 0.969921875, 0.96875, 0.9697265625, 0.969140625, 0.969921875, 0.96953125, 0.969140625, 0.969921875, 0.969921875, 0.9701171875, 0.9693359375, 0.9697265625, 0.9697265625, 0.9693359375, 0.96953125, 0.9693359375, 0.969921875, 0.9703125, 0.9703125, 0.9697265625], "loss": [3.2262192496770545, 2.8749671133258676, 2.7886600675462168, 2.710907640336435, 2.6642992617208745, 2.6413964440550983, 2.5988601853575886, 2.6097863233542142, 2.6074040539657015, 2.5690979052193557, 2.5479565391057655, 2.5564855835105798, 2.5166287905053246, 2.5125675623929955, 2.505050475084329, 2.4792495377456087, 2.483512519281122, 2.476539476008355, 2.4569622776176354, 2.4621874893767925, 2.456924592392354, 2.4312599339062655, 2.418006673643861, 2.3966791569432124, 2.3974854312365568, 2.3936490952214107, 2.382091573522061, 2.3771848708768433, 2.3694075843955895, 2.353916792929927, 2.3506968293008925, 2.3672852093660377, 2.3464215163943134, 2.3434403395350976, 2.3337037261528306, 2.338995601557478, 2.3300935799562477, 2.318113716342781, 2.3111975645717187, 2.3097864615766306, 2.3097030844869493, 2.301845414729058, 2.2996472256093083, 2.2917763251292556, 2.3003526005563857, 2.287449559078941, 2.290103667899023, 2.2794624370864676, 2.282497768160663, 2.2828965458688857, 2.2816237256496765, 2.2849687654760817, 2.280258634422399, 2.2724714762047875, 2.268620590620403, 2.270243810701974, 2.2686434124089496, 2.2641895149327533, 2.2571345371536062, 2.2560954275010507, 2.2485124521617648, 2.250761273541028, 2.247970267187191, 2.2538945705075806, 2.250329609158673, 2.2493890146665936, 2.252091603943064, 2.2462521595290945, 2.2429207246514817, 2.248613209664067, 2.2462382829641996, 2.2444612406477145, 2.23804953732068, 2.2422582650486427, 2.2401901649523386, 2.237194290644006, 2.2339888192430326, 2.235932304889341, 2.235149214539347, 2.231601600405536, 2.2324033809613577, 2.229329435131218, 2.230566546886782, 2.233257022085069, 2.231899463677708, 2.225469374958473, 2.222771086270296, 2.2233242415174654, 2.2249696647064594, 2.2251291184485713, 2.2219420505475393, 2.2250210031678406, 2.2241558998445923, 2.2212778827812096, 2.2199163406710083, 2.2214978344832796, 2.2237021923065186, 2.2192655002014545, 2.2197739172585402, 2.2182135793227182, 2.218142859543426, 2.216833636730532, 2.215918706942208, 2.21618193614332, 2.2142420629911785, 2.214000209977355, 2.214801909048346, 2.213680270351941, 2.2124047339717046, 2.214708153205582, 2.2115936852708646, 2.2146284187896343, 2.2140307426452637, 2.2116990361032607, 2.210115342200557, 2.2116950282567664, 2.210779473751406, 2.21063883998726, 2.211793784853778, 2.2099748382085487, 2.210242208046249, 2.210836582545993, 2.2113195008869413, 2.2093213328832313, 2.210004021849813, 2.21081674551662, 2.2086995553366746, 2.211215975918347, 2.2098808530010756, 2.2112588429752784, 2.207943342909028, 2.2100637200512465, 2.208370878726621, 2.208911168424389, 2.2079908364935767, 2.208654765841327, 2.209792019445685, 2.2076982033403616, 2.2080131331576576, 2.2079745666890203, 2.209091708629946, 2.2079432584062406, 2.2079269584221177, 2.2092264875580994, 2.2089283315441275, 2.2080173281174673, 2.2076464061495624, 2.207252665411068, 2.2067126925987535, 2.208279636841786]}, "valid": {"acc": [0.5796875, 0.6671875, 0.6703125, 0.721875, 0.75625, 0.7546875, 0.7125, 0.75625, 0.7546875, 0.7640625, 0.740625, 0.7546875, 0.765625, 0.778125, 0.7625, 0.753125, 0.7734375, 0.759375, 0.7640625, 0.7234375, 0.765625, 0.76875, 0.7828125, 0.7890625, 0.784375, 0.7890625, 0.7921875, 0.790625, 0.79375, 0.7875, 0.7734375, 0.796875, 0.7765625, 0.7703125, 0.790625, 0.7890625, 0.7953125, 0.7875, 0.8015625, 0.7796875, 0.78125, 0.7875, 0.7890625, 0.7828125, 0.790625, 0.7890625, 0.76875, 0.7828125, 0.784375, 0.79375, 0.796875, 0.771875, 0.8046875, 0.8, 0.7921875, 0.7890625, 0.778125, 0.7890625, 0.7921875, 0.7890625, 0.7796875, 0.7953125, 0.803125, 0.7875, 0.7828125, 0.7859375, 0.775, 0.778125, 0.7734375, 0.8, 0.78125, 0.7796875, 0.7921875, 0.784375, 0.796875, 0.790625, 0.8, 0.7984375, 0.8, 0.7859375, 0.803125, 0.790625, 0.790625, 0.784375, 0.7953125, 0.7859375, 0.7828125, 0.79375, 0.7796875, 0.771875, 0.7859375, 0.7921875, 0.790625, 0.78125, 0.784375, 0.790625, 0.7890625, 0.7890625, 0.79375, 0.79375, 0.7921875, 0.7859375, 0.8, 0.7984375, 0.796875, 0.7875, 0.79375, 0.7921875, 0.7890625, 0.7984375, 0.790625, 0.7875, 0.7984375, 0.7828125, 0.790625, 0.7890625, 0.79375, 0.7890625, 0.7859375, 0.7953125, 0.796875, 0.7921875, 0.7984375, 0.7984375, 0.8, 0.7921875, 0.796875, 0.7890625, 0.790625, 0.79375, 0.7953125, 0.790625, 0.796875, 0.796875, 0.7953125, 0.8, 0.79375, 0.7875, 0.796875, 0.79375, 0.7921875, 0.790625, 0.7953125, 0.7953125, 0.790625, 0.7921875, 0.7921875, 0.796875, 0.7890625, 0.7921875],