{"train": {"acc": [0.5376953125, 0.67109375, 0.7181640625, 0.73828125, 0.7498046875, 0.7615234375, 0.7712890625, 0.7900390625, 0.79375, 0.7951171875, 0.8087890625, 0.810546875, 0.81953125, 0.821484375, 0.822265625, 0.8279296875, 0.83515625, 0.8337890625, 0.8443359375, 0.8541015625, 0.85078125, 0.86484375, 0.854296875, 0.8580078125, 0.861328125, 0.86328125, 0.8720703125, 0.8740234375, 0.88203125, 0.8919921875, 0.889453125, 0.8908203125, 0.89921875, 0.9103515625, 0.9048828125, 0.9091796875, 0.9111328125, 0.908203125, 0.90859375, 0.9154296875, 0.90703125, 0.912109375, 0.9193359375, 0.9171875, 0.9240234375, 0.921875, 0.9251953125, 0.9279296875, 0.9357421875, 0.9302734375, 0.9349609375, 0.932421875, 0.939453125, 0.9384765625, 0.9388671875, 0.9384765625, 0.94296875, 0.9408203125, 0.940625, 0.943359375, 0.94296875, 0.9447265625, 0.944921875, 0.9486328125, 0.9462890625, 0.9509765625, 0.950390625, 0.953125, 0.9537109375, 0.9513671875, 0.9484375, 0.95078125, 0.9525390625, 0.9529296875, 0.9544921875, 0.9541015625, 0.9548828125, 0.95703125, 0.9583984375, 0.957421875, 0.9560546875, 0.958984375, 0.95703125, 0.9587890625, 0.9615234375, 0.961328125, 0.9626953125, 0.962890625, 0.96328125, 0.961328125, 0.9626953125, 0.9609375, 0.96328125, 0.9630859375, 0.9640625, 0.9640625, 0.9646484375, 0.966015625, 0.96484375, 0.966015625, 0.9662109375, 0.9671875, 0.965625, 0.9666015625, 0.9654296875, 0.966796875, 0.96484375, 0.9685546875, 0.96875, 0.9673828125, 0.9685546875, 0.96796875, 0.96796875, 0.96875, 0.967578125, 0.96875, 0.96953125, 0.9697265625, 0.96953125, 0.96953125, 0.9705078125, 0.9703125, 0.9708984375, 0.9705078125, 0.9703125, 0.9703125, 0.969921875, 0.9708984375, 0.97109375, 0.9712890625, 0.971875, 0.97109375, 0.971484375, 0.97109375, 0.970703125, 0.9705078125, 0.97109375, 0.9712890625, 0.9712890625, 0.971484375, 0.970703125, 0.9708984375, 0.9712890625, 0.9720703125, 0.9716796875, 0.9703125, 0.9712890625, 0.971875, 0.971875, 0.9712890625], "loss": [3.22583918933627, 2.8805733421180824, 2.779404160342639, 2.7256603059889395, 2.706658634958388, 2.6796471982062617, 2.653920040854925, 2.6142435043672974, 2.606082475638088, 2.5985648179356056, 2.5730471761920786, 2.569535107552251, 2.5465425720697716, 2.5425116683863385, 2.5420373844195017, 2.53289762026147, 2.5118651088280015, 2.5128575638879704, 2.4911640656145315, 2.470747588556024, 2.479852332344538, 2.449902039539965, 2.4665145360970797, 2.460113474085361, 2.451172810566576, 2.446622314332407, 2.4287387087375305, 2.4235960501658766, 2.4074459679519076, 2.3879692946808246, 2.390036377725722, 2.386643916745729, 2.368061892593963, 2.34530620937106, 2.3541491001467163, 2.34741570074347, 2.3414262306841116, 2.3478614770913424, 2.3468034086348135, 2.3350133413000953, 2.3496822435644606, 2.337331608880924, 2.3241088661966445, 2.3269474928892113, 2.312953272952309, 2.3163292860683007, 2.307585713229602, 2.306631136544143, 2.2862726072721844, 2.2961780874035025, 2.2856464506704595, 2.292482886133315, 2.277087042603312, 2.278583737868297, 2.279712127733834, 2.277656576301478, 2.271041933494278, 2.2741228900378263, 2.2736666806136507, 2.267544182041023, 2.27070562145378, 2.264052653614479, 2.2654652867136122, 2.257864426962937, 2.261309041252619, 2.2515037633195707, 2.2516215994388245, 2.2467787205418452, 2.2459126152569735, 2.2510390794729886, 2.254947876628441, 2.2517785180973102, 2.247418065614338, 2.247486983673482, 2.2421810989138447, 2.243780468083635, 2.2421923468384564, 2.2371252397947674, 2.235732651964019, 2.236294263525854, 2.238544793068608, 2.2343134427372413, 2.23667867274224, 2.233128906805304, 2.228049423121199, 2.2272484061084215, 2.2248507451407518, 2.2255921363830566, 2.2231599198112004, 2.226990114284467, 2.225053301340417, 2.227494460117968, 2.2226090280315542, 2.2230906848666034, 2.222646194168284, 2.2219834206979487, 2.2193836200086374, 2.2170088049731675, 2.2192886207677143, 2.217235344874708, 2.2166169685653494, 2.2144123572337477, 2.2173347744760634, 2.2151512737515606, 2.217719717870785, 2.2157550944557673, 2.218638604200339, 2.2121206929412067, 2.2107843839669528, 2.213957750344578, 2.2105022110516512, 2.2124894299084628, 2.2122117929820773, 2.210461746288251, 2.213211865364751, 2.2109679542010343, 2.2091104984283447, 2.20767716818218, 2.2081285518935965, 2.208669931073732, 2.2072472934481464, 2.2069682652437232, 2.205649279340913, 2.207028147540515, 2.206505365009549, 2.207575547544262, 2.2081964710090736, 2.2055244325082515, 2.2054967729351187, 2.2052207898490037, 2.2043200504930716, 2.204578909692885, 2.204538354390784, 2.205086705050891, 2.2053596913060054, 2.2061044837855084, 2.2052035844778715, 2.2045500308652466, 2.205051059964337, 2.2046215534210205, 2.2062564137615737, 2.205228310597094, 2.2049780254122577, 2.203313583060156, 2.2041754209542574, 2.205916184413282, 2.2055865631827825, 2.2042557106742375, 2.203541761712183, 2.204415439050409]}, "valid": {"acc": [0.6390625, 0.646875, 0.684375, 0.68125, 0.7390625, 0.746875, 0.725, 0.753125, 0.7265625, 0.7375, 0.7546875, 0.7453125, 0.7578125, 0.7609375, 0.753125, 0.7703125, 0.7890625, 0.7765625, 0.765625, 0.7703125, 0.79375, 0.79375, 0.7671875, 0.7859375, 0.7890625, 0.7796875, 0.7875, 0.7765625, 0.79375, 0.7890625, 0.7859375, 0.778125, 0.7984375, 0.8015625, 0.8109375, 0.7984375, 0.7828125, 0.7796875, 0.7765625, 0.790625, 0.79375, 0.7953125, 0.803125, 0.8078125, 0.8015625, 0.8109375, 0.8109375, 0.8, 0.784375, 0.778125, 0.790625, 0.7953125, 0.790625, 0.8078125, 0.8109375, 0.8046875, 0.809375, 0.8015625, 0.8203125, 0.8140625, 0.7921875, 0.7953125, 0.8109375, 0.821875, 0.8140625, 0.8234375, 0.8171875, 0.8125, 0.80625, 0.821875, 0.80625, 0.8046875, 0.8125, 0.7953125, 0.8046875, 0.803125, 0.815625, 0.821875, 0.8296875, 0.8015625, 0.8109375, 0.815625, 0.8109375, 0.815625, 0.809375, 0.815625, 0.8109375, 0.8140625, 0.8125, 0.815625, 0.8078125, 0.8140625, 0.8046875, 0.7984375, 0.815625, 0.8140625, 0.8109375, 0.8125, 0.80625, 0.815625, 0.821875, 0.8140625, 0.81875, 0.8140625, 0.80625, 0.8109375, 0.809375, 0.81875, 0.809375, 0.815625, 0.8046875, 0.8171875, 0.8109375, 0.809375, 0.81875, 0.8125, 0.825, 0.81875, 0.8125, 0.815625, 0.8125, 0.8078125, 0.8078125, 0.809375, 0.8109375, 0.8125, 0.8140625, 0.8109375, 0.809375, 0.8109375, 0.809375, 0.8078125, 0.815625, 0.81875, 0.8140625, 0.8140625, 0.8140625, 0.8140625, 0.8125, 0.815625, 0.821875, 0.8109375, 0.821875, 0.8140625, 0.8203125, 0.8140625, 0.8125, 0.81875, 0.8125, 0.815625],