{"train": {"acc": [0.534765625, 0.683203125, 0.70234375, 0.7384765625, 0.751953125, 0.76328125, 0.772265625, 0.775390625, 0.791015625, 0.81328125, 0.808984375, 0.8166015625, 0.817578125, 0.82890625, 0.830078125, 0.84765625, 0.8384765625, 0.85546875, 0.85078125, 0.8583984375, 0.859765625, 0.86953125, 0.86796875, 0.8705078125, 0.871484375, 0.8810546875, 0.878515625, 0.887890625, 0.8859375, 0.8958984375, 0.8919921875, 0.8982421875, 0.8986328125, 0.8974609375, 0.901953125, 0.9064453125, 0.910546875, 0.91484375, 0.91796875, 0.9103515625, 0.9115234375, 0.9130859375, 0.9072265625, 0.9119140625, 0.924609375, 0.92734375, 0.927734375, 0.92734375, 0.93125, 0.9287109375, 0.9294921875, 0.9298828125, 0.933984375, 0.93359375, 0.9341796875, 0.9392578125, 0.9412109375, 0.940234375, 0.9412109375, 0.940625, 0.94140625, 0.9419921875, 0.9423828125, 0.944921875, 0.9435546875, 0.945703125, 0.94375, 0.9462890625, 0.945703125, 0.944921875, 0.9470703125, 0.946484375, 0.95, 0.9490234375, 0.95234375, 0.9494140625, 0.9513671875, 0.9529296875, 0.955078125, 0.956640625, 0.955859375, 0.9552734375, 0.9564453125, 0.9580078125, 0.956640625, 0.9583984375, 0.9599609375, 0.9580078125, 0.959765625, 0.9607421875, 0.959765625, 0.961328125, 0.9611328125, 0.96171875, 0.9623046875, 0.9634765625, 0.962109375, 0.962890625, 0.96484375, 0.963671875, 0.9638671875, 0.96484375, 0.9654296875, 0.9634765625, 0.965234375, 0.965234375, 0.9646484375, 0.9654296875, 0.966015625, 0.96640625, 0.966015625, 0.965625, 0.9666015625, 0.9654296875, 0.9662109375, 0.965625, 0.96640625, 0.9671875, 0.966796875, 0.9673828125, 0.9666015625, 0.9669921875, 0.9671875, 0.9671875, 0.966796875, 0.9671875, 0.96640625, 0.967578125, 0.9671875, 0.966796875, 0.967578125, 0.9677734375, 0.968359375, 0.968359375, 0.967578125, 0.96796875, 0.9677734375, 0.9669921875, 0.96796875, 0.96796875, 0.9677734375, 0.96796875, 0.968359375, 0.96875, 0.9669921875, 0.9671875, 0.9689453125, 0.9673828125, 0.9669921875, 0.9685546875], "loss": [3.2328746560253676, 2.8525911041452914, 2.809306681910648, 2.731221214125428, 2.69841942606093, 2.6696205229698857, 2.651060167747208, 2.6444641940201383, 2.6095703915704656, 2.563547264171552, 2.5689257277718074, 2.553513185887397, 2.5485424090035353, 2.5272921187968196, 2.5257275828832313, 2.485329229620439, 2.506401747087889, 2.469039811363703, 2.475105907343611, 2.46044232875486, 2.455448177796376, 2.4338044245031814, 2.43962873688227, 2.431322112868104, 2.425568692291839, 2.408264519293097, 2.4132693266566796, 2.3934203974808317, 2.3992203941828087, 2.376715310012238, 2.386167885381964, 2.369186096553561, 2.3697000394893597, 2.370484527153305, 2.362288574629192, 2.3523386762112, 2.3434431251091294, 2.3343830078463013, 2.32654917089245, 2.3428801675386066, 2.3410355652434918, 2.336243421216554, 2.3461511768872225, 2.3402443233924575, 2.3120044122768353, 2.3052661841428734, 2.3055610113506075, 2.3040858703323557, 2.29624246947373, 2.3023311940929556, 2.2995146316818045, 2.2985698482658288, 2.289169586157497, 2.289408590220198, 2.288568246213696, 2.2781234662744065, 2.2738868073572087, 2.2757814322845844, 2.2745034483414663, 2.274058477788032, 2.273196851150899, 2.2722181459016437, 2.2705313223826735, 2.265852698796912, 2.268728772296181, 2.2630861077127578, 2.268719374379025, 2.262954775291153, 2.2628012276902982, 2.2647202739232704, 2.2609580981580515, 2.2609365620190585, 2.252928148342084, 2.2547054622746723, 2.2482696424556683, 2.2541699379305298, 2.2497270348705825, 2.2474496606030043, 2.2427214761323566, 2.2382811383356023, 2.2402727271937115, 2.241332042066357, 2.2386981173406673, 2.235409854333612, 2.237330705304689, 2.233360646646234, 2.231719086441813, 2.235606854474997, 2.2312954166267494, 2.2294445339637465, 2.2312576559525503, 2.22858481165729, 2.2284289643734314, 2.226772902887079, 2.2263507058348835, 2.2230328698701496, 2.2255925256994704, 2.2238405173337914, 2.21947753278515, 2.221985364262062, 2.2216571675071233, 2.2196041089069993, 2.2185493692567078, 2.221709827833538, 2.219153274463702, 2.218865038473395, 2.220205276827269, 2.2182106760483755, 2.2167589634279663, 2.21654522268078, 2.2169720704042457, 2.2177003637144836, 2.2155157553998728, 2.2181959001323843, 2.2164595308183115, 2.2182010185869436, 2.216115369072443, 2.2147472266909443, 2.2152056301696392, 2.21350944796695, 2.215422699723063, 2.2142493694643433, 2.2141665688043908, 2.2145781426490108, 2.2150477306752263, 2.214138193975521, 2.2151918199997915, 2.2135480114176302, 2.2142561387412156, 2.2147408467304857, 2.212762539899802, 2.212452351292477, 2.2124640217310265, 2.211351783969734, 2.213042032869556, 2.2118176297296452, 2.2127188308329524, 2.2139891461481023, 2.212320059160643, 2.211828687522985, 2.2132023829448073, 2.2124273777008057, 2.2117915093144283, 2.210683194896843, 2.214018169837662, 2.2146460164951374, 2.210217708273779, 2.213708026499688, 2.2144830830489535, 2.211110332344152]}, "valid": {"acc": [0.6140625, 0.703125, 0.66875, 0.665625, 0.7234375, 0.7078125, 0.734375, 0.73125, 0.753125, 0.75625, 0.759375, 0.7671875, 0.7671875, 0.7578125, 0.7625, 0.78125, 0.775, 0.7671875, 0.76875, 0.7515625, 0.759375, 0.76875, 0.771875, 0.7609375, 0.76875, 0.7765625, 0.7796875, 0.759375, 0.778125, 0.7546875, 0.778125, 0.7734375, 0.7796875, 0.7890625, 0.784375, 0.7671875, 0.7390625, 0.7796875, 0.7625, 0.7828125, 0.78125, 0.784375, 0.771875, 0.76875, 0.7921875, 0.7921875, 0.80625, 0.7875, 0.784375, 0.7859375, 0.7921875, 0.803125, 0.79375, 0.8140625, 0.7828125, 0.79375, 0.78125, 0.7859375, 0.784375, 0.7765625, 0.8015625, 0.771875, 0.8046875, 0.7984375, 0.8, 0.7765625, 0.784375, 0.7875, 0.790625, 0.7859375, 0.7921875, 0.7953125, 0.790625, 0.7796875, 0.7828125, 0.7765625, 0.778125, 0.778125, 0.7875, 0.775, 0.7859375, 0.7859375, 0.8015625, 0.8015625, 0.79375, 0.7921875, 0.7984375, 0.790625, 0.7953125, 0.803125, 0.8078125, 0.80625, 0.79375, 0.79375, 0.7953125, 0.803125, 0.8015625, 0.8, 0.8109375, 0.796875, 0.79375, 0.803125, 0.803125, 0.7890625, 0.7984375, 0.796875, 0.796875, 0.8, 0.8, 0.8078125, 0.803125, 0.8078125, 0.803125, 0.7984375, 0.8046875, 0.8015625, 0.8, 0.8046875, 0.80625, 0.809375, 0.80625, 0.803125, 0.80625, 0.8046875, 0.8171875, 0.8109375, 0.8046875, 0.8140625, 0.8140625, 0.8109375, 0.8109375, 0.80625, 0.8078125, 0.8125, 0.8109375, 0.8125, 0.8109375, 0.8140625, 0.809375, 0.8046875, 0.8109375, 0.809375, 0.8109375, 0.8109375, 0.809375, 0.8109375, 0.809375, 0.809375, 0.8078125, 0.809375],