{"train": {"acc": [0.5453125, 0.63984375, 0.677734375, 0.691796875, 0.70859375, 0.7111328125, 0.7384765625, 0.746875, 0.7640625, 0.747265625, 0.76328125, 0.7583984375, 0.776171875, 0.7875, 0.7517578125, 0.76484375, 0.7798828125, 0.7830078125, 0.7732421875, 0.7912109375, 0.7759765625, 0.79609375, 0.7962890625, 0.7998046875, 0.7875, 0.8015625, 0.8041015625, 0.8126953125, 0.8099609375, 0.810546875, 0.8013671875, 0.81171875, 0.813671875, 0.8146484375, 0.8169921875, 0.815625, 0.8234375, 0.803515625, 0.8068359375, 0.8177734375, 0.823046875, 0.8208984375, 0.8306640625, 0.8244140625, 0.8421875, 0.8341796875, 0.8322265625, 0.82890625, 0.8353515625, 0.8287109375, 0.8353515625, 0.840625, 0.8435546875, 0.8474609375, 0.8478515625, 0.85078125, 0.8599609375, 0.8595703125, 0.86171875, 0.856640625, 0.8625, 0.866015625, 0.87421875, 0.87265625, 0.8759765625, 0.8734375, 0.8806640625, 0.878515625, 0.8802734375, 0.8861328125, 0.88359375, 0.88046875, 0.880859375, 0.8912109375, 0.892578125, 0.8953125, 0.900390625, 0.893359375, 0.9025390625, 0.902734375, 0.908203125, 0.9087890625, 0.9123046875, 0.91171875, 0.915234375, 0.9150390625, 0.9171875, 0.91796875, 0.921875, 0.92109375, 0.92265625, 0.9220703125, 0.9283203125, 0.9265625, 0.9244140625, 0.927734375, 0.927734375, 0.9302734375, 0.9322265625, 0.9306640625, 0.93359375, 0.9341796875, 0.9337890625, 0.93515625, 0.9357421875, 0.934375, 0.935546875, 0.940234375, 0.93671875, 0.93984375, 0.9376953125, 0.9380859375, 0.940234375, 0.9412109375, 0.941796875, 0.9416015625, 0.941796875, 0.941796875, 0.9435546875, 0.9421875, 0.94140625, 0.94375, 0.9416015625, 0.9416015625, 0.9431640625, 0.9421875, 0.9431640625, 0.9443359375, 0.943359375, 0.944140625, 0.9443359375, 0.9443359375, 0.9443359375, 0.944921875, 0.9439453125, 0.9447265625, 0.9453125, 0.9447265625, 0.9447265625, 0.94609375, 0.9447265625, 0.945703125, 0.944921875, 0.944140625, 0.94609375, 0.9453125, 0.94453125, 0.944140625, 0.9447265625, 0.944140625], "loss": [2.5678731338887273, 2.390212149559697, 2.3312254495258573, 2.3082530709761606, 2.2790655878525747, 2.2795230859442603, 2.2318913061407546, 2.2145013537588, 2.1905731777601605, 2.214001669159418, 2.1919318603563913, 2.1970778748958923, 2.170619101463994, 2.1527346915836576, 2.2086850600906565, 2.1887530676926237, 2.1630375566361826, 2.1579343110700195, 2.174664829350725, 2.1460836597635775, 2.170701381526416, 2.137673379499701, 2.135912824280654, 2.130041422723215, 2.150292992591858, 2.1276942038837867, 2.1247935838337186, 2.1089968802053716, 2.1139048941527743, 2.1140731210950054, 2.1280984078781513, 2.110650242129459, 2.1089028633093534, 2.108809863464742, 2.1027632499042945, 2.1049570509150057, 2.0919409311270414, 2.1250019239473947, 2.1186606461488746, 2.0999459088603154, 2.090607412253754, 2.0949311316767827, 2.08019234560713, 2.0898696440684645, 2.0612463498417335, 2.075633094280581, 2.0764336374741568, 2.083083913296084, 2.0732249519493005, 2.0818773311904715, 2.0732223202910602, 2.064617040791089, 2.0592294765424124, 2.0522885277301453, 2.050588493105731, 2.0473433748076233, 2.030682747877097, 2.0327141541468947, 2.029427359375773, 2.0353312069856666, 2.0280791174007367, 2.0234454040285907, 2.0083080017113986, 2.0115993807587444, 2.005393675610989, 2.00939743126495, 1.9974909190890155, 2.0002835445766207, 1.997431854658489, 1.9879515774642365, 1.9916054357456257, 1.9971060677419734, 1.998041807850705, 1.9797500764267355, 1.977291594577741, 1.974234470838233, 1.9650528053694134, 1.9754979866969435, 1.9617484747609006, 1.9619594752034055, 1.9527636751343933, 1.9523669224751146, 1.9461129873613767, 1.946516328220126, 1.9411741298965262, 1.941242844243593, 1.9368650219108485, 1.9374092455151715, 1.9298798509790926, 1.9320735991755618, 1.9291394979138918, 1.9283450570287584, 1.9200611959529827, 1.9219144975082785, 1.926384553124633, 1.919672655153878, 1.9207254452041433, 1.9165609637393226, 1.9138174147545537, 1.9153965123092072, 1.9105765638472159, 1.909124943274486, 1.9105964883973328, 1.9069632684128195, 1.9069281575046009, 1.9091124594966067, 1.907072586349294, 1.9003644970398914, 1.9044692169261883, 1.9003739130647876, 1.9031887039353577, 1.9035448333885097, 1.9003286754028708, 1.8978543447542795, 1.8970294134526313, 1.8968876690804204, 1.8967215200013752, 1.8969529263580902, 1.8947441049768954, 1.8959896685201911, 1.8973931798452064, 1.8937575138067897, 1.8966717357876934, 1.8967965962011604, 1.8940399583381942, 1.895905150642878, 1.894241438636297, 1.892394790166541, 1.8939530743828303, 1.8929904231542274, 1.8927428148969818, 1.892308909681779, 1.8926025523415095, 1.8914238244672366, 1.8928457709807385, 1.8919257453725309, 1.891351121890394, 1.891452267200132, 1.8915908215921136, 1.8895671367645264, 1.8914419925665553, 1.8904747857323176, 1.891892221909535, 1.8925753001925312, 1.8904777569106863, 1.8906845276868796, 1.8926238455349886, 1.8928214236150813, 1.891474339026439, 1.89217324951027]}, "valid": {"acc": [0.58125, 0.5390625, 0.6578125, 0.6796875, 0.66875, 0.6828125, 0.6984375, 0.7140625, 0.734375, 0.715625, 0.759375, 0.75, 0.7671875, 0.74375, 0.765625, 0.74375, 0.775, 0.7890625, 0.76875, 0.7703125, 0.75625, 0.7640625, 0.784375, 0.7421875, 0.784375, 0.778125, 0.7796875, 0.7828125, 0.75, 0.7671875, 0.7828125, 0.7703125, 0.753125, 0.765625, 0.7734375, 0.7890625, 0.78125, 0.728125, 0.78125, 0.7875, 0.7890625, 0.7796875, 0.7765625, 0.7796875, 0.7734375, 0.7515625, 0.7703125, 0.7734375, 0.7671875, 0.778125, 0.7671875, 0.803125, 0.775, 0.7828125, 0.74375, 0.7953125, 0.7828125, 0.7875, 0.796875, 0.7859375, 0.778125, 0.809375, 0.79375, 0.7828125, 0.8015625, 0.803125, 0.79375, 0.7890625, 0.8015625, 0.80625, 0.809375, 0.7953125, 0.7953125, 0.80625, 0.8015625, 0.7875, 0.7875, 0.8046875, 0.784375, 0.7953125, 0.8, 0.8015625, 0.8015625, 0.8, 0.8078125, 0.8046875, 0.815625, 0.8, 0.803125, 0.7859375, 0.7890625, 0.803125, 0.80625, 0.8046875, 0.8046875, 0.796875, 0.7921875, 0.7921875, 0.803125, 0.8, 0.78125, 0.7921875, 0.790625, 0.8, 0.79375, 0.790625, 0.8109375, 0.8015625, 0.809375, 0.8, 0.79375, 0.7921875, 0.7890625, 0.79375, 0.7953125, 0.8015625, 0.8078125, 0.80625, 0.7921875, 0.7984375, 0.796875, 0.7984375, 0.7921875, 0.7984375, 0.803125, 0.7921875, 0.790625, 0.796875, 0.8046875, 0.796875, 0.7953125, 0.8, 0.796875, 0.7984375, 0.7984375, 0.796875, 0.8015625, 0.7984375, 0.7984375, 0.7953125, 0.8015625, 0.8015625, 0.7984375, 0.8015625, 0.8015625, 0.8, 0.803125, 0.8015625, 0.8, 0.8],