{"precision": 0.7651693914005128, "recall": 0.743834443364322, "f1-score": 0.7499126810206573, "auc": 0.23895978507262194}