{"precision": 0.7700720800382498, "recall": 0.777338034901182, "f1-score": 0.7684785498603546, "auc": 0.1933296952396944}