{"precision": 0.7871178584165246, "recall": 0.7765548714866833, "f1-score": 0.7794145785363024, "auc": 0.20650029384602464}