{"precision": 0.7145972156389049, "recall": 0.6799262576548242, "f1-score": 0.6875157753889906, "auc": 0.1322956049149338}