{"precision": 0.7697418467930991, "recall": 0.7736256477084973, "f1-score": 0.768255875037942, "auc": 0.1507833539737768}