{"precision": 0.6408967370262466, "recall": 0.6107194154232521, "f1-score": 0.6197216062285076, "auc": 0.2520172539593974}