{"precision": 0.6348976312264064, "recall": 0.5992327738614059, "f1-score": 0.6096134267330674, "auc": 0.19060903901455}