{"precision": 0.6769959594618278, "recall": 0.655560885514717, "f1-score": 0.6485082134009461, "auc": 0.22149161604843626}