{"precision": 0.5192266723305337, "recall": 0.5224003866037756, "f1-score": 0.5200053825471916, "auc": 0.17523864751538945}