{"train": {"acc": [0.3644663658306223, 0.36520096547381675, 0.36520096547381675, 0.36520096547381675, 0.36520096547381675, 0.36520096547381675, 0.36520096547381675, 0.36520096547381675, 0.36520096547381675, 0.36520096547381675, 0.36520096547381675, 0.36520096547381675, 0.36520096547381675, 0.36520096547381675, 0.36520096547381675, 0.36520096547381675, 0.36520096547381675, 0.36520096547381675, 0.36520096547381675, 0.36520096547381675, 0.36520096547381675, 0.36520096547381675, 0.36520096547381675, 0.36520096547381675, 0.36520096547381675, 0.36520096547381675, 0.36520096547381675, 0.36520096547381675, 0.36520096547381675, 0.36520096547381675, 0.36520096547381675, 0.36520096547381675, 0.36520096547381675, 0.36520096547381675, 0.36520096547381675, 0.36520096547381675, 0.36520096547381675, 0.36520096547381675, 0.36520096547381675, 0.36520096547381675, 0.36520096547381675, 0.36520096547381675, 0.36520096547381675, 0.36520096547381675, 0.36520096547381675, 0.36520096547381675, 0.36520096547381675, 0.36520096547381675, 0.36520096547381675, 0.36520096547381675, 0.36520096547381675, 0.36520096547381675, 0.36520096547381675, 0.36520096547381675, 0.36520096547381675, 0.36520096547381675, 0.36520096547381675, 0.36520096547381675, 0.36520096547381675, 0.36520096547381675, 0.36520096547381675, 0.36520096547381675, 0.36520096547381675, 0.36520096547381675, 0.36520096547381675, 0.36520096547381675, 0.36520096547381675, 0.36520096547381675, 0.36520096547381675, 0.36520096547381675, 0.36520096547381675, 0.36520096547381675, 0.36520096547381675, 0.36520096547381675, 0.36520096547381675, 0.36520096547381675, 0.36520096547381675, 0.36520096547381675, 0.36520096547381675, 0.36520096547381675, 0.36520096547381675, 0.36520096547381675, 0.36520096547381675, 0.36520096547381675, 0.36520096547381675, 0.36520096547381675, 0.36520096547381675, 0.36520096547381675, 0.36520096547381675, 0.36520096547381675, 0.36520096547381675, 0.36520096547381675, 0.36520096547381675, 0.36520096547381675, 0.36520096547381675, 0.36520096547381675, 0.36520096547381675, 0.36520096547381675, 0.36520096547381675, 0.36520096547381675], "loss": [2.1857831777643497, 2.180866857770108, 2.1804017480134363, 2.1800491306883862, 2.1797927747145107, 2.179734160677912, 2.179163924392585, 2.1795712129895572, 2.1789972364752357, 2.1790025782975504, 2.178966000938896, 2.17895926921734, 2.1794600413187926, 2.179450741642969, 2.179445871778339, 2.1794373360028496, 2.1789043233436662, 2.1794243203452615, 2.1788947924558704, 2.179420063192358, 2.1794158429733153, 2.1794140124200876, 2.1788868174444818, 2.1794111500458992, 2.1788840049910605, 2.178883077440694, 2.178882520880447, 2.1794063398609835, 2.1794055569682373, 2.1788799645618466, 2.1794040136283233, 2.17887883500128, 2.178878570458751, 2.1788783328659287, 2.179402947050498, 2.1794027692875275, 2.178878041148486, 2.178878008943961, 2.179402636941194, 2.1788778645866165, 2.179402739109861, 2.178877941382021, 2.179402716739352, 2.1794026147208228, 2.1788778151913313, 2.1794026054873576, 2.179402629734587, 2.179402654507298, 2.1794026017339165, 2.1794024179654397, 2.178877693054358, 2.179402466835243, 2.1794024636072837, 2.179402465934417, 2.1794024640576968, 2.1788776953814915, 2.1788777052905757, 2.179402467210587, 2.179402464132765, 2.1794024669853806, 2.179402460229187, 2.1794024771196714, 2.179402479521874, 2.179402489205752, 2.1788777185777572, 2.178877716175555, 2.179402483350384, 2.179402488304926, 2.1794024847016225, 2.1788777164007613, 2.179402488304926, 2.1788777037891993, 2.179402466760174, 2.1794024665349676, 2.179402469462652, 2.17887769673273, 2.1794024644330405, 2.1794024695377208, 2.179402465709211, 2.1794024683366193, 2.1794024660094857, 2.1794024686368947, 2.1794024631568707, 2.1788776977086246, 2.1788776965825924, 2.1788776977086246, 2.179402463382077, 2.1794024643579717, 2.1794024603042557, 2.1788776917781876, 2.1794024703634776, 2.179402461730563, 2.17940245429875, 2.179402465634142, 2.1794024627064577, 2.1788776890006414, 2.1794024598538426, 2.178877676614286, 2.1788776589731125, 2.178877652517194]}, "valid": {"acc": [0.38526912181303113, 0.38526912181303113, 0.38526912181303113, 0.38526912181303113, 0.38526912181303113, 0.38526912181303113, 0.38526912181303113, 0.38526912181303113, 0.38526912181303113, 0.38526912181303113, 0.38526912181303113, 0.38526912181303113, 0.38526912181303113, 0.38526912181303113, 0.38526912181303113, 0.38526912181303113, 0.38526912181303113, 0.38526912181303113, 0.38526912181303113, 0.38526912181303113, 0.38526912181303113, 0.38526912181303113, 0.38526912181303113, 0.38526912181303113, 0.38526912181303113, 0.38526912181303113, 0.38526912181303113, 0.38526912181303113, 0.38526912181303113, 0.38526912181303113, 0.38526912181303113, 0.38526912181303113, 0.38526912181303113, 0.38526912181303113, 0.38526912181303113, 0.38526912181303113, 0.38526912181303113, 0.38526912181303113, 0.38526912181303113, 0.38526912181303113, 0.38526912181303113, 0.38526912181303113, 0.38526912181303113, 0.38526912181303113, 0.38526912181303113, 0.38526912181303113, 0.38526912181303113, 0.38526912181303113, 0.38526912181303113, 0.38526912181303113, 0.38526912181303113, 0.38526912181303113, 0.38526912181303113, 0.38526912181303113, 0.38526912181303113, 0.38526912181303113, 0.38526912181303113, 0.38526912181303113, 0.38526912181303113, 0.38526912181303113, 0.38526912181303113, 0.38526912181303113, 0.38526912181303113, 0.38526912181303113, 0.38526912181303113, 0.38526912181303113, 0.38526912181303113, 0.38526912181303113, 0.38526912181303113, 0.38526912181303113, 0.38526912181303113, 0.38526912181303113, 0.38526912181303113, 0.38526912181303113, 0.38526912181303113, 0.38526912181303113, 0.38526912181303113, 0.38526912181303113, 0.38526912181303113, 0.38526912181303113, 0.38526912181303113, 0.38526912181303113, 0.38526912181303113, 0.38526912181303113, 0.38526912181303113, 0.38526912181303113, 0.38526912181303113, 0.38526912181303113, 0.38526912181303113, 0.38526912181303113, 0.38526912181303113, 0.38526912181303113, 0.38526912181303113, 0.38526912181303113, 0.38526912181303113, 0.38526912181303113, 0.38526912181303113, 0.38526912181303113, 0.38526912181303113, 0.38526912181303113],