{"precision": 0.747419812650743, "recall": 0.7352462266427857, "f1-score": 0.7384337496649429, "auc": 0.1949244166617523}