{"train": {"acc": [0.8011333823066429, 0.8891803966838073, 0.9136320705215657, 0.928009234966943, 0.9417567425752965, 0.9466890544653164, 0.9586525343687691, 0.9679924441179557, 0.9742890124881939, 0.9710357854969042, 0.9765977542239479, 0.9737642984573408, 0.9865673208101584, 0.9764928114177773, 0.9878266344842062, 0.9864623780039878, 0.9815300661139679, 0.988141462902718, 0.9820547801448211, 0.9847832931052576, 0.9876167488718648, 0.9895057193829363, 0.9888760625459124, 0.9900304334137895, 0.9879315772903767, 0.9871969776471823, 0.9911848042816664, 0.9944380312729563, 0.9916045755063491, 0.9925490607618848, 0.9914996327001784, 0.9933886032112499, 0.9928638891803967, 0.9920243467310316, 0.9938083744359324, 0.995382516528492, 0.9909749186693252, 0.9903452618323014, 0.9939133172421031, 0.9960121733655158, 0.9949627453038095, 0.9926540035680554, 0.9899254906076188, 0.9980060866827579, 0.9984258579074404, 0.9986357435197817, 0.9987406863259524, 0.9971665442333928, 0.9901353762199602, 0.9943330884667856, 0.9971665442333928, 0.9956973449470039, 0.9977962010704167, 0.9975863154580753, 0.9996851715814881, 0.9998950571938293, 0.9997901143876587, 1.0, 1.0, 1.0, 1.0, 0.998845629132123, 0.9775422394794837, 0.9937034316297618, 0.998845629132123, 0.9993703431629761, 0.9994752859691468, 0.9998950571938293, 1.0, 1.0, 1.0, 1.0, 1.0, 1.0, 1.0, 1.0, 1.0, 1.0, 1.0, 1.0, 1.0, 1.0, 1.0, 1.0, 1.0, 1.0, 1.0, 1.0, 1.0, 1.0, 1.0, 1.0, 1.0, 1.0, 1.0, 1.0, 1.0, 1.0, 1.0, 1.0, 1.0, 1.0, 1.0, 1.0, 1.0, 1.0, 1.0, 1.0, 1.0, 1.0, 1.0, 1.0, 1.0, 1.0, 1.0, 1.0, 1.0, 1.0, 1.0, 1.0, 1.0, 1.0, 1.0, 1.0, 1.0, 1.0, 1.0, 1.0, 1.0, 1.0, 1.0, 1.0, 1.0, 1.0, 1.0, 1.0, 1.0, 1.0, 1.0, 1.0, 1.0, 1.0, 1.0, 1.0, 1.0, 1.0, 1.0, 1.0, 1.0, 1.0], "loss": [0.8777832090854645, 0.3841813973881103, 0.2975277789943927, 0.24179679512776234, 0.18909880609528437, 0.16890040281656626, 0.13652809837682023, 0.10676943740455082, 0.08825058167221377, 0.08355294387296748, 0.07719447739529298, 0.08590957305922702, 0.047199602745397876, 0.0760786615098147, 0.04203497918442244, 0.03815749643930561, 0.06003690155134914, 0.03760766078060417, 0.05527744953979965, 0.05050299600996958, 0.036940087024688824, 0.03415736397673263, 0.03649703530213997, 0.03394754096469212, 0.03771909961722338, 0.04346048070677883, 0.029076083761488868, 0.016385464925504592, 0.02635655017542917, 0.02462127671547146, 0.03002113262423459, 0.0222239484949544, 0.02639902019900792, 0.024838477233110147, 0.02114669932681765, 0.01957427925849884, 0.029184223828574555, 0.03288525632445738, 0.021193769411773835, 0.013271814065209017, 0.01686764838430807, 0.02364651599861178, 0.02716372681253061, 0.008772487530616156, 0.008288287844717726, 0.004410262793744796, 0.006509444299894853, 0.010346878469135845, 0.03192592335580156, 0.01735693163209362, 0.011312208783115115, 0.017002310576719686, 0.007301899238980794, 0.006967200730274714, 0.001768912491496775, 0.000296376062419153, 0.0009531533972811893, 0.00022004178369287901, 0.00020426253984845284, 0.00015304592841710327, 8.573387985562304e-05, 0.00498607061871825, 0.08208243021894109, 0.024086436667562952, 0.004985716609946787, 0.0023256446175838465, 0.0019556893397551707, 0.0004185399999015145, 0.00012009816318085713, 0.00011715217116998984, 8.784573420702932e-05, 4.368168360290813e-05, 4.6543888214654473e-05, 4.9203765785465736e-05, 4.9059527622670725e-05, 4.057149990054264e-05, 6.747493422242744e-05, 1.9301375218105932e-05, 2.9478412304075465e-05, 2.1795383669252653e-05, 1.6835873104333905e-05, 1.6108411190731277e-05, 1.1180540065661384e-05, 1.6891481144020382e-05, 1.1276388854171089e-05, 1.3788796529468073e-05, 1.1091495448600174e-05, 8.925245209423804e-06, 1.0537486573980459e-05, 1.0210462653388558e-05, 9.27456956169116e-06, 7.4220628554342425e-06, 6.1929802247836834e-06, 6.65207347050934e-06, 5.537006825172462e-06, 7.280595326523712e-06, 4.738021915035479e-06, 9.066294961194125e-06, 4.891018090763983e-06, 3.5945818217230895e-06, 3.2650796477569017e-06, 3.6309956801501527e-06, 3.947657866856727e-06, 4.250618501070116e-06, 4.285980104733376e-06, 6.4436512520224e-06, 4.246159581830275e-06, 2.4437201839986443e-06, 4.526582341245988e-06, 5.323475975017679e-06, 2.304434271273116e-06, 2.433751982623201e-06, 2.9288844154909326e-06, 3.268265610001675e-06, 4.058774478000227e-06, 1.7026748173789755e-06, 2.2940390617991228e-06, 4.759134598984936e-06, 1.2341225638300635e-06, 1.9324341434902116e-06, 3.7578192156794053e-06, 2.706881471654894e-06, 1.5134676255789337e-06, 2.1308433535607477e-06, 1.19621024936507e-06, 1.494609822086004e-06, 2.426218319608455e-06, 1.2868316519032419e-06, 2.380335107279788e-06, 1.0446502111877894e-06, 1.3012909216487319e-06, 2.7763647179466644e-06, 2.9363828244717524e-06, 1.3390211403758375e-06, 1.0521802623121692e-05, 3.237137863555185e-06, 2.9204048889565462e-06, 4.3995388626379705e-06, 2.682753857718089e-06, 1.3613045078933986e-06, 1.1936645532607027e-06, 1.4391514800051922e-06, 1.5969719453381316e-06, 1.8274468350877406e-06, 3.7177810953527404e-06, 1.7980734585278515e-06, 7.301171258250922e-06, 8.605698282750808e-07, 8.232092899363787e-07, 1.4030228878031853e-06]},