{"train": {"acc": [0.41483891279252805, 0.36908384930213034, 0.36194773848252704, 0.3595340539406024, 0.3616329100640151, 0.3650960226676461, 0.36488613705530487, 0.36467625144296356, 0.36425648021828105, 0.3601637107776262, 0.36520096547381675, 0.3650960226676461, 0.3671948787910589, 0.3669849931787176, 0.36792947843425333, 0.36740476440340014, 0.3866092979326267, 0.38587469828943227, 0.38786861160667435, 0.39343058033371814, 0.39290586630286495, 0.3953195508447896, 0.3920663238534998, 0.39269598069052364], "loss": [2.2975845063054883, 2.439021973996549, 2.426213855678971, 2.4320676439517253, 2.4629792087786906, 2.421110274018468, 2.40148344394323, 2.3984355515724904, 2.4022703428526184, 2.3934634295669763, 2.374263845585488, 2.367153501188433, 2.3728357376279057, 2.3664488244701074, 2.3635105982020095, 2.3577363813245618, 2.335406719832807, 2.331246419532879, 2.3255424765316217, 2.319867809076567, 2.3114207411134564, 2.3109305968155733, 2.3111207493253656, 2.3136422875765206]}, "valid": {"acc": [0.45609065155807366, 0.380547686496695, 0.38243626062322944, 0.3814919735599622, 0.3843248347497639, 0.38526912181303113, 0.3871576959395656, 0.38243626062322944, 0.3843248347497639, 0.38243626062322944, 0.37393767705382436, 0.36827195467422097, 0.3814919735599622, 0.36732766761095376, 0.38526912181303113, 0.3871576959395656, 0.3871576959395656, 0.3862134088762984, 0.39565627950897075, 0.4098205854579792, 0.39565627950897075, 0.39848914069877245, 0.3937677053824363, 0.39943342776203966], "loss": [1.5345210149630708, 1.7642068179546098, 1.733851534207061, 1.7268195802412771, 1.7333288098102706, 1.7198509229153451, 1.7127978013007987, 1.7202971411449923, 1.7137634798687211, 1.7064803162121367, 1.702540264801177, 1.697630512015806, 1.7108925681821792, 1.6979785278749375, 1.6968109389671981, 1.6807667127967105, 1.6785628037326503, 1.676603564636919, 1.6736076772212982, 1.6569251724587497, 1.6671942207673547, 1.6652188047006136, 1.6676130354517125, 1.6646815309677774]}}