{"precision": 0.7659062723589156, "recall": 0.7480063989885865, "f1-score": 0.7537226927496096, "auc": 0.17358612962198505}