{"precision": 0.6981932585550823, "recall": 0.6802933925516446, "f1-score": 0.6828914720796374, "auc": 0.2994742438563327}