{"precision": 0.7880103852221121, "recall": 0.7522172543276074, "f1-score": 0.7597262488389931, "auc": 0.19150365208630676}