{"precision": 0.7864866116508679, "recall": 0.7746523796456866, "f1-score": 0.7777811553127797, "auc": 0.18281420535639326}