{"precision": 0.7608361655610221, "recall": 0.7596471380306021, "f1-score": 0.7596571009038744, "auc": 0.2705272437242885}