{"precision": 0.777851661977574, "recall": 0.7723950590891167, "f1-score": 0.7733332334223936, "auc": 0.24897153891360926}