{"precision": 0.7944169632206868, "recall": 0.7784453127478961, "f1-score": 0.7842448722354322, "auc": 0.2200591889849719}