{"precision": 0.7806620276496576, "recall": 0.7657562336424246, "f1-score": 0.7705653113135651, "auc": 0.24566577113592478}