{"precision": 0.7620525347096625, "recall": 0.7379307827699867, "f1-score": 0.7460822060188101, "auc": 0.2168688607169843}