{"precision": 0.7683365910398892, "recall": 0.7610454250966338, "f1-score": 0.762746803167743, "auc": 0.23193896398287298}