{"precision": 0.7468075934556404, "recall": 0.7491402027342903, "f1-score": 0.7460831243942976, "auc": 0.29786541852069515}