{"precision": 0.7663994563409634, "recall": 0.7575009499169487, "f1-score": 0.7604523329639576, "auc": 0.1992800772395265}