{"precision": 0.753357253644737, "recall": 0.7679595150575459, "f1-score": 0.759491539418818, "auc": 0.29877844009738896}