{"precision": 0.7754817896999533, "recall": 0.7669914378831686, "f1-score": 0.7687215497851131, "auc": 0.23126731592645455}