{"precision": 0.7845706332911542, "recall": 0.7643118834080541, "f1-score": 0.7718645183615326, "auc": 0.2341533036688775}