{"precision": 0.7571539528063089, "recall": 0.7572567455585539, "f1-score": 0.7564527725027996, "auc": 0.2464948367055663}