{"precision": 0.7833428169511946, "recall": 0.7775324892302267, "f1-score": 0.7772800545745258, "auc": 0.18002266812190415}