{"precision": 0.7816329630588875, "recall": 0.7682197844283825, "f1-score": 0.7725325045995279, "auc": 0.19176601460834522}