{"precision": 0.7808799489719289, "recall": 0.7820946236974777, "f1-score": 0.7802671153069409, "auc": 0.23516077575350516}