{"precision": 0.7486282631481962, "recall": 0.7329444404357879, "f1-score": 0.7382350859560799, "auc": 0.22338594576441947}