{"precision": 0.7898417564677367, "recall": 0.7706547565323945, "f1-score": 0.7742580225967667, "auc": 0.20079128536646795}