{"precision": 0.7609744376700438, "recall": 0.7670850739532304, "f1-score": 0.7602166692007075, "auc": 0.3079926118713794}