{"precision": 0.7620110508392173, "recall": 0.7608221151953978, "f1-score": 0.7575883750644026, "auc": 0.24092225673746956}