{"precision": 0.7745607155235402, "recall": 0.7701011414217513, "f1-score": 0.7693316703290572, "auc": 0.24524599110066325}