{"precision": 0.772629896624088, "recall": 0.7835588304198489, "f1-score": 0.7719885935890026, "auc": 0.2528020317353707}