{"precision": 0.7689804648568497, "recall": 0.7759495217485397, "f1-score": 0.7701441660647865, "auc": 0.2679980690118378}