{"precision": 0.7890778622406908, "recall": 0.7853839066280979, "f1-score": 0.7832825439101072, "auc": 0.24034505918898494}