{"precision": 0.7646425945872861, "recall": 0.7528637586110248, "f1-score": 0.7557775118843405, "auc": 0.21368902694987824}