{"precision": 0.7797330954149704, "recall": 0.7752403049648131, "f1-score": 0.7765100430780022, "auc": 0.21977583746117035}