{"precision": 0.788696080728895, "recall": 0.7814828602027606, "f1-score": 0.7837918758398118, "auc": 0.22747880110821933}