{"precision": 0.768104719713527, "recall": 0.7491671918376012, "f1-score": 0.7555596334915279, "auc": 0.28293174376626645}