{"precision": 0.7719875921137709, "recall": 0.7612641326962978, "f1-score": 0.764067418565736, "auc": 0.19743304508437579}