{"precision": 0.774061387341407, "recall": 0.7573659097336751, "f1-score": 0.763672421378718, "auc": 0.26884812358324234}