{"precision": 0.7755145815664961, "recall": 0.7855170280105461, "f1-score": 0.7785868921065107, "auc": 0.19192343212156832}