{"precision": 0.8024378670530448, "recall": 0.7973219229174817, "f1-score": 0.7986557990496641, "auc": 0.1821740408026194}