{"precision": 0.7725971292754317, "recall": 0.751955402117193, "f1-score": 0.7592904884427634, "auc": 0.17716816388212578}