{"precision": 0.7642598375444473, "recall": 0.7626920335707417, "f1-score": 0.7619038424403519, "auc": 0.21844303584921504}