{"precision": 0.7596334633733728, "recall": 0.7596776544237973, "f1-score": 0.7587703310177388, "auc": 0.240345059188985}