{"precision": 0.7568227598216172, "recall": 0.7578986217126532, "f1-score": 0.7547240242936485, "auc": 0.23085803039207453}