{"precision": 0.7823929339767576, "recall": 0.7667963045583259, "f1-score": 0.7718260839271188, "auc": 0.28554487448576943}