{"precision": 0.7575082233501104, "recall": 0.7452601131159174, "f1-score": 0.7483026309683055, "auc": 0.27978339350180503}