{"precision": 0.7704496278975486, "recall": 0.7483532506025663, "f1-score": 0.7552675562422548, "auc": 0.30162244983628583}