{"precision": 0.7465446825179554, "recall": 0.7441123728158449, "f1-score": 0.7436595873415514, "auc": 0.25262362522038456}