{"precision": 0.7481912595551634, "recall": 0.7447008404030399, "f1-score": 0.74542297279792, "auc": 0.2110863907312568}