{"precision": 0.7610472317058318, "recall": 0.7698994725279816, "f1-score": 0.7638826792188106, "auc": 0.2551632944337167}