{"precision": 0.7474435309978831, "recall": 0.7445940990621343, "f1-score": 0.7451606749265416, "auc": 0.2720489463521115}