{"precision": 0.798928499781962, "recall": 0.7728801387038237, "f1-score": 0.7814205016327154, "auc": 0.2348144572244144}