{"precision": 0.791631284089853, "recall": 0.7609334777482992, "f1-score": 0.7717092733050979, "auc": 0.2423914868608849}