{"precision": 0.7639859622209799, "recall": 0.7582539322946715, "f1-score": 0.7588270158132308, "auc": 0.24473176055746784}