{"precision": 0.7720918737749651, "recall": 0.7656433459998746, "f1-score": 0.7669322407906614, "auc": 0.2456132986315171}