{"precision": 0.8113726808448012, "recall": 0.7899603015478278, "f1-score": 0.7986092560268745, "auc": 0.22190622114012257}