{"precision": 0.7439490019548484, "recall": 0.7442918267124445, "f1-score": 0.7432412383121108, "auc": 0.2701494416925531}