{"precision": 0.7788878429742084, "recall": 0.7690378671131326, "f1-score": 0.772890158893182, "auc": 0.18857568634035768}