{"precision": 0.7751995697770988, "recall": 0.7554911667044886, "f1-score": 0.7631093529160615, "auc": 0.24067038871631266}