{"precision": 0.7497045180714381, "recall": 0.7505813795540731, "f1-score": 0.7483788661476969, "auc": 0.2511858785996138}