{"precision": 0.7962322568812508, "recall": 0.7871403288689356, "f1-score": 0.788713321583923, "auc": 0.19207035513390983}