{"precision": 0.7767517676751852, "recall": 0.7712834791010368, "f1-score": 0.7694376896157108, "auc": 0.26017966585509195}