{"precision": 0.7807067434113084, "recall": 0.7842458721043603, "f1-score": 0.7809006476868825, "auc": 0.22251490219125178}