{"precision": 0.7707299230199878, "recall": 0.7689841474115778, "f1-score": 0.7671837561057566, "auc": 0.30556838216774407}