{"precision": 0.7550932992939084, "recall": 0.7448142894373634, "f1-score": 0.7485024725001576, "auc": 0.25284400973889687}