{"precision": 0.7738309006364363, "recall": 0.759555397491405, "f1-score": 0.7638223973518334, "auc": 0.21389891696750907}