{"precision": 0.7030927765541776, "recall": 0.6621037586768337, "f1-score": 0.6747671144536124, "auc": 0.1951936133352062}