{"train": {"acc": [0.4136953955135773, 0.35277449822904366, 0.34144037780401415, 0.3781582054309327, 0.3948051948051948, 0.38051948051948054, 0.3971664698937426, 0.40094451003541914, 0.40212514757969303, 0.3971664698937426, 0.3942148760330578, 0.38902007083825263, 0.382172373081464, 0.3817001180637544, 0.38406139315230226, 0.3729634002361275, 0.3832349468713105, 0.384297520661157, 0.3867768595041322, 0.38913813459268004, 0.38831168831168833, 0.3855962219598583, 0.3919716646989374, 0.39185360094451005], "loss": [1.6425996774976903, 1.7803983679323485, 1.793822318315506, 1.688348650932312, 1.6628626187642415, 1.687982617002545, 1.6539748645190038, 1.6378082091158086, 1.6387223574248226, 1.6413202339952642, 1.6388197938601177, 1.6558799626249256, 1.6666698690616724, 1.6615736945108934, 1.6699814055905198, 1.675647825905771, 1.671704116192731, 1.663633080142917, 1.6635273117007632, 1.6620908081531525, 1.653476455897996, 1.6577557704665444, 1.6537728797305713, 1.6542460024356842]}, "valid": {"acc": [0.36827195467422097, 0.3597733711048159, 0.38526912181303113, 0.39943342776203966, 0.40321057601510857, 0.3881019830028329, 0.3814919735599622, 0.4466477809254013, 0.4202077431539188, 0.41359773371104813, 0.3881019830028329, 0.3833805476864967, 0.3843248347497639, 0.40132200188857414, 0.392823418319169, 0.3663833805476865, 0.3833805476864967, 0.4098205854579792, 0.41076487252124644, 0.39848914069877245, 0.40415486307837584, 0.40226628895184136, 0.4192634560906516, 0.4230406043437205], "loss": [1.7318595343028214, 1.7475725120542631, 1.6640137523581715, 1.619391849394782, 1.6130596725499022, 1.637391218672628, 1.6136662213022632, 1.5878931460285908, 1.6044896266410842, 1.614346192948985, 1.6252348686098377, 1.656202391832222, 1.6316725705769652, 1.631943954411887, 1.6501413151086617, 1.6474052058050448, 1.6361810487249624, 1.6272412728947818, 1.6212496496384896, 1.621016596970351, 1.6191547186816346, 1.61628024420914, 1.6208785619086714, 1.6202327264842555]}}