{"precision": 0.6998397472096818, "recall": 0.6582542266834968, "f1-score": 0.6705763539968529, "auc": 0.21223720560003745}