{"train": {"acc": [0.5431640625, 0.6138671875, 0.6466796875, 0.6650390625, 0.715234375, 0.7255859375, 0.7458984375, 0.734375, 0.7478515625, 0.75390625, 0.7625, 0.7630859375, 0.758203125, 0.758984375, 0.7677734375, 0.7736328125, 0.7767578125, 0.7765625, 0.7947265625, 0.78671875, 0.7955078125, 0.7962890625, 0.7892578125, 0.7978515625, 0.791015625, 0.7927734375, 0.7990234375, 0.793359375, 0.7931640625, 0.807421875, 0.7939453125, 0.799609375, 0.7912109375, 0.81796875, 0.8201171875, 0.8060546875, 0.8158203125, 0.8251953125, 0.821875, 0.8224609375, 0.807421875, 0.8263671875, 0.8279296875, 0.8306640625, 0.8361328125, 0.8365234375, 0.8431640625, 0.8419921875, 0.8447265625, 0.8513671875, 0.858203125, 0.86171875, 0.8548828125, 0.8654296875, 0.869921875, 0.866015625, 0.871875, 0.8685546875, 0.869921875, 0.8728515625, 0.8671875, 0.8697265625, 0.865625, 0.8828125, 0.8794921875, 0.8859375, 0.88828125, 0.8927734375, 0.89140625, 0.887890625, 0.895703125, 0.90078125, 0.9056640625, 0.9060546875, 0.9080078125, 0.9083984375, 0.9078125, 0.9091796875, 0.9154296875, 0.912890625, 0.9099609375, 0.9107421875, 0.9173828125, 0.9181640625, 0.9220703125, 0.92265625, 0.9240234375, 0.9244140625, 0.9244140625, 0.925, 0.928125, 0.928125, 0.931640625, 0.9330078125, 0.9296875, 0.93203125, 0.933203125, 0.9296875, 0.933984375, 0.9279296875, 0.93515625, 0.9384765625, 0.9376953125, 0.9357421875, 0.9392578125, 0.93828125, 0.9408203125, 0.9416015625, 0.940234375, 0.941015625, 0.94375, 0.94296875, 0.9453125, 0.9435546875, 0.94375, 0.9443359375, 0.9431640625, 0.944140625, 0.94375, 0.9455078125, 0.9431640625, 0.944140625, 0.9458984375, 0.945703125, 0.9451171875, 0.9458984375, 0.9447265625, 0.94453125, 0.945703125, 0.946875, 0.9458984375, 0.9466796875, 0.944921875, 0.94765625, 0.9466796875, 0.9466796875, 0.9478515625, 0.9462890625, 0.946875, 0.946875, 0.9466796875, 0.9466796875, 0.9462890625, 0.9470703125, 0.94765625, 0.9474609375, 0.947265625, 0.9478515625, 0.9482421875, 0.9478515625], "loss": [2.5723370389093327, 2.436376058602635, 2.3803339457210106, 2.3508290248581125, 2.270280352121667, 2.249502895753595, 2.2192136833939373, 2.2371965601474426, 2.2156113718129413, 2.2086103686803504, 2.191677506965927, 2.1938043636611746, 2.198272788071934, 2.1962108762958383, 2.183233137372174, 2.173137124580673, 2.168994539900671, 2.168970002403742, 2.140422419656681, 2.150629906714717, 2.1379995014094098, 2.1370153034789654, 2.1469483269920833, 2.1330703904357136, 2.145024797584437, 2.1412932133372826, 2.1330460672137104, 2.1426887361309195, 2.1400346967238413, 2.117937027653561, 2.1400035604645935, 2.129066245465339, 2.1440063307556927, 2.100946799109254, 2.0984386100044734, 2.1203706475752817, 2.105580006973653, 2.0877351006375084, 2.092397837699214, 2.092928367325022, 2.118935102148901, 2.0839455354062815, 2.0847494572023804, 2.078881029841266, 2.071424052685122, 2.069214995903305, 2.060598414155501, 2.0602946854844877, 2.0567739009857178, 2.0444878113420706, 2.0335167993473102, 2.028415403788603, 2.0393702395354647, 2.024597336974325, 2.015483038334907, 2.022321213649798, 2.0135020077983037, 2.018342153935493, 2.0130455554286137, 2.009885483150241, 2.017736806145197, 2.01603870301307, 2.02180507665948, 1.9947715348835233, 1.999441843998583, 1.9893049726003333, 1.984964197195029, 1.9761506515213205, 1.9801287107829806, 1.9852076044565514, 1.9733883217920232, 1.9652297919309591, 1.9567758327798, 1.9558621660063538, 1.952895319914516, 1.9520256126983255, 1.953018094919905, 1.950018351591086, 1.9397425817537912, 1.9448958393893665, 1.9480176801922955, 1.948238336587254, 1.9375768085069294, 1.9360295624672612, 1.930520907233033, 1.9273318127740788, 1.9258924360516705, 1.9269500985930237, 1.9255050269863274, 1.9244824195209937, 1.9190218358100215, 1.9189863250225405, 1.913614627681201, 1.9119528577297549, 1.9164936240715316, 1.913801683655268, 1.9106079913392853, 1.9165782053259355, 1.9098801643033572, 1.917833240726326, 1.9078621155099025, 1.9021300122707705, 1.9024898417388336, 1.9065168235875383, 1.9015787839889526, 1.902366271501855, 1.8984954643853102, 1.8969355082210106, 1.899029635175874, 1.8977260016187836, 1.8940919713128972, 1.8942162296440028, 1.8914475833313376, 1.8935050783278067, 1.8938696535327766, 1.8920697683020482, 1.89363693285592, 1.892581598668159, 1.8929391405250453, 1.891011192828794, 1.8936507656604429, 1.8928257558919206, 1.8898504610303082, 1.889945915982693, 1.8908648853060566, 1.8901315716248523, 1.8917259762558756, 1.8921740221071848, 1.890071793447567, 1.8881917814665203, 1.8898674762701686, 1.8885699601113042, 1.8910708095453963, 1.8877259115629559, 1.8895850045771538, 1.8882935605471647, 1.8871604717230495, 1.8893429176716865, 1.8884126430825343, 1.8881906618045856, 1.88853445234178, 1.8884160201760787, 1.8891761197319514, 1.887863429286812, 1.887182554112205, 1.8875163838833193, 1.8873226054107086, 1.8863027186333379, 1.8861941868745828, 1.887467868720429]}, "valid": {"acc": [0.6265625, 0.4609375, 0.590625, 0.678125, 0.7125, 0.7234375, 0.7578125, 0.7578125, 0.76875, 0.7359375, 0.7234375, 0.671875, 0.76875, 0.7578125, 0.74375, 0.7328125, 0.753125, 0.7484375, 0.7703125, 0.771875, 0.765625, 0.7890625, 0.7859375, 0.746875, 0.7609375, 0.784375, 0.7828125, 0.721875, 0.7703125, 0.7953125, 0.78125, 0.7578125, 0.7859375, 0.7921875, 0.771875, 0.8109375, 0.7640625, 0.7796875, 0.790625, 0.7921875, 0.75625, 0.790625, 0.8, 0.7859375, 0.815625, 0.78125, 0.7859375, 0.80625, 0.7734375, 0.7984375, 0.7921875, 0.815625, 0.7921875, 0.803125, 0.790625, 0.8, 0.7890625, 0.7921875, 0.79375, 0.8078125, 0.8125, 0.76875, 0.8046875, 0.7984375, 0.81875, 0.790625, 0.7859375, 0.8046875, 0.78125, 0.825, 0.809375, 0.8125, 0.7921875, 0.7984375, 0.815625, 0.8109375, 0.8109375, 0.796875, 0.8, 0.7890625, 0.7828125, 0.79375, 0.7859375, 0.7890625, 0.8078125, 0.8, 0.7921875, 0.8203125, 0.8109375, 0.8125, 0.8046875, 0.809375, 0.803125, 0.8015625, 0.8015625, 0.79375, 0.7984375, 0.80625, 0.8140625, 0.8125, 0.7953125, 0.8046875, 0.8078125, 0.8078125, 0.8, 0.803125, 0.80625, 0.80625, 0.8015625, 0.80625, 0.815625, 0.8140625, 0.8140625, 0.8125, 0.81875, 0.8109375, 0.8078125, 0.7921875, 0.8015625, 0.7984375, 0.8078125, 0.8125, 0.809375, 0.7984375, 0.80625, 0.809375, 0.7984375, 0.80625, 0.803125, 0.8046875, 0.8, 0.803125, 0.803125, 0.8078125, 0.80625, 0.80625, 0.803125, 0.80625, 0.809375, 0.803125, 0.80625, 0.80625, 0.809375, 0.80625, 0.8015625, 0.803125, 0.8078125, 0.8078125, 0.80625, 0.803125],