{"train": {"acc": [0.5388671875, 0.6455078125, 0.67734375, 0.708984375, 0.7248046875, 0.7353515625, 0.73828125, 0.7443359375, 0.735546875, 0.7419921875, 0.7501953125, 0.765625, 0.7505859375, 0.7638671875, 0.77265625, 0.7798828125, 0.77734375, 0.7845703125, 0.7880859375, 0.7822265625, 0.796484375, 0.8001953125, 0.797265625, 0.7978515625, 0.801953125, 0.80078125, 0.8033203125, 0.8025390625, 0.815625, 0.8177734375, 0.815234375, 0.821875, 0.816015625, 0.8234375, 0.8265625, 0.82734375, 0.8345703125, 0.826171875, 0.83203125, 0.84609375, 0.8375, 0.8376953125, 0.844921875, 0.8556640625, 0.8611328125, 0.8564453125, 0.859375, 0.8611328125, 0.859375, 0.8671875, 0.86953125, 0.869921875, 0.869140625, 0.8818359375, 0.875, 0.8810546875, 0.88359375, 0.880859375, 0.8880859375, 0.88828125, 0.8763671875, 0.8859375, 0.8849609375, 0.8908203125, 0.8904296875, 0.9001953125, 0.893359375, 0.89765625, 0.9009765625, 0.906640625, 0.90625, 0.9099609375, 0.909375, 0.9111328125, 0.912890625, 0.912890625, 0.916015625, 0.9177734375, 0.92109375, 0.9228515625, 0.926953125, 0.9244140625, 0.9275390625, 0.9263671875, 0.9302734375, 0.930078125, 0.9310546875, 0.932421875, 0.9328125, 0.9337890625, 0.9380859375, 0.9365234375, 0.9375, 0.9345703125, 0.9353515625, 0.9390625, 0.9400390625, 0.941015625, 0.941796875, 0.940625, 0.9404296875, 0.941796875, 0.9416015625, 0.9400390625, 0.9408203125, 0.9408203125, 0.9404296875, 0.94453125, 0.944921875, 0.943359375, 0.945703125, 0.944140625, 0.9451171875, 0.9453125, 0.94609375, 0.94609375, 0.946875, 0.946875, 0.948828125, 0.947265625, 0.947265625, 0.9486328125, 0.9482421875, 0.9494140625, 0.948828125, 0.94921875, 0.948046875, 0.9494140625, 0.949609375, 0.94921875, 0.9486328125, 0.948828125, 0.95, 0.9498046875, 0.94921875, 0.949609375, 0.9494140625, 0.9494140625, 0.95078125, 0.9505859375, 0.95078125, 0.9509765625, 0.948828125, 0.95078125, 0.950390625, 0.9513671875, 0.9501953125, 0.950390625, 0.949609375, 0.950390625], "loss": [2.576494262188296, 2.3812370843525175, 2.3303009135813655, 2.2783301661286175, 2.250875970985316, 2.236592419539826, 2.2325915128369873, 2.2217670060411283, 2.2343327033368845, 2.225244347053238, 2.211118378216707, 2.187668252594863, 2.2094102554683444, 2.1878663769251183, 2.1756360802469374, 2.163057368012923, 2.1659646683101412, 2.1559867406193214, 2.151749286470534, 2.1580561776704426, 2.135265507275545, 2.1301785782922673, 2.1336080484752413, 2.132795613023299, 2.1261003877543194, 2.1308526706091966, 2.1227565038053293, 2.1230925351758545, 2.1047293641899207, 2.0997876834265794, 2.102863423431976, 2.0923921307430993, 2.1038050621370727, 2.091989174673829, 2.085325007197223, 2.085826869252362, 2.0732620109485675, 2.088140442401548, 2.0778456609460374, 2.0557055292250235, 2.0685338853280757, 2.0664950443219534, 2.054509751404388, 2.038289418703393, 2.028762023660201, 2.0380551935751225, 2.0329225531107262, 2.0305056677588933, 2.031670102590247, 2.019628138481816, 2.0158185641976853, 2.0136168425596215, 2.0171908185451843, 1.9954604680025125, 2.006633022163488, 1.997083478336093, 1.9925116526929638, 1.9951697995391073, 1.984658891641641, 1.984510756746123, 2.004452975490425, 1.9897218142883688, 1.9893144097509263, 1.9823350378229647, 1.9807580090776276, 1.9641122169132474, 1.9755735246441033, 1.9716335218163985, 1.9645028582102135, 1.9543680012980593, 1.9555926851079435, 1.948511199106144, 1.9489581479301936, 1.946180760105954, 1.9449810363069366, 1.9440683548963522, 1.939014356347579, 1.9359829893595055, 1.9304650931418696, 1.929005429714541, 1.9209137475943263, 1.9249536161181293, 1.922041295449945, 1.9210187483437453, 1.9161994502514224, 1.9160707857035384, 1.9149778613561317, 1.9119633089137982, 1.9120419070690493, 1.9101964008959034, 1.9042378739465642, 1.9052893451497526, 1.9034035205841064, 1.909900786001471, 1.9065078889267355, 1.9011756649500207, 1.899214916591403, 1.8987042707732962, 1.8969793515869333, 1.8982115621808209, 1.8988356077218358, 1.8970398706725882, 1.8966710733461984, 1.8997477624989763, 1.8980887192714064, 1.8987341862690599, 1.8989350659937798, 1.8923617163790931, 1.8922738168813005, 1.8941511956951287, 1.89057652105259, 1.8925903779041917, 1.8919120031067087, 1.8909872423244427, 1.8895255131057547, 1.8896365663673305, 1.8886636374871941, 1.8876825465431697, 1.8852149700816674, 1.8873239725450925, 1.8884383983249906, 1.8855590744863582, 1.8865453442440758, 1.8840801595132561, 1.8850403360173673, 1.8846156853663771, 1.886282606969906, 1.88428044168255, 1.8838873467867887, 1.884657102295115, 1.8855455842199205, 1.8851044238368166, 1.8834760822827303, 1.883116304119931, 1.8837901202938225, 1.8838990760754935, 1.8844068291821057, 1.8838660656651365, 1.8816372065604487, 1.8822342353531076, 1.8815429753895048, 1.8817078388189967, 1.8844110784651358, 1.8822097446345076, 1.882069616378108, 1.8811512521550626, 1.8825635291353058, 1.8822671054284783, 1.8836509125142158, 1.8821551528158067]}, "valid": {"acc": [0.58125, 0.640625, 0.675, 0.696875, 0.7046875, 0.71875, 0.721875, 0.7328125, 0.696875, 0.7484375, 0.71875, 0.7578125, 0.7140625, 0.765625, 0.75, 0.759375, 0.7828125, 0.7578125, 0.78125, 0.7640625, 0.7671875, 0.75625, 0.76875, 0.7859375, 0.759375, 0.7234375, 0.7734375, 0.7953125, 0.7609375, 0.7671875, 0.78125, 0.784375, 0.79375, 0.79375, 0.775, 0.7984375, 0.790625, 0.7875, 0.7890625, 0.8078125, 0.7828125, 0.8015625, 0.79375, 0.809375, 0.8140625, 0.7859375, 0.7875, 0.790625, 0.7875, 0.8140625, 0.8125, 0.815625, 0.815625, 0.79375, 0.79375, 0.7984375, 0.809375, 0.796875, 0.8140625, 0.7953125, 0.7984375, 0.8171875, 0.784375, 0.809375, 0.821875, 0.80625, 0.8, 0.8109375, 0.809375, 0.8171875, 0.815625, 0.8109375, 0.8, 0.8078125, 0.809375, 0.81875, 0.7953125, 0.80625, 0.8078125, 0.8046875, 0.8046875, 0.815625, 0.80625, 0.809375, 0.821875, 0.8109375, 0.8140625, 0.8140625, 0.8125, 0.8140625, 0.8125, 0.80625, 0.80625, 0.815625, 0.815625, 0.81875, 0.825, 0.8125, 0.81875, 0.815625, 0.81875, 0.8203125, 0.8140625, 0.8140625, 0.8203125, 0.8109375, 0.8140625, 0.8171875, 0.8171875, 0.8171875, 0.8125, 0.8203125, 0.81875, 0.825, 0.8203125, 0.83125, 0.8328125, 0.825, 0.8296875, 0.8234375, 0.825, 0.8296875, 0.834375, 0.828125, 0.8328125, 0.8328125, 0.83125, 0.8359375, 0.8328125, 0.8296875, 0.8296875, 0.83125, 0.821875, 0.825, 0.825, 0.8234375, 0.8234375, 0.828125, 0.821875, 0.825, 0.828125, 0.825, 0.825, 0.8265625, 0.825, 0.8265625, 0.825, 0.8296875, 0.8296875, 0.821875],