{"precision": 0.7391895244134491, "recall": 0.6979209719549073, "f1-score": 0.7126463143025425, "auc": 0.16183218616846934}