{"precision": 0.7239085883740861, "recall": 0.6812510790655023, "f1-score": 0.6963988525742246, "auc": 0.16433721964695414}