{"precision": 0.6834573877514999, "recall": 0.6442390041126018, "f1-score": 0.6506604996534282, "auc": 0.15453686200378072}