{"precision": 0.7848400565057186, "recall": 0.7669644619253162, "f1-score": 0.7728739848910132, "auc": 0.2154416085970951}