{"precision": 0.7508822221665609, "recall": 0.6676281261129337, "f1-score": 0.6928202363696285, "auc": 0.19245234719596724}