{"precision": 0.7078328648693408, "recall": 0.6567870313506496, "f1-score": 0.6684364576780681, "auc": 0.19515849604345178}