{"precision": 0.7479880999800618, "recall": 0.6937933903339208, "f1-score": 0.7107571416525418, "auc": 0.12488879524277756}