{"train": {"acc": [0.7886658795749705, 0.8831168831168831, 0.9134592680047225, 0.9305785123966942, 0.9419126328217238, 0.952892561983471, 0.9603305785123967, 0.9642266824085006, 0.9728453364817001, 0.9800472255017709, 0.9744982290436836, 0.9793388429752066, 0.9775678866587958, 0.9923258559622196, 0.9873671782762692, 0.978866587957497, 0.9832349468713105, 0.9817001180637545, 0.989728453364817, 0.9902007083825266, 0.9905548996458088, 0.9898465171192444, 0.990909090909091, 0.9844155844155844, 0.9896103896103896, 0.9863046044864227, 0.990318772136954, 0.995159386068477, 0.9978748524203069, 0.9962219598583235, 0.9916174734356552, 0.9847697756788666, 0.992443919716647, 0.99456906729634, 0.9943329397874853, 0.9964580873671782, 0.9961038961038962, 0.9887839433293979, 0.9906729634002361, 0.990318772136954, 0.9946871310507674, 0.9943329397874853, 0.9984651711924439, 0.9982290436835891, 0.9958677685950413, 0.999409681227863, 0.9991735537190083, 0.99728453364817, 0.9926800472255017, 0.9917355371900827, 0.9926800472255017, 0.9940968122786304, 0.99728453364817, 0.9985832349468713, 0.996694214876033, 0.9970484061393152, 0.99728453364817, 0.9948051948051948, 0.99456906729634, 0.9968122786304604, 0.9987012987012988, 0.9992916174734356, 0.9991735537190083, 0.9982290436835891, 0.9983471074380166, 0.990318772136954, 0.9983471074380166, 0.9977567886658796, 0.9997638724911452, 0.9998819362455726, 1.0, 1.0, 1.0, 1.0, 1.0, 1.0, 1.0, 1.0, 1.0, 1.0, 1.0, 1.0, 1.0, 1.0, 1.0, 1.0, 1.0, 1.0, 1.0, 1.0, 1.0, 0.9905548996458088, 0.99728453364817, 0.999409681227863, 1.0, 1.0, 1.0, 1.0, 1.0, 1.0, 1.0, 1.0, 1.0, 1.0, 1.0, 1.0, 1.0, 1.0, 1.0, 1.0, 1.0, 1.0, 1.0, 1.0, 1.0, 1.0, 1.0, 1.0, 1.0, 1.0, 1.0, 1.0, 1.0, 1.0, 1.0, 1.0, 1.0, 1.0, 1.0, 1.0, 1.0, 1.0, 1.0, 1.0, 1.0, 1.0, 1.0, 1.0, 1.0, 1.0, 1.0, 1.0, 1.0, 1.0, 1.0, 1.0, 1.0, 1.0, 1.0, 1.0], "loss": [0.954090478971149, 0.4048040575827613, 0.29619780453768646, 0.22284796656194059, 0.1859571442967563, 0.1529637363626424, 0.12528364334932782, 0.10878328208557585, 0.08494876059844639, 0.06859015068039298, 0.08352098574466778, 0.06673494423739612, 0.07435770784892763, 0.027054173645658673, 0.04540557774298853, 0.064917788724415, 0.050366987784703575, 0.05577184127777758, 0.0360775634762831, 0.03638064057767307, 0.034139076134041796, 0.03572756763914543, 0.03507658959345215, 0.052499745838400544, 0.03396657351263319, 0.047280880096491965, 0.03549240274525911, 0.019208919119123355, 0.007095774214163116, 0.013236788933819767, 0.03314180283312894, 0.05055220902696336, 0.026467376627613594, 0.016854915644878267, 0.021440264141071537, 0.014493207470877678, 0.012514227025597145, 0.04087071840242998, 0.02939147509900839, 0.03237367656865073, 0.016076642121003137, 0.018432274521535764, 0.005669302539018011, 0.00662048510948256, 0.015789660210981365, 0.003916883399790205, 0.003684305095179518, 0.00905597998812344, 0.02962617812932656, 0.02543329167978796, 0.025328483970070287, 0.020737163170644744, 0.010951848004796457, 0.005678358154317252, 0.011675537670133494, 0.012546297666300565, 0.009685998279096428, 0.020459287835502906, 0.01644940442995655, 0.01073002365934151, 0.005039630474364072, 0.0035144459459733107, 0.002782997588534878, 0.005337846608916042, 0.005738953936508661, 0.03556271187070789, 0.007940807086208335, 0.008256516613431759, 0.0012003651349363226, 0.0017976979180881851, 0.00040872825565491604, 0.00013128961328482436, 0.0001358207754747403, 0.0001436700016570009, 0.00014348251313273948, 4.8082414017678523e-05, 5.046681475088614e-05, 4.181094429568613e-05, 3.584856928327871e-05, 3.153419445330504e-05, 2.8648763242761728e-05, 1.7204044944853855e-05, 2.558846549426834e-05, 1.880666084342796e-05, 1.3946821002867072e-05, 1.5989022224626943e-05, 1.4965183315969929e-05, 1.3505092331609886e-05, 7.440242359452344e-06, 1.1585231591137665e-05, 0.00017919597425669116, 0.03552807700567896, 0.008479798059673185, 0.002781126561454915, 0.0005836379224147646, 0.00022702476147087785, 0.00020097449398483812, 0.0002206917424011794, 0.0001353612665952548, 9.811412423983491e-05, 8.126147246333527e-05, 6.038911036718921e-05, 3.9085790521395126e-05, 3.964872949822937e-05, 3.816522347437278e-05, 3.4398593275895884e-05, 3.268285883512528e-05, 3.424959981251077e-05, 3.075517193623813e-05, 1.997327897449643e-05, 4.740733093437181e-05, 2.9641048138790378e-05, 1.8170888510708622e-05, 2.5631017736617594e-05, 1.3055832912018008e-05, 2.128805037714163e-05, 1.9796310727894127e-05, 2.2456668006474033e-05, 1.5495086485502313e-05, 1.6538950988486896e-05, 2.090092882261188e-05, 1.768457279595306e-05, 1.706502269476487e-05, 1.3171077013094928e-05, 1.301338642867973e-05, 1.9302441492124505e-05, 1.9180665428951794e-05, 3.3589114034333015e-05, 1.3175460639755245e-05, 1.278486842028487e-05, 1.0627860129246033e-05, 0.00024865511951311487, 1.9311567239231987e-05, 2.245098237807497e-05, 1.1776249806847304e-05, 1.4495198302907655e-05, 1.9471990282054872e-05, 1.313272208373443e-05, 1.9401367340109207e-05, 4.2066843087997256e-05, 1.1413468701058285e-05, 1.0221105966719058e-05, 1.0395776952650108e-05, 1.6138826698045595e-05, 1.4510831422164687e-05, 9.169346444469863e-06, 1.9422096453457595e-05, 5.5423383899377505e-05, 1.440814857698852e-05, 9.539101470043974e-06]},