{"precision": 0.3628081355238709, "recall": 0.3558776076208616, "f1-score": 0.3572022178129828, "auc": 0.45463324606206273}