{"precision": 0.5729466203583031, "recall": 0.5208404908951111, "f1-score": 0.5362408545297808, "auc": 0.17124631992149167}