{"precision": 0.7575399253948825, "recall": 0.7366686289785137, "f1-score": 0.7455398002264768, "auc": 0.18906646222798845}