{"precision": 0.4496647016135628, "recall": 0.4060235577210235, "f1-score": 0.4173691854255726, "auc": 0.1849034256559767}