{"precision": 0.7400872899809438, "recall": 0.7452691491757886, "f1-score": 0.7415557222398513, "auc": 0.23353412811686677}