{"precision": 0.7758491055260203, "recall": 0.7414366080813882, "f1-score": 0.7486243488159192, "auc": 0.1828771723616825}