{"precision": 0.6363948139550536, "recall": 0.5904672180541535, "f1-score": 0.6051396285932659, "auc": 0.21897935533713891}