{"train": {"acc": [0.5328125, 0.6119140625, 0.681640625, 0.6951171875, 0.71171875, 0.72734375, 0.725, 0.7318359375, 0.7392578125, 0.755078125, 0.7552734375, 0.7587890625, 0.76015625, 0.7677734375, 0.7697265625, 0.7875, 0.785546875, 0.768359375, 0.790625, 0.7830078125, 0.7912109375, 0.7990234375, 0.7865234375, 0.7962890625, 0.7986328125, 0.79296875, 0.7947265625, 0.804296875, 0.8021484375, 0.7935546875, 0.7994140625, 0.805859375, 0.8001953125, 0.8068359375, 0.8205078125, 0.8166015625, 0.8265625, 0.82734375, 0.8306640625, 0.819921875, 0.8302734375, 0.8291015625, 0.8333984375, 0.8359375, 0.8302734375, 0.8333984375, 0.847265625, 0.8560546875, 0.8505859375, 0.8595703125, 0.868359375, 0.8599609375, 0.8671875, 0.869921875, 0.8716796875, 0.8796875, 0.87734375, 0.8775390625, 0.8806640625, 0.88671875, 0.8876953125, 0.891796875, 0.88984375, 0.894140625, 0.8962890625, 0.9021484375, 0.8978515625, 0.9037109375, 0.90859375, 0.9095703125, 0.912109375, 0.9173828125, 0.908984375, 0.9185546875, 0.919140625, 0.9154296875, 0.91953125, 0.9212890625, 0.927734375, 0.924609375, 0.9298828125, 0.9341796875, 0.9322265625, 0.933203125, 0.9375, 0.9365234375, 0.9361328125, 0.9359375, 0.9390625, 0.9396484375, 0.938671875, 0.938671875, 0.9400390625, 0.9376953125, 0.9404296875, 0.94375, 0.94140625, 0.9427734375, 0.9447265625, 0.9435546875, 0.9431640625, 0.944921875, 0.945703125, 0.9466796875, 0.946875, 0.945703125, 0.9455078125, 0.9470703125, 0.947265625, 0.9462890625, 0.9470703125, 0.94765625, 0.947265625, 0.947265625, 0.948046875, 0.9478515625, 0.948828125, 0.9482421875, 0.949609375, 0.9482421875, 0.9494140625, 0.9482421875, 0.95, 0.9505859375, 0.948828125, 0.950390625, 0.9501953125, 0.9513671875, 0.9509765625, 0.9505859375, 0.9515625, 0.9515625, 0.951171875, 0.95234375, 0.9517578125, 0.9513671875, 0.9515625, 0.9521484375, 0.9517578125, 0.951953125, 0.951171875, 0.9517578125, 0.951171875, 0.9521484375, 0.9517578125, 0.9521484375, 0.9517578125, 0.9513671875, 0.951953125, 0.9525390625], "loss": [2.5881636112551147, 2.43832021423533, 2.326373954362507, 2.3033025385458257, 2.273921912229514, 2.250011872641648, 2.2516756193547307, 2.243586519096471, 2.228224277496338, 2.2018273872665213, 2.203214198728151, 2.1984565197666988, 2.1966364881660363, 2.183984083465383, 2.1809433381768724, 2.153738498687744, 2.153011800367621, 2.1811689515657062, 2.1448292370083966, 2.15850633609144, 2.1465538921235483, 2.130665094037599, 2.1504040911227844, 2.1374558557437946, 2.133192925513545, 2.143108026890815, 2.1391636766964877, 2.1229354686374906, 2.127003147632261, 2.1384600898887536, 2.131226421911505, 2.1203861794894254, 2.1311309548872934, 2.116991954513743, 2.0978361519077158, 2.1035797520528865, 2.0852158703381503, 2.0849465795710116, 2.0822287405593487, 2.0991664415673363, 2.080836173854297, 2.0821113767503183, 2.076992137522637, 2.0697153746327266, 2.078766496875618, 2.0724127624608295, 2.0509397032894667, 2.0369737902774085, 2.0474078217639198, 2.032550469229493, 2.018730904482588, 2.031005827686455, 2.019051704225661, 2.0140436767022822, 2.0128988374637653, 1.9979526906073848, 2.002013899102996, 2.0030441827411893, 1.997752408438091, 1.9873482124714912, 1.98579269873945, 1.978859720350821, 1.981993291951433, 1.9748047409178335, 1.9727673092974891, 1.9630511470987826, 1.9699238976345788, 1.9604357526272158, 1.9511394289475452, 1.9497369542906555, 1.9442923219898078, 1.9378240455555011, 1.9521760291691068, 1.9368199049671995, 1.9331861160978485, 1.9408508991893334, 1.9340857373008244, 1.930693891983998, 1.9196980588043793, 1.9244370852844626, 1.9170132799993587, 1.9104148888889747, 1.91274958169913, 1.911346050757396, 1.9056097721751732, 1.9063553870478762, 1.9058653976343856, 1.9063230239892308, 1.902242834054971, 1.9007165884669823, 1.902659908125672, 1.901628237736376, 1.9004892412620256, 1.903380759154694, 1.898792262318768, 1.8943049349362338, 1.8976238226588769, 1.8954903324948082, 1.8917164696922786, 1.8939206102226354, 1.8945004366621185, 1.890987995304639, 1.890680509277537, 1.8889620424825935, 1.8884459537795828, 1.8897932782957825, 1.891137987752504, 1.888092469565476, 1.8878188344496716, 1.889370097389704, 1.888192917727217, 1.886948439139354, 1.8878008081943174, 1.8871763914446287, 1.8859088345419002, 1.8868768441526196, 1.885150233401528, 1.8858068804197674, 1.8837229617034332, 1.8860918057115772, 1.884133509442776, 1.8855064654652076, 1.8832674886606917, 1.882446059697791, 1.8847841552541227, 1.8816700223125988, 1.8826245642915558, 1.880808801590642, 1.8811918678162973, 1.8817438852937916, 1.8809164671958247, 1.880267564254471, 1.8810412627232225, 1.87954514992388, 1.8803006108803084, 1.8806309443485887, 1.880254713794853, 1.8801136861873577, 1.8808087276507028, 1.8797332833084879, 1.8813520021076444, 1.8799212039271487, 1.8805640015421035, 1.8792508885830264, 1.8799651514125775, 1.8793434628957435, 1.88041074517407, 1.8803703875481328, 1.8796306395832496, 1.879045614713355]}, "valid": {"acc": [0.54375, 0.59375, 0.6546875, 0.7046875, 0.715625, 0.628125, 0.7109375, 0.7390625, 0.7328125, 0.721875, 0.734375, 0.7140625, 0.7125, 0.734375, 0.7625, 0.7828125, 0.7546875, 0.753125, 0.740625, 0.7640625, 0.78125, 0.76875, 0.740625, 0.765625, 0.7234375, 0.746875, 0.8015625, 0.790625, 0.7765625, 0.7875, 0.76875, 0.784375, 0.728125, 0.775, 0.7890625, 0.78125, 0.784375, 0.76875, 0.7796875, 0.7828125, 0.784375, 0.7703125, 0.796875, 0.7703125, 0.75, 0.7875, 0.7703125, 0.775, 0.778125, 0.7796875, 0.7796875, 0.78125, 0.8078125, 0.7859375, 0.8046875, 0.790625, 0.8046875, 0.8078125, 0.80625, 0.803125, 0.79375, 0.79375, 0.8, 0.7921875, 0.7828125, 0.796875, 0.7953125, 0.803125, 0.796875, 0.8078125, 0.7796875, 0.7875, 0.8, 0.80625, 0.7984375, 0.796875, 0.79375, 0.7984375, 0.7921875, 0.796875, 0.7890625, 0.79375, 0.8015625, 0.79375, 0.7953125, 0.790625, 0.7875, 0.8046875, 0.7875, 0.796875, 0.7890625, 0.78125, 0.7921875, 0.7921875, 0.7890625, 0.790625, 0.7890625, 0.7796875, 0.796875, 0.7984375, 0.790625, 0.796875, 0.79375, 0.80625, 0.8046875, 0.8078125, 0.8140625, 0.7984375, 0.796875, 0.8109375, 0.8046875, 0.80625, 0.8046875, 0.8140625, 0.809375, 0.80625, 0.8078125, 0.809375, 0.8046875, 0.8046875, 0.8015625, 0.80625, 0.8015625, 0.7984375, 0.80625, 0.8078125, 0.7984375, 0.803125, 0.8046875, 0.8125, 0.809375, 0.809375, 0.8, 0.8046875, 0.8078125, 0.80625, 0.80625, 0.8078125, 0.80625, 0.80625, 0.8078125, 0.803125, 0.8078125, 0.80625, 0.803125, 0.803125, 0.8109375, 0.8015625, 0.8, 0.8078125],