{"train": {"acc": [0.5435546875, 0.63984375, 0.65546875, 0.6880859375, 0.7166015625, 0.7314453125, 0.7380859375, 0.753125, 0.7650390625, 0.767578125, 0.759765625, 0.76640625, 0.78125, 0.7748046875, 0.7763671875, 0.7759765625, 0.7892578125, 0.7830078125, 0.7859375, 0.78203125, 0.7865234375, 0.79453125, 0.782421875, 0.801171875, 0.80390625, 0.8146484375, 0.818359375, 0.821484375, 0.8265625, 0.8234375, 0.8357421875, 0.8326171875, 0.82578125, 0.81484375, 0.8337890625, 0.8318359375, 0.8396484375, 0.8287109375, 0.83359375, 0.8291015625, 0.84765625, 0.847265625, 0.851953125, 0.847265625, 0.8474609375, 0.8630859375, 0.8626953125, 0.862109375, 0.8685546875, 0.8671875, 0.875390625, 0.8787109375, 0.884375, 0.878125, 0.8798828125, 0.8845703125, 0.8849609375, 0.8830078125, 0.8779296875, 0.884765625, 0.8876953125, 0.8947265625, 0.893359375, 0.896875, 0.8978515625, 0.9025390625, 0.9017578125, 0.9048828125, 0.9056640625, 0.9095703125, 0.9158203125, 0.9119140625, 0.9169921875, 0.9177734375, 0.916796875, 0.9228515625, 0.91953125, 0.9228515625, 0.9220703125, 0.926171875, 0.928125, 0.925390625, 0.9291015625, 0.9298828125, 0.9275390625, 0.9302734375, 0.9294921875, 0.9294921875, 0.9326171875, 0.932421875, 0.9326171875, 0.9353515625, 0.934765625, 0.9328125, 0.9349609375, 0.9369140625, 0.9365234375, 0.9380859375, 0.939453125, 0.9390625, 0.9400390625, 0.940625, 0.9416015625, 0.9408203125, 0.94140625, 0.9423828125, 0.94140625, 0.9427734375, 0.942578125, 0.94375, 0.9443359375, 0.9447265625, 0.943359375, 0.9447265625, 0.94375, 0.944921875, 0.9458984375, 0.944921875, 0.946875, 0.9455078125, 0.945703125, 0.9462890625, 0.9462890625, 0.9474609375, 0.9462890625, 0.947265625, 0.9458984375, 0.9466796875, 0.946484375, 0.946484375, 0.9474609375, 0.946484375, 0.9478515625, 0.9474609375, 0.9455078125, 0.9474609375, 0.947265625, 0.9470703125, 0.9466796875, 0.9474609375, 0.948046875, 0.946875, 0.9474609375, 0.947265625, 0.9484375, 0.948046875, 0.947265625, 0.94765625, 0.946875, 0.947265625], "loss": [2.5694920714897447, 2.393502262574208, 2.368178859541688, 2.3121513716782194, 2.2639551705951932, 2.244545293759696, 2.2318851630898973, 2.205797569661201, 2.1886239383794086, 2.1839860013768644, 2.1948960340475736, 2.1863305281989183, 2.159847700143162, 2.1705222522156147, 2.168612175349948, 2.1695255176930486, 2.148177994957453, 2.1591138568105577, 2.1513681577730783, 2.160566007034688, 2.1491889485829994, 2.1387881538535973, 2.156095036977454, 2.1277047788040546, 2.125641843940638, 2.105023447471329, 2.1007294534127925, 2.0948459332502343, 2.08783773229092, 2.090467463565778, 2.07048549833177, 2.076898888696598, 2.0873306205001056, 2.1041829163515113, 2.0738423428957975, 2.078473687171936, 2.0653497252283217, 2.0815949077847637, 2.0731096750573266, 2.083889520620998, 2.0519213570824153, 2.0524694768688345, 2.0459877177129817, 2.0531102147283433, 2.0509281671499906, 2.0284536699705487, 2.027339778368986, 2.0271872100950796, 2.017728198932696, 2.017372620256641, 2.005960290945029, 2.000407099723816, 1.9924268224571324, 2.001748675032507, 1.9990837709813178, 1.9916615757761122, 1.9913201543349255, 1.9915686212008512, 2.0028567766841454, 1.9899095523206494, 1.986139043976989, 1.9758032032206088, 1.9753226856642132, 1.9706918348239948, 1.969267508651637, 1.9614998871767069, 1.962754492518268, 1.9579854313331315, 1.9564756909503211, 1.9500261756438244, 1.9397205597237697, 1.9453380228597907, 1.9391093691693078, 1.936642201640938, 1.9379544695721398, 1.928273021420346, 1.932729007322577, 1.9276820013794718, 1.9298782559889782, 1.9227631650393522, 1.9203635801242878, 1.9238749259634862, 1.9175563960135737, 1.9162198606925676, 1.9200535001634043, 1.9160708611524557, 1.9177688058418563, 1.9161882611769665, 1.9110311722453637, 1.9115894384022, 1.9113672715199144, 1.9065566998493821, 1.9076666017121906, 1.9109666196605828, 1.908506400977509, 1.9048860963386824, 1.90518856953971, 1.9024728310259083, 1.900829523424559, 1.900654518151585, 1.8992500622061235, 1.8984045574936685, 1.8969322050674051, 1.8988652802720856, 1.8973612045939965, 1.8962576645839064, 1.897125464451464, 1.8950961722603328, 1.8954437201536154, 1.893315241306643, 1.8928007234500934, 1.8921205408965485, 1.8939732086809375, 1.8918189896812923, 1.8934208230127263, 1.8914406269411497, 1.8900295148921917, 1.891166848472402, 1.8886546424672574, 1.8904030051412462, 1.8899568394769597, 1.8889841112909438, 1.889478576334217, 1.887747061403492, 1.88928631136689, 1.8877203026904334, 1.8892088268376603, 1.888992407653905, 1.8889510163777992, 1.889168226266209, 1.8876707523683958, 1.8888732059092461, 1.8865718630295765, 1.887567984906933, 1.8899615655971478, 1.8874324333818653, 1.8874111024639275, 1.8878453924686094, 1.888424986525427, 1.8871425360063963, 1.886039042774635, 1.8879676710201214, 1.8874942260452463, 1.887289804748342, 1.8859614993952498, 1.8861439892008334, 1.8870925993859013, 1.8865156279334538, 1.8879968290087543, 1.8869913363758521]}, "valid": {"acc": [0.5453125, 0.5328125, 0.66875, 0.6671875, 0.678125, 0.7375, 0.6984375, 0.7265625, 0.74375, 0.7265625, 0.725, 0.7515625, 0.7796875, 0.746875, 0.759375, 0.7390625, 0.76875, 0.7359375, 0.7875, 0.75, 0.7703125, 0.7546875, 0.7578125, 0.7625, 0.7890625, 0.78125, 0.75625, 0.7859375, 0.746875, 0.8015625, 0.7828125, 0.7765625, 0.753125, 0.7625, 0.775, 0.7921875, 0.7765625, 0.7828125, 0.7859375, 0.79375, 0.7953125, 0.8046875, 0.765625, 0.7765625, 0.75625, 0.78125, 0.790625, 0.790625, 0.8046875, 0.8015625, 0.79375, 0.8015625, 0.7953125, 0.80625, 0.796875, 0.815625, 0.8015625, 0.8109375, 0.775, 0.8015625, 0.784375, 0.809375, 0.8140625, 0.8015625, 0.8125, 0.8359375, 0.8125, 0.803125, 0.8078125, 0.8078125, 0.809375, 0.809375, 0.8, 0.8109375, 0.8, 0.8015625, 0.8171875, 0.803125, 0.8140625, 0.8171875, 0.81875, 0.80625, 0.8140625, 0.809375, 0.8171875, 0.8125, 0.8125, 0.8140625, 0.8078125, 0.815625, 0.80625, 0.821875, 0.815625, 0.8046875, 0.80625, 0.8140625, 0.8171875, 0.815625, 0.81875, 0.8265625, 0.809375, 0.809375, 0.8078125, 0.81875, 0.821875, 0.8234375, 0.8203125, 0.821875, 0.8265625, 0.8171875, 0.821875, 0.8203125, 0.8140625, 0.8203125, 0.825, 0.828125, 0.825, 0.8265625, 0.8203125, 0.83125, 0.83125, 0.828125, 0.8296875, 0.83125, 0.834375, 0.828125, 0.83125, 0.8234375, 0.83125, 0.840625, 0.834375, 0.8328125, 0.8328125, 0.83125, 0.8328125, 0.834375, 0.8328125, 0.834375, 0.8328125, 0.8359375, 0.83125, 0.8328125, 0.834375, 0.834375, 0.83125, 0.834375, 0.834375, 0.8328125, 0.8328125, 0.8328125],