{"precision": 0.6309514512056548, "recall": 0.5987309534532852, "f1-score": 0.609030280545519, "auc": 0.27775870209021847}