{"precision": 0.635591447866832, "recall": 0.5820104648704311, "f1-score": 0.5969754176285226, "auc": 0.21463367526503283}