{"precision": 0.715281752704956, "recall": 0.5933026314450742, "f1-score": 0.6179752032869869, "auc": 0.24219923601871327}