{"precision": 0.6284175723189398, "recall": 0.5869870326007796, "f1-score": 0.5989234535262289, "auc": 0.19376368084467147}