{"precision": 0.6452003052296729, "recall": 0.5831576080916238, "f1-score": 0.5968134802507976, "auc": 0.1575926005407957}