{"precision": 0.5998046552270808, "recall": 0.537229343226162, "f1-score": 0.554346854384285, "auc": 0.17701403493712178}