{"precision": 0.5875085885165121, "recall": 0.5925176392112667, "f1-score": 0.5895183105627748, "auc": 0.21464440533928494}