{"precision": 0.6422715359442983, "recall": 0.6312880783137007, "f1-score": 0.6342824953331131, "auc": 0.2740670506157232}