{"precision": 0.7182411972650043, "recall": 0.6747538507584504, "f1-score": 0.6881781533259925, "auc": 0.24507187339045747}