{"precision": 0.2831498643680754, "recall": 0.19942904379182208, "f1-score": 0.17525056700376215, "auc": 0.4227917089789367}