{"precision": 0.002239680242574599, "recall": 0.03571428571428571, "f1-score": 0.004215031450619285, "auc": 0.49440556720280415}