{"train": {"acc": [0.7929161747343566, 0.8663518299881936, 0.8887839433293979, 0.89728453364817, 0.9139315230224321, 0.917237308146399, 0.9331759149940968, 0.9373081463990555, 0.9502951593860685, 0.9518299881936245, 0.9520661157024793, 0.9564344746162928, 0.9654073199527745, 0.9636363636363636, 0.9716646989374262, 0.9731995277449823, 0.9708382526564344, 0.9761511216056671, 0.9731995277449823, 0.9806375442739079, 0.9846517119244392, 0.9780401416765053, 0.9845336481700118, 0.9858323494687131, 0.9863046044864227, 0.9841794569067296, 0.9892561983471074, 0.9865407319952775, 0.9916174734356552, 0.9886658795749704, 0.98642266824085, 0.9847697756788666, 0.9885478158205431, 0.9940968122786304, 0.996694214876033, 0.9884297520661157, 0.989728453364817, 0.9881936245572609, 0.9860684769775678, 0.9911452184179457, 0.9910271546635183, 0.99728453364817, 0.9959858323494687, 0.995749704840614, 0.9931523022432114, 0.9914994096812279, 0.9890200708382526, 0.9867768595041322, 0.9961038961038962, 0.9958677685950413, 0.9969303423848879, 0.9979929161747344, 0.99728453364817, 0.99185360094451, 0.9913813459268005, 0.9965761511216057, 0.999409681227863, 0.9997638724911452, 0.9996458087367178, 1.0, 1.0, 1.0, 1.0, 1.0, 1.0, 1.0, 1.0, 1.0, 1.0, 1.0, 1.0, 1.0, 1.0, 1.0, 1.0, 1.0, 1.0, 1.0, 1.0, 1.0, 1.0, 1.0, 0.9707201889020071, 0.9930342384887839, 0.9985832349468713, 0.9998819362455726, 1.0, 1.0, 1.0, 1.0, 1.0, 1.0, 1.0, 1.0, 0.9998819362455726, 1.0, 1.0, 1.0, 1.0, 1.0, 1.0, 1.0, 0.9998819362455726, 1.0, 1.0, 0.9996458087367178, 1.0, 1.0, 1.0, 1.0, 0.9990554899645808, 0.9976387249114522, 0.9985832349468713, 0.999409681227863, 0.9997638724911452, 1.0, 1.0, 1.0, 0.9998819362455726, 1.0, 0.9997638724911452, 0.9995277449822905, 1.0, 1.0, 0.9998819362455726, 1.0, 1.0, 1.0, 1.0, 1.0, 1.0, 1.0, 1.0, 1.0, 1.0, 1.0, 1.0, 1.0, 1.0, 1.0, 1.0, 0.9998819362455726, 1.0, 1.0, 1.0, 1.0, 1.0, 1.0, 1.0, 1.0], "loss": [0.9500511411690351, 0.476304345961773, 0.3878605151266763, 0.3526692380282012, 0.29169261376514577, 0.2716363114163731, 0.2265883724233418, 0.20166137775011134, 0.16141095537353645, 0.16012874657683301, 0.156659113581885, 0.14472457885064863, 0.11386763617735017, 0.11789605422933219, 0.09733708148511748, 0.08972373694378996, 0.09949060113197475, 0.08207894973174641, 0.0843008632179011, 0.06565759335926762, 0.05119660519642022, 0.0721482515765467, 0.048173207397198756, 0.04563202150166035, 0.04545674056862481, 0.05521202350571526, 0.03359046206319225, 0.04526661433699315, 0.025934195074527946, 0.042477546090209, 0.04715552282339724, 0.04443405158941239, 0.039526754334060984, 0.02169244601056121, 0.01276332632881928, 0.036243517482723815, 0.03284005907004361, 0.04384838009189645, 0.05062986854693119, 0.03154882111200343, 0.02712991063890513, 0.009459629559745681, 0.012700751031209647, 0.017200087589806186, 0.025072320827872096, 0.027460139583016633, 0.03273647571834524, 0.043455624812684786, 0.01229423206104636, 0.017450924217304088, 0.008709244504037391, 0.006868532477628006, 0.008824604098580576, 0.02851702920154573, 0.033081352499721106, 0.011297259128530806, 0.003367014870822128, 0.001067685382539904, 0.001324616436194805, 0.0003472678909088934, 0.0003071568415552147, 0.00017318843323333897, 0.00011169105756504327, 8.361535031147496e-05, 6.554989113283227e-05, 7.920356477536023e-05, 9.88641096696621e-05, 5.843088857463127e-05, 4.212236141980115e-05, 4.94902323118891e-05, 5.532753947983854e-05, 4.539848158181099e-05, 3.3405074496138035e-05, 3.570121129376441e-05, 2.8421740024221048e-05, 2.7825396391321963e-05, 1.673076200194318e-05, 7.521805693758407e-05, 3.62138036376619e-05, 3.36939748508209e-05, 2.0944092169932475e-05, 0.00018391964948791335, 0.10479187988164368, 0.02438748687585978, 0.0070201687244248615, 0.0009793600882017706, 0.0005843723933911392, 0.0002660186412206465, 0.00022371830860637684, 0.00021995904678602307, 0.00014831670270006836, 0.0001152517511744725, 8.907085979940761e-05, 0.00017801610644682748, 0.0002142565685351821, 0.0002722546849113452, 0.00012294593046025318, 9.006971040572822e-05, 5.836450524191495e-05, 5.6807900782793943e-05, 5.893583589554372e-05, 0.00014034823836041278, 0.0002191461889090147, 6.280993651134023e-05, 5.6991836157577026e-05, 0.001155485359771374, 0.0003141965383492513, 6.373355563827124e-05, 7.501643978950294e-05, 6.698088130998727e-05, 0.002958995292586182, 0.006810198110212117, 0.004007985002331363, 0.002322075101054025, 0.0006114127039195823, 0.00023623546327612667, 0.00014335329165353897, 0.00012770638961235431, 0.0002109269321374196, 0.0001130612594331317, 0.0018333117692842886, 0.0019170761118706043, 0.00018165142840630187, 0.0003996263864213357, 0.00031507722963631363, 0.0002179104644435001, 0.00012412459961703434, 8.072875087953324e-05, 8.046441787497095e-05, 0.00012071968480788861, 5.1149138609175815e-05, 0.00018372148621400206, 4.538948785052939e-05, 8.92456234764998e-05, 0.00014586530162294807, 4.7975927204237394e-05, 4.979164478327496e-05, 5.305360895997155e-05, 6.911961526673787e-05, 5.5602977425044656e-05, 5.411982288299469e-05, 0.0003599511693351181, 4.028778425029514e-05, 5.6649073094445846e-05, 6.494494253715719e-05, 4.08530257542142e-05, 4.36883810542013e-05, 7.511414863033265e-05, 5.360674349434923e-05, 4.203214409802637e-05]},