{"train": {"acc": [0.36404659460593974, 0.36520096547381675, 0.36520096547381675, 0.36520096547381675, 0.36520096547381675, 0.36520096547381675, 0.36520096547381675, 0.36520096547381675, 0.36520096547381675, 0.36520096547381675, 0.36520096547381675, 0.36520096547381675, 0.36520096547381675, 0.36520096547381675, 0.36520096547381675, 0.36520096547381675, 0.36520096547381675, 0.36520096547381675, 0.36520096547381675, 0.36520096547381675, 0.36520096547381675, 0.36520096547381675, 0.36520096547381675, 0.36520096547381675, 0.36520096547381675, 0.36520096547381675, 0.36520096547381675, 0.36520096547381675, 0.36520096547381675, 0.36520096547381675, 0.36520096547381675, 0.36520096547381675, 0.36520096547381675, 0.36520096547381675, 0.36520096547381675, 0.36520096547381675, 0.36520096547381675, 0.36520096547381675, 0.36520096547381675, 0.36520096547381675, 0.36520096547381675, 0.36520096547381675, 0.36520096547381675, 0.36520096547381675, 0.36520096547381675, 0.36520096547381675, 0.36520096547381675, 0.36520096547381675, 0.36520096547381675, 0.36520096547381675, 0.36520096547381675, 0.36520096547381675, 0.36520096547381675, 0.36520096547381675, 0.36520096547381675, 0.36520096547381675, 0.36520096547381675, 0.36520096547381675, 0.36520096547381675, 0.36520096547381675, 0.36520096547381675, 0.36520096547381675, 0.36520096547381675, 0.36520096547381675, 0.36520096547381675, 0.36520096547381675, 0.36520096547381675, 0.36520096547381675, 0.36520096547381675, 0.36520096547381675, 0.36520096547381675, 0.36520096547381675, 0.36520096547381675, 0.36520096547381675, 0.36520096547381675, 0.36520096547381675, 0.36520096547381675, 0.36520096547381675, 0.36520096547381675, 0.36520096547381675, 0.36520096547381675, 0.36520096547381675, 0.36520096547381675, 0.36520096547381675, 0.36520096547381675, 0.36520096547381675, 0.36520096547381675, 0.36520096547381675, 0.36520096547381675, 0.36520096547381675, 0.36520096547381675, 0.36520096547381675, 0.36520096547381675, 0.36520096547381675, 0.36520096547381675, 0.36520096547381675, 0.36520096547381675, 0.36520096547381675, 0.36520096547381675, 0.36520096547381675], "loss": [3.115668812536773, 3.1084631908150104, 3.1085326063542884, 3.1079313600393625, 3.1077173119528165, 3.107684469643408, 3.106738385535608, 3.107572469963535, 3.1066435935815577, 3.1074656245089898, 3.1065646894932994, 3.107425542262099, 3.106493293488356, 3.1074516719174325, 3.107390119536998, 3.106484574995353, 3.1074098516771715, 3.106541893193944, 3.107440575844695, 3.107425004619195, 3.106540362840936, 3.107367297714243, 3.10650086598072, 3.107407903791375, 3.106455926330624, 3.106483620420211, 3.1073537224185857, 3.106484158513528, 3.1064630640243704, 3.1073378773420224, 3.107360073391076, 3.1064418865090953, 3.1073322450784353, 3.107340070102317, 3.1073309201137245, 3.106455992541325, 3.106455721242602, 3.106466821669331, 3.107318136644003, 3.106451506878927, 3.107338246830765, 3.106440417562384, 3.1073166382703135, 3.107310586822423, 3.10730991210385, 3.1073096823932542, 3.1073135765133335, 3.1064256486724546, 3.1064305171858453, 3.1064331135161276, 3.1073069314211983, 3.1064281363030823, 3.1073045593965563, 3.1073050261744926, 3.1064267861152475, 3.107303942180701, 3.106426206433803, 3.1073050653604177, 3.107303921011293, 3.1073025178248694, 3.1073035329054823, 3.1073036849949163, 3.106425120788497, 3.1064240064669018, 3.1064236776654606, 3.106424057213425, 3.1073023426142385, 3.1064232568296437, 3.1064228221811634, 3.1073013754275345, 3.1064224849720143, 3.1073012275419547, 3.106421934867686, 3.107300760764019, 3.107300571590587, 3.107300430611339, 3.106421291978293, 3.106421114815873, 3.1072999635331278, 3.1072998300607617, 3.1072998934188476, 3.107299889214994, 3.107299819851402, 3.1072996272248044, 3.106420664553078, 3.107299494202852, 3.107299463574772, 3.1064205265765827, 3.107299471832343, 3.1072994072731555, 3.1064204240325717, 3.107299350671264, 3.1072993026272178, 3.1072993799481043, 3.107299325598277, 3.1064203249417264, 3.1064203324486086, 3.10642029986874, 3.106420312480302, 3.1064202821524978]}, "valid": {"acc": [0.38526912181303113, 0.38526912181303113, 0.38526912181303113, 0.38526912181303113, 0.38526912181303113, 0.38526912181303113, 0.38526912181303113, 0.38526912181303113, 0.38526912181303113, 0.38526912181303113, 0.38526912181303113, 0.38526912181303113, 0.38526912181303113, 0.38526912181303113, 0.38526912181303113, 0.38526912181303113, 0.38526912181303113, 0.38526912181303113, 0.38526912181303113, 0.38526912181303113, 0.38526912181303113, 0.38526912181303113, 0.38526912181303113, 0.38526912181303113, 0.38526912181303113, 0.38526912181303113, 0.38526912181303113, 0.38526912181303113, 0.38526912181303113, 0.38526912181303113, 0.38526912181303113, 0.38526912181303113, 0.38526912181303113, 0.38526912181303113, 0.38526912181303113, 0.38526912181303113, 0.38526912181303113, 0.38526912181303113, 0.38526912181303113, 0.38526912181303113, 0.38526912181303113, 0.38526912181303113, 0.38526912181303113, 0.38526912181303113, 0.38526912181303113, 0.38526912181303113, 0.38526912181303113, 0.38526912181303113, 0.38526912181303113, 0.38526912181303113, 0.38526912181303113, 0.38526912181303113, 0.38526912181303113, 0.38526912181303113, 0.38526912181303113, 0.38526912181303113, 0.38526912181303113, 0.38526912181303113, 0.38526912181303113, 0.38526912181303113, 0.38526912181303113, 0.38526912181303113, 0.38526912181303113, 0.38526912181303113, 0.38526912181303113, 0.38526912181303113, 0.38526912181303113, 0.38526912181303113, 0.38526912181303113, 0.38526912181303113, 0.38526912181303113, 0.38526912181303113, 0.38526912181303113, 0.38526912181303113, 0.38526912181303113, 0.38526912181303113, 0.38526912181303113, 0.38526912181303113, 0.38526912181303113, 0.38526912181303113, 0.38526912181303113, 0.38526912181303113, 0.38526912181303113, 0.38526912181303113, 0.38526912181303113, 0.38526912181303113, 0.38526912181303113, 0.38526912181303113, 0.38526912181303113, 0.38526912181303113, 0.38526912181303113, 0.38526912181303113, 0.38526912181303113, 0.38526912181303113, 0.38526912181303113, 0.38526912181303113, 0.38526912181303113, 0.38526912181303113, 0.38526912181303113, 0.38526912181303113],