{"precision": 0.5856179298536811, "recall": 0.5422477963707408, "f1-score": 0.5545106371407832, "auc": 0.23945233701017213}