{"precision": 0.6431463532763733, "recall": 0.6158883965848035, "f1-score": 0.6250881941408488, "auc": 0.1825829434739688}