{"precision": 0.8027579556032509, "recall": 0.7332835452576616, "f1-score": 0.751944996710496, "auc": 0.22641071428571427}