{"precision": 0.7984904309900345, "recall": 0.7563069017575743, "f1-score": 0.7696002059307308, "auc": 0.19396852096599787}