{"precision": 0.7266472777746675, "recall": 0.6585106757237407, "f1-score": 0.6673573652004225, "auc": 0.1572318209486351}