{"train": {"acc": [0.32889075453877636, 0.5822226886346941, 0.6424598593766397, 0.39395529436457133, 0.3655157938923287, 0.37170741945639624, 0.36520096547381675, 0.3650960226676461, 0.36520096547381675, 0.36520096547381675, 0.36520096547381675, 0.36520096547381675, 0.36520096547381675, 0.36520096547381675, 0.36520096547381675, 0.36572567950466994, 0.36520096547381675, 0.3653059082799874, 0.596704795886242, 0.7111973974184069, 0.7527547486619792, 0.7762619372442019, 0.7944170427117221, 0.8176094028754329, 0.8296778255850561, 0.8254801133382307, 0.8436352188057509, 0.8531850141672789, 0.8639941232028544, 0.8671424073879735, 0.8760625459124777, 0.8817294574456921, 0.8867667121418826, 0.8911743100010494, 0.8942176513799979, 0.9013537621996012, 0.9111134431734704, 0.9145765557771015, 0.9218176094028754, 0.9302130338965264, 0.9332563752754749, 0.9396578864518838, 0.9477384825270228, 0.9493126246195823, 0.956343792633015, 0.9604365620736699, 0.9654738167698604, 0.9704061286598804, 0.971665442333928, 0.9737642984573408, 0.9738692412635114, 0.9780669535103369, 0.9781718963165075, 0.9794312099905551, 0.9815300661139679, 0.9814251233077973, 0.9809004092769441, 0.98352397943121, 0.9828943225941862, 0.9833140938188687], "loss": [2.0795951501743213, 1.5019988320969246, 1.2993697024680473, 1.975413175853523, 1.983774618522541, 1.9190825159485276, 1.9992266120137394, 1.989142521007641, 1.9917033765767072, 1.9915355814469826, 1.9938437519846737, 1.9910790710835844, 1.992830295820494, 1.9897567935892053, 1.9930095463185697, 1.9890947180825311, 1.9939175054833695, 1.9894340360486829, 1.460703847376076, 1.1146601591561291, 0.9673263124517493, 0.8920820210431073, 0.8237409269487536, 0.7486582543398883, 0.6999194746887362, 0.7063324093013197, 0.6389975644446708, 0.6011300082947757, 0.5616203453895208, 0.5447345770694114, 0.5077294719380301, 0.49451984787309494, 0.4608758788656544, 0.43976021658729864, 0.4277984898638081, 0.3859088565852191, 0.35228951275348663, 0.3312030013751339, 0.3094067368152979, 0.28005586483994044, 0.2761418465021494, 0.24854792292053635, 0.22022657700487086, 0.2111623768468161, 0.18672734458704252, 0.17082435657849182, 0.16393539339706703, 0.15211152073902054, 0.13577425948067293, 0.13149122934083682, 0.12379337902608756, 0.1150364850119159, 0.11375240624152325, 0.10789672315523431, 0.10198584501002286, 0.10028185191992167, 0.099935277591686, 0.09856909740011434, 0.09859716358619768, 0.0944660639239324]}, "valid": {"acc": [0.4730878186968839, 0.5967894239848914, 0.5089707271010387, 0.38526912181303113, 0.38526912181303113, 0.38526912181303113, 0.38526912181303113, 0.38526912181303113, 0.38526912181303113, 0.38526912181303113, 0.38526912181303113, 0.38526912181303113, 0.38526912181303113, 0.38526912181303113, 0.38526912181303113, 0.38526912181303113, 0.38526912181303113, 0.38526912181303113, 0.6628895184135978, 0.7507082152974505, 0.7620396600566572, 0.7667610953729934, 0.8073654390934845, 0.817752596789424, 0.7516525023607177, 0.8139754485363551, 0.8432483474976393, 0.8356940509915014, 0.8413597733711048, 0.8583569405099151, 0.8583569405099151, 0.8611898016997167, 0.8545797922568461, 0.8385269121813032, 0.8555240793201133, 0.8574126534466477, 0.846081208687441, 0.8583569405099151, 0.842304060434372, 0.8413597733711048, 0.8555240793201133, 0.8508026440037771, 0.8413597733711048, 0.8234183191690274, 0.8404154863078376, 0.8366383380547686, 0.8441926345609065, 0.8375826251180358, 0.8489140698772427, 0.8347497639282342, 0.8328611898016998, 0.833805476864967, 0.8394711992445704, 0.8385269121813032, 0.8328611898016998, 0.833805476864967, 0.8375826251180358, 0.8366383380547686, 0.8319169027384324, 0.833805476864967], "loss": [1.5478399690585687, 1.1190077656130033, 1.439550851857279, 1.755376943455752, 1.7590423292834276, 1.7470996040139621, 1.7544989857421256, 1.7480751994877546, 1.7557824928954329, 1.7701058860987933, 1.7753574489871136, 1.7593914598282885, 1.771849075540027, 1.7384567710312193, 1.7538027060279775, 1.7554234541206144, 1.787472120304865, 1.7427602040745134, 0.9881403120886006, 0.7605586042328402, 0.7066770188734006, 0.7227472006536964, 0.5837801122599561, 0.5718519060088177, 0.7331616223700844, 0.5781101548911332, 0.4838745404344707, 0.534126581455249, 0.5468688146735516, 0.474109964696137, 0.45091454253609786, 0.4441955163486219, 0.46294333025848755, 0.5389445152281616, 0.46676124162650096, 0.4646205536582663, 0.48984999906427107, 0.474037843458464, 0.5035414383131038, 0.5129483083670555, 0.5029720876605028, 0.5081205113707232, 0.551375287043028, 0.603682266772925, 0.54852545401135, 0.5899595044206485, 0.576222223669277, 0.6026272410619091, 0.5754153893634123, 0.6395543150651126, 0.6582946042009484, 0.6482574852342152, 0.630560343576138, 0.6386563200030985, 0.6545046118691255, 0.6517176641067094, 0.6442679336653344, 0.6510389001783213, 0.6532729735020533, 0.6663618327781108]}}