{"train": {"acc": [], "loss": []}, "valid": {"acc": [0.5453125, 0.5953125, 0.41875, 0.61875, 0.6609375, 0.6390625, 0.5609375, 0.7, 0.6609375, 0.6453125, 0.728125, 0.7609375, 0.671875, 0.7203125, 0.74375, 0.7078125, 0.6859375, 0.7609375, 0.753125, 0.6796875, 0.759375, 0.7640625, 0.6859375, 0.734375, 0.7578125, 0.7296875, 0.6765625, 0.759375, 0.7515625, 0.7171875, 0.7671875, 0.7609375, 0.740625, 0.74375, 0.765625, 0.7546875, 0.7359375, 0.7625, 0.75, 0.6515625, 0.7484375, 0.75, 0.7453125, 0.7375, 0.7609375, 0.746875, 0.675, 0.74375, 0.75625, 0.721875, 0.721875, 0.7421875, 0.721875, 0.74375, 0.753125, 0.7546875, 0.615625, 0.7578125, 0.75, 0.65625, 0.740625, 0.765625, 0.7171875, 0.6765625, 0.753125, 0.7484375, 0.6671875, 0.74375, 0.7484375, 0.7546875, 0.7640625, 0.75625, 0.7421875, 0.7234375, 0.7640625, 0.7546875, 0.6984375, 0.753125, 0.7421875, 0.715625, 0.753125, 0.753125, 0.7421875, 0.7046875, 0.7359375, 0.74375, 0.7125, 0.75625, 0.7359375, 0.721875, 0.759375, 0.7515625, 0.7234375, 0.696875, 0.7375, 0.728125, 0.671875, 0.74375, 0.740625, 0.7203125, 0.7546875, 0.7421875, 0.7328125, 0.6859375, 0.7515625, 0.7375, 0.7328125, 0.721875, 0.721875, 0.6828125, 0.7265625, 0.7359375, 0.740625, 0.6546875, 0.7546875, 0.74375, 0.65625, 0.75, 0.7515625, 0.7421875, 0.7421875, 0.740625, 0.7390625, 0.7265625, 0.746875, 0.7421875, 0.740625, 0.7421875, 0.734375, 0.7203125, 0.6828125, 0.7578125, 0.7515625, 0.728125, 0.740625, 0.7421875, 0.7390625, 0.7484375, 0.75, 0.721875, 0.7421875, 0.728125, 0.7421875, 0.6625, 0.7515625, 0.7578125, 0.7453125, 0.7453125, 0.7453125, 0.7359375], "loss": [1.4132577332205989, 1.3021020295305386, 1.6385053505622584, 1.1792782819443652, 1.0638377009235112, 1.1117253183204672, 1.3462983967688267, 0.9824132303159293, 1.0248288869510183, 1.1037885865920947, 0.8994652761914512, 0.8205844133005423, 1.0373265453394216, 0.9058727904577071, 0.8177390290607869, 0.9254556838893048, 0.9250553851463582, 0.7934336872209893, 0.8157994023883856, 1.0200799921646744, 0.8021114448414086, 0.7806845385956006, 1.010313598018481, 0.849428949265961, 0.7724473111073491, 0.8127586465415162, 0.9846817321777679, 0.7867496485934583, 0.8035404856477021, 0.8678049344500169, 0.774588964515157, 0.7658203665750263, 0.8376768048670749, 0.8226921295010046, 0.7594634573667088, 0.8190371385720487, 0.8932213145071813, 0.7543027891554464, 0.7764916567958466, 1.1429001302087973, 0.7967920894545546, 0.7855505085702736, 0.8498501711954886, 0.8526468635167809, 0.773044907589724, 0.8006700833012034, 1.0152909091570128, 0.7877705994625802, 0.7832308831312333, 0.913357011073261, 0.8499165514895509, 0.777746102367397, 0.8597258238506684, 0.813199452381005, 0.7879324085864972, 0.8381148410307663, 1.3655203169005206, 0.8183945230053006, 0.8190584582887265, 1.2195936678438888, 0.8189262711000278, 0.7838495284232068, 0.9601752329722865, 1.0622072898028345, 0.8453082720749118, 0.8345211211788767, 1.2858597837953691, 0.7963434101548046, 0.7737108627073714, 0.7866733607760735, 0.817993021559215, 0.8082592451423615, 0.8799346487725023, 0.9154917910602801, 0.8276707171963353, 0.8310563264538371, 1.030906468201562, 0.8733974735030782, 0.8864714463887515, 0.9980507602958543, 0.8734887552564349, 0.8797792922059304, 0.9535047219664807, 0.978912501311688, 0.8527043258684063, 0.8726305411123945, 1.0849209061149911, 0.8299470954557969, 0.8363215106038334, 1.043824702366739, 0.9171480945444126, 0.8986176210082384, 1.026226255574163, 1.2413884097906087, 0.9326301117636204, 0.9747693759168495, 1.1835894498804758, 0.8209664073291234, 0.8505492995845165, 1.018799199179682, 0.9085397213767196, 0.9291762336766284, 0.992916045362941, 1.2354717895639307, 0.8995964725199346, 0.8978084302337163, 1.1694404019839837, 0.9753959351346047, 0.9813168409137408, 1.3278973391104463, 1.0284817347130566, 0.9876244897804545, 1.0868147411747782, 1.7008259434821325, 0.8700202802271145, 0.884074418334457, 1.3309893987421064, 0.8789309082280881, 0.8965135058820416, 1.0379669987327484, 1.009563140463132, 0.9947420748402709, 1.013260288782847, 1.2398508040679292, 1.052224356706948, 1.0639655060329876, 1.1452128027405297, 1.1075443693437883, 1.1172900281857823, 1.1919878133033557, 0.9266063575402863, 0.7921044297130071, 0.8835404701416574, 0.9457367584003934, 0.914682681804215, 0.9140555164642962, 1.017695841063499, 1.006032104754855, 1.0040042943453213, 1.1404465292682417, 1.0072176274222095, 1.000786365586335, 1.2107135772405206, 1.0426397713721562, 0.7955755004401819, 0.8087230972068724, 0.9613177548723713, 0.9493487564923424, 0.943100126640097, 1.000678239069516]}}