{"precision": 0.380902459709005, "recall": 0.3143218390196097, "f1-score": 0.31617674785249295, "auc": 0.21325230533625972}