{"precision": 0.6416740580500421, "recall": 0.6020791767190748, "f1-score": 0.6155574598396925, "auc": 0.1879157903772694}