{"precision": 0.7591907852096277, "recall": 0.7542787933110807, "f1-score": 0.7529476659345091, "auc": 0.20923935857610615}