{"train": {"acc": [0.2671875, 0.366796875, 0.378515625, 0.3982421875, 0.436328125, 0.4955078125, 0.5130859375, 0.5169921875, 0.5169921875, 0.5234375, 0.522265625, 0.5212890625, 0.5267578125, 0.519921875, 0.5236328125, 0.5228515625, 0.530078125, 0.5451171875, 0.5400390625, 0.6017578125, 0.6115234375, 0.6173828125, 0.625, 0.619921875, 0.6322265625, 0.6470703125, 0.667578125, 0.669140625, 0.6853515625, 0.6724609375, 0.68828125, 0.687890625, 0.6904296875, 0.6916015625, 0.695703125, 0.6921875, 0.690234375, 0.695703125, 0.702734375, 0.6966796875, 0.6994140625, 0.695703125, 0.687109375, 0.703515625, 0.6994140625, 0.70546875, 0.7064453125, 0.712109375, 0.7119140625, 0.7044921875, 0.7017578125, 0.7052734375, 0.71796875, 0.72421875, 0.7171875, 0.715625, 0.7125, 0.70625, 0.6734375, 0.658984375, 0.6873046875, 0.66015625, 0.677734375, 0.70390625, 0.6953125, 0.6642578125, 0.6591796875, 0.650390625, 0.6607421875, 0.6609375, 0.671875, 0.687890625, 0.6625, 0.693359375, 0.6744140625, 0.6732421875, 0.66640625, 0.6689453125, 0.6658203125, 0.662109375, 0.6703125, 0.661328125, 0.665234375, 0.6615234375, 0.6650390625, 0.669921875, 0.6642578125, 0.6587890625, 0.6650390625, 0.67265625, 0.6712890625, 0.669140625, 0.6673828125, 0.6685546875, 0.667578125, 0.6724609375, 0.6716796875, 0.6736328125, 0.673828125, 0.673828125, 0.66875, 0.673828125, 0.676171875, 0.6791015625, 0.6744140625, 0.6787109375, 0.6798828125, 0.67578125, 0.67421875, 0.6771484375, 0.671484375, 0.6716796875, 0.6625, 0.67578125, 0.6724609375, 0.6744140625, 0.682421875, 0.6810546875, 0.6685546875, 0.6673828125, 0.6728515625, 0.673828125, 0.673828125, 0.67890625, 0.6693359375, 0.670703125, 0.6744140625, 0.6720703125, 0.6787109375, 0.6791015625, 0.6779296875, 0.68125, 0.679296875, 0.67890625, 0.6875, 0.6791015625, 0.6818359375, 0.6890625, 0.6828125, 0.68515625, 0.6796875, 0.680859375, 0.68671875, 0.6787109375, 0.683203125, 0.6806640625, 0.680859375, 0.6734375, 0.6775390625, 0.68515625], "loss": [2.133616098874732, 1.9645199217373812, 1.915047672730458, 1.8821399166614194, 1.8560748945308636, 1.8263048325912863, 1.812883349913585, 1.8068226424953606, 1.8011091494862037, 1.7994111233119723, 1.7967107235630857, 1.8003621025930476, 1.7964808955977234, 1.7952920998199076, 1.7908431110502798, 1.7922641476498375, 1.7849776397777508, 1.7831562712222715, 1.7612492193149616, 1.7282363085807124, 1.7180934254127214, 1.7145041649854635, 1.7024309544623653, 1.7049613104590886, 1.6959630084943167, 1.687656716455387, 1.6808596487286724, 1.6748320950737483, 1.66632864143275, 1.6700803373433366, 1.6622852932048748, 1.6627956704248357, 1.6537278166300133, 1.6557716976238201, 1.649400748784029, 1.651273220400267, 1.6548068719574167, 1.6524486270131944, 1.6432768694962128, 1.644497205939474, 1.6360340042959285, 1.6358477058289926, 1.6392840554442587, 1.6380328181423718, 1.638974986498869, 1.6396428195736077, 1.6374037356316289, 1.6312750608106203, 1.6307174208797985, 1.6347265334068974, 1.637234914151928, 1.6329611690738532, 1.6270443774476837, 1.6205918366395975, 1.625356808493409, 1.625653084320358, 1.6253748800181136, 1.6272553446926648, 1.6220951638644254, 1.6235325894778287, 1.6193284098106095, 1.6162614822387695, 1.618422473533244, 1.6241865414607375, 1.6164999792847452, 1.6158298570898515, 1.615772639648824, 1.6252074815049957, 1.6197384822217724, 1.6159970533998707, 1.6104302466670168, 1.6136489337003683, 1.6160241984113861, 1.616829211198831, 1.6123704110519796, 1.6074982262864899, 1.6104886109315897, 1.6078219474116457, 1.6153895583333848, 1.611334269559836, 1.6106348279156262, 1.6121432886847966, 1.6099574611156802, 1.607671303085134, 1.6062228226963478, 1.603515031971509, 1.6118372542948662, 1.6155032145826123, 1.6101931906953644, 1.6028452040273933, 1.6069930203353302, 1.6073136495638498, 1.60665762424469, 1.6069827411748185, 1.6046199828763552, 1.6017812354655205, 1.6049355434466013, 1.6065923171707346, 1.604651070848296, 1.5998261065422734, 1.6087219835836677, 1.6045745882806899, 1.6001855285861823, 1.599234734909444, 1.604586279844936, 1.597675534743297, 1.5935197993169856, 1.6015307224249538, 1.5963770241677007, 1.5982780245286, 1.5988615570189078, 1.601581750036795, 1.608547304250017, 1.602875698970843, 1.600656296633467, 1.599668225155601, 1.5890721761727635, 1.5924710895441756, 1.6006437841849992, 1.6000676607783837, 1.5965958079205285, 1.5931705840026276, 1.5961521531962142, 1.59556050240239, 1.6036278778993631, 1.6029677406142029, 1.6000361563284187, 1.6044885900956165, 1.5988163963148865, 1.5967747984053213, 1.5951689542094363, 1.5943385060829451, 1.5944284955157508, 1.6019048675706116, 1.5925268462941617, 1.59021861492833, 1.587137966216365, 1.5852188837679126, 1.5908635356758214, 1.5884043506429166, 1.5934658669218231, 1.5915786601320099, 1.5883997814564765, 1.5940597344048415, 1.5909901751747615, 1.5906565928760963, 1.5953079869475546, 1.596303948873206, 1.5947711075408548, 1.5889572025854377]}, "valid": {"acc": [0.359375, 0.3453125, 0.3609375, 0.3734375, 0.475, 0.471875, 0.45625, 0.5234375, 0.5171875, 0.4875, 0.4890625, 0.5109375, 0.4625, 0.5203125, 0.4984375, 0.5328125, 0.53125, 0.509375, 0.5234375, 0.6046875, 0.603125, 0.6296875, 0.5703125, 0.5921875, 0.603125, 0.65625, 0.66875, 0.6578125, 0.6078125, 0.6703125, 0.653125, 0.6546875, 0.6984375, 0.6984375, 0.6765625, 0.6984375, 0.59375, 0.6921875, 0.7015625, 0.634375, 0.6734375, 0.6390625, 0.6578125, 0.690625, 0.6765625, 0.6859375, 0.7046875, 0.675, 0.6875, 0.66875, 0.6671875, 0.6734375, 0.6921875, 0.6890625, 0.671875, 0.7171875, 0.678125, 0.70625, 0.6578125, 0.6671875, 0.6203125, 0.63125, 0.61875, 0.6953125, 0.6359375, 0.6234375, 0.6265625, 0.61875, 0.6109375, 0.634375, 0.6375, 0.63125, 0.64375, 0.640625, 0.6234375, 0.6296875, 0.6296875, 0.6359375, 0.6265625, 0.646875, 0.58125, 0.628125, 0.6390625, 0.61875, 0.6359375, 0.5953125, 0.64375, 0.596875, 0.6421875, 0.6203125, 0.6328125, 0.640625, 0.6390625, 0.634375, 0.640625, 0.609375, 0.60625, 0.6375, 0.63125, 0.6390625, 0.609375, 0.6328125, 0.6296875, 0.628125, 0.646875, 0.6296875, 0.634375, 0.640625, 0.640625, 0.634375, 0.6453125, 0.6265625, 0.6421875, 0.6421875, 0.63125, 0.653125, 0.64375, 0.615625, 0.6328125, 0.6328125, 0.6265625, 0.6609375, 0.6453125, 0.6375, 0.63125, 0.625, 0.63125, 0.6109375, 0.6359375, 0.6359375, 0.61875, 0.640625, 0.625, 0.6375, 0.6421875, 0.6171875, 0.596875, 0.6453125, 0.6375, 0.6328125, 0.63125, 0.634375, 0.6546875, 0.6390625, 0.621875, 0.6296875, 0.634375, 0.5921875, 0.634375, 0.6328125],