{"precision": 0.6038405883604818, "recall": 0.4674935871943871, "f1-score": 0.49842458662263517, "auc": 0.18094692185831762}