{"precision": 0.7788465424452413, "recall": 0.7673055373573563, "f1-score": 0.7662797734528918, "auc": 0.22393165981025942}