{"precision": 0.7407217958787842, "recall": 0.6851910772412386, "f1-score": 0.6989224614337866, "auc": 0.1190827363393735}