{"precision": 0.739103222406958, "recall": 0.682580008044495, "f1-score": 0.701336619304583, "auc": 0.1903123097813363}