{"train": {"acc": [0.5421875, 0.640234375, 0.65, 0.7037109375, 0.702734375, 0.7244140625, 0.72265625, 0.739453125, 0.7515625, 0.751953125, 0.76484375, 0.7677734375, 0.749609375, 0.7669921875, 0.774609375, 0.7748046875, 0.77734375, 0.7767578125, 0.7685546875, 0.7681640625, 0.79140625, 0.7818359375, 0.7869140625, 0.7876953125, 0.796484375, 0.7939453125, 0.7921875, 0.7849609375, 0.7958984375, 0.7759765625, 0.805859375, 0.8060546875, 0.8134765625, 0.79453125, 0.796484375, 0.7939453125, 0.8044921875, 0.8087890625, 0.809375, 0.8083984375, 0.8005859375, 0.814453125, 0.814453125, 0.8173828125, 0.819921875, 0.821875, 0.8208984375, 0.831640625, 0.8265625, 0.827734375, 0.828515625, 0.8291015625, 0.8259765625, 0.83828125, 0.828515625, 0.833203125, 0.8333984375, 0.8326171875, 0.8416015625, 0.8361328125, 0.8455078125, 0.850390625, 0.8564453125, 0.85, 0.854296875, 0.855078125, 0.846484375, 0.8501953125, 0.8634765625, 0.8662109375, 0.86484375, 0.871484375, 0.875390625, 0.8740234375, 0.8736328125, 0.87890625, 0.88515625, 0.8875, 0.8875, 0.8921875, 0.8853515625, 0.8935546875, 0.890234375, 0.8984375, 0.8974609375, 0.90234375, 0.901171875, 0.898046875, 0.9015625, 0.904296875, 0.9013671875, 0.90625, 0.9087890625, 0.9115234375, 0.9134765625, 0.911328125, 0.9126953125, 0.916015625, 0.916015625, 0.9130859375, 0.9201171875, 0.9171875, 0.9201171875, 0.91796875, 0.92109375, 0.91796875, 0.9228515625, 0.9212890625, 0.92109375, 0.925390625, 0.9232421875, 0.923828125, 0.9248046875, 0.9228515625, 0.9240234375, 0.92578125, 0.92578125, 0.92734375, 0.9279296875, 0.92734375, 0.92734375, 0.926953125, 0.9271484375, 0.9265625, 0.927734375, 0.928125, 0.9265625, 0.9298828125, 0.9294921875, 0.9298828125, 0.9287109375, 0.9298828125, 0.9294921875, 0.9306640625, 0.9298828125, 0.9296875, 0.931640625, 0.9306640625, 0.9296875, 0.930859375, 0.9298828125, 0.93125, 0.930078125, 0.930859375, 0.9310546875, 0.9322265625, 0.9296875, 0.9298828125, 0.92890625, 0.9306640625], "loss": [2.573788069471528, 2.3914181823971905, 2.3748519873317284, 2.2905206438861314, 2.2912284452703933, 2.253754990010322, 2.260063796103755, 2.2293509018572073, 2.209270463714117, 2.209039666984655, 2.1896064900144747, 2.183911249607424, 2.213527469695369, 2.184453045265584, 2.17125418518163, 2.170706993416895, 2.168534278869629, 2.16928835760189, 2.1810446479652503, 2.183689635011214, 2.1440284312525884, 2.160635355152661, 2.1538951200774954, 2.1501526802401, 2.1342114436475534, 2.1392354014553603, 2.1441344460354577, 2.1527254174027264, 2.1378567113152034, 2.169691979130612, 2.121413623230367, 2.120484691631945, 2.1089435815811157, 2.1389748763434495, 2.137078016619139, 2.1420858011970036, 2.121998257274869, 2.1149910160257845, 2.1151266052753113, 2.117927696131453, 2.1284886160983314, 2.1057670825644386, 2.1084177071535133, 2.1015797355506995, 2.0965974391261235, 2.0953792152525503, 2.0973530570163, 2.078767148754265, 2.0870063304901123, 2.0843214324758024, 2.0830269523813754, 2.081695540041863, 2.0886320237871967, 2.0683009171787696, 2.0832944369014306, 2.075324426723432, 2.076069155825844, 2.0766695420953294, 2.0616485951822017, 2.069580503656894, 2.0561226500740535, 2.0480444355856013, 2.036419049093995, 2.047816072838216, 2.04190179969691, 2.0390040331248995, 2.0521920346006564, 2.046951426735407, 2.025772707371772, 2.0211945394926434, 2.0226583239398424, 2.0119521361363084, 2.005229548562931, 2.009602264512943, 2.009085635595684, 2.0007856375054467, 1.9903061269204827, 1.9864978745013853, 1.9856486154507986, 1.9787922237492814, 1.989245810086214, 1.975611482994466, 1.981817658943466, 1.9690153583695618, 1.9699285543417628, 1.962425349633905, 1.9643055004409598, 1.9694455530070052, 1.9631653722328475, 1.9586164000668103, 1.9621299656131599, 1.9552294770373573, 1.9517865784560577, 1.947408161585844, 1.9447060627273367, 1.9473835018616688, 1.9448332530033738, 1.9391098143179206, 1.9394533090953585, 1.944999098777771, 1.9335788835453083, 1.9370980941796605, 1.933273949200594, 1.9356835763665694, 1.9316278062289274, 1.9368772672701486, 1.9287239086778858, 1.9307785532142543, 1.9303598675546767, 1.9242275304432157, 1.9272673975063275, 1.9274731512311138, 1.9253995373279233, 1.9270359896406342, 1.9264162627956536, 1.9236776194994962, 1.9229850376708597, 1.9207161830950388, 1.9198532617544826, 1.9210925238041938, 1.920430847361118, 1.92109753512129, 1.9201985612700256, 1.920604117308991, 1.9205765890169748, 1.9188763099380686, 1.921400421782385, 1.9164901579482645, 1.9174962994418567, 1.9166507404061812, 1.917887200283099, 1.9157411720179305, 1.916872976701471, 1.9146012143243718, 1.9158996056906785, 1.9168397067468377, 1.9139018707637545, 1.914592003520531, 1.9164941024176683, 1.91466061525707, 1.9158023761797556, 1.9137367462810082, 1.9157436195808122, 1.9145422509953947, 1.9144216036494774, 1.9128850155238863, 1.9168050681488424, 1.9160416609124293, 1.9171284422089783, 1.9151624290249016]}, "valid": {"acc": [0.5984375, 0.4421875, 0.6828125, 0.684375, 0.7171875, 0.6984375, 0.6984375, 0.709375, 0.7484375, 0.759375, 0.7109375, 0.728125, 0.709375, 0.7609375, 0.778125, 0.7671875, 0.75625, 0.7625, 0.734375, 0.7609375, 0.7703125, 0.7328125, 0.7140625, 0.753125, 0.775, 0.7828125, 0.76875, 0.7390625, 0.7671875, 0.7859375, 0.7765625, 0.7640625, 0.7734375, 0.7578125, 0.753125, 0.775, 0.771875, 0.75, 0.7765625, 0.775, 0.778125, 0.7640625, 0.7796875, 0.7796875, 0.7890625, 0.796875, 0.765625, 0.7921875, 0.7828125, 0.7828125, 0.8, 0.7640625, 0.7828125, 0.771875, 0.784375, 0.8, 0.8078125, 0.7953125, 0.8046875, 0.784375, 0.7984375, 0.79375, 0.7890625, 0.7734375, 0.7984375, 0.7828125, 0.775, 0.8046875, 0.7921875, 0.8, 0.8, 0.7890625, 0.790625, 0.79375, 0.7921875, 0.796875, 0.796875, 0.790625, 0.8125, 0.8109375, 0.7890625, 0.803125, 0.8078125, 0.8078125, 0.815625, 0.809375, 0.8140625, 0.7984375, 0.8046875, 0.8, 0.809375, 0.80625, 0.8046875, 0.809375, 0.80625, 0.8125, 0.8125, 0.8171875, 0.80625, 0.8109375, 0.8109375, 0.809375, 0.8078125, 0.8109375, 0.8140625, 0.80625, 0.8109375, 0.809375, 0.8046875, 0.8109375, 0.8109375, 0.803125, 0.8140625, 0.815625, 0.8046875, 0.81875, 0.8140625, 0.809375, 0.8140625, 0.815625, 0.809375, 0.8109375, 0.8125, 0.8109375, 0.8125, 0.809375, 0.8140625, 0.8171875, 0.8109375, 0.8140625, 0.81875, 0.8171875, 0.81875, 0.821875, 0.821875, 0.8171875, 0.815625, 0.8171875, 0.815625, 0.8171875, 0.8125, 0.8125, 0.8109375, 0.8109375, 0.815625, 0.815625, 0.809375, 0.815625, 0.8125, 0.8140625],