{"train": {"acc": [0.539453125, 0.6587890625, 0.6896484375, 0.70546875, 0.716015625, 0.7232421875, 0.7484375, 0.7466796875, 0.7587890625, 0.7736328125, 0.76171875, 0.76171875, 0.7625, 0.7642578125, 0.7791015625, 0.7794921875, 0.7759765625, 0.7775390625, 0.7923828125, 0.7837890625, 0.787109375, 0.7849609375, 0.797265625, 0.796875, 0.8048828125, 0.7955078125, 0.812109375, 0.8080078125, 0.7943359375, 0.8080078125, 0.81015625, 0.8091796875, 0.8197265625, 0.824609375, 0.8248046875, 0.8236328125, 0.831640625, 0.8318359375, 0.833203125, 0.838671875, 0.8408203125, 0.8376953125, 0.844921875, 0.843359375, 0.8466796875, 0.85, 0.84921875, 0.8572265625, 0.8546875, 0.8638671875, 0.866015625, 0.8595703125, 0.8654296875, 0.8666015625, 0.86484375, 0.862890625, 0.8732421875, 0.8763671875, 0.878125, 0.8853515625, 0.881640625, 0.8849609375, 0.8953125, 0.88828125, 0.8904296875, 0.8900390625, 0.8923828125, 0.9009765625, 0.896484375, 0.9005859375, 0.9029296875, 0.9126953125, 0.9083984375, 0.907421875, 0.894921875, 0.9046875, 0.9119140625, 0.9193359375, 0.9166015625, 0.91640625, 0.919140625, 0.920703125, 0.920703125, 0.9177734375, 0.91953125, 0.92265625, 0.92265625, 0.9251953125, 0.9248046875, 0.9275390625, 0.9298828125, 0.9298828125, 0.9298828125, 0.9326171875, 0.9310546875, 0.9328125, 0.933984375, 0.9353515625, 0.933984375, 0.9353515625, 0.9349609375, 0.9361328125, 0.9349609375, 0.9373046875, 0.9408203125, 0.9404296875, 0.940234375, 0.939453125, 0.939453125, 0.9427734375, 0.9421875, 0.9412109375, 0.9416015625, 0.9427734375, 0.94296875, 0.943359375, 0.9447265625, 0.94296875, 0.944921875, 0.9447265625, 0.946484375, 0.946484375, 0.9443359375, 0.94609375, 0.947265625, 0.9474609375, 0.9470703125, 0.9470703125, 0.9474609375, 0.946875, 0.945703125, 0.9466796875, 0.946875, 0.946875, 0.9478515625, 0.948046875, 0.9478515625, 0.9470703125, 0.9478515625, 0.94765625, 0.948046875, 0.948046875, 0.9482421875, 0.9478515625, 0.948828125, 0.947265625, 0.948046875, 0.948046875, 0.9478515625, 0.9484375], "loss": [2.5806475892851624, 2.3589363973351976, 2.311761862115015, 2.286473213871823, 2.2688890891739084, 2.255864134317712, 2.2143254944040804, 2.2184346627585496, 2.198958396911621, 2.1754774488980257, 2.1944602984416335, 2.1915402789659137, 2.1923391728461543, 2.1890389270420316, 2.1647635109816927, 2.1629288634167443, 2.168899097020113, 2.1681506422501577, 2.1444857769374606, 2.1568174663978286, 2.152142767664752, 2.155182909361924, 2.137180151818674, 2.133945952487897, 2.1216241347638864, 2.136061629162559, 2.1112437882000887, 2.117493166199213, 2.138444456873061, 2.116651791560499, 2.1124996037422856, 2.116113114960586, 2.0974184591558913, 2.0912056286123732, 2.0877008317392085, 2.0923375857027273, 2.0776804730862, 2.0767642878278902, 2.0758344825310044, 2.0644247154646282, 2.064631406264969, 2.0688050245936913, 2.0561006838762306, 2.059660164615776, 2.054692713520195, 2.048165691049793, 2.049956717068636, 2.035663324066355, 2.038985880115364, 2.0264330604408363, 2.0225078999241695, 2.032481109039693, 2.020760949653915, 2.020130866690527, 2.0227614173406288, 2.028317833248573, 2.009907825083672, 2.0046507768993136, 1.999966458429264, 1.9901499808589114, 1.9956693739830693, 1.9908071333848978, 1.974160624455802, 1.9848505771612819, 1.9818263491497765, 1.9822873933405816, 1.9779624259924586, 1.9651202114322517, 1.9716628865350652, 1.9631084807311432, 1.9600372495530527, 1.9459070525591886, 1.9508177721047704, 1.9540928315512742, 1.9722123251685613, 1.9578068452545359, 1.9458690444125404, 1.9341301570964764, 1.9391808570185793, 1.939201827290692, 1.935046980652628, 1.93179827098605, 1.9322445920751066, 1.9352885303618033, 1.9338277201109295, 1.9292040882231314, 1.9282425415666797, 1.9245660108856009, 1.923896762389171, 1.9203809922254538, 1.9166141823877263, 1.917906343182431, 1.9159887319878688, 1.9133640950239157, 1.9143530688708341, 1.9116608990898616, 1.9099643803850006, 1.907709444625468, 1.9102640619760827, 1.9072064312198493, 1.9087535339065744, 1.9058468462545661, 1.9078873893882655, 1.9039946568163135, 1.8993360256846947, 1.8993054024780853, 1.8998517160174213, 1.9003290903719166, 1.899921464014657, 1.8951827710187887, 1.8960104607328583, 1.8975789033913915, 1.896839842011657, 1.8955492882788936, 1.8949568482893933, 1.8940936749494528, 1.8925544038603577, 1.8942822912071324, 1.8915452700627, 1.8923906525479088, 1.8895750302302687, 1.8896599057354504, 1.89226040206378, 1.8899100837828238, 1.887690418883215, 1.8878292313104943, 1.8884402468234678, 1.8884302272072322, 1.8871409998664372, 1.88848387138753, 1.8901734397381167, 1.8882196734223184, 1.8878634307957902, 1.8884630987915811, 1.8867321482187585, 1.886325647559347, 1.8868663839147062, 1.8877189536637897, 1.886812712572798, 1.8866129600549046, 1.8860712836060343, 1.8868489371070378, 1.885734814631788, 1.8863811326932303, 1.8851025044163572, 1.8871379924725882, 1.8863054740278027, 1.8857230461096461, 1.8867576243002204, 1.8853196011313909]}, "valid": {"acc": [0.5, 0.553125, 0.6546875, 0.696875, 0.715625, 0.7078125, 0.740625, 0.7390625, 0.753125, 0.775, 0.753125, 0.753125, 0.7421875, 0.7625, 0.7390625, 0.75625, 0.746875, 0.7515625, 0.7625, 0.775, 0.76875, 0.7296875, 0.7765625, 0.778125, 0.778125, 0.7421875, 0.76875, 0.778125, 0.76875, 0.775, 0.771875, 0.76875, 0.7625, 0.7828125, 0.7875, 0.7796875, 0.7859375, 0.784375, 0.790625, 0.765625, 0.7890625, 0.7875, 0.7828125, 0.7796875, 0.778125, 0.76875, 0.7625, 0.8078125, 0.796875, 0.78125, 0.8, 0.79375, 0.7859375, 0.7609375, 0.7859375, 0.7984375, 0.7828125, 0.7953125, 0.7953125, 0.8078125, 0.778125, 0.771875, 0.7953125, 0.7953125, 0.803125, 0.7984375, 0.79375, 0.8078125, 0.796875, 0.7921875, 0.8125, 0.7921875, 0.7984375, 0.80625, 0.7953125, 0.8015625, 0.796875, 0.8140625, 0.7953125, 0.80625, 0.8, 0.8, 0.8046875, 0.796875, 0.7984375, 0.7984375, 0.7953125, 0.796875, 0.8, 0.79375, 0.796875, 0.796875, 0.7859375, 0.796875, 0.7953125, 0.8, 0.8078125, 0.8140625, 0.809375, 0.8109375, 0.8078125, 0.8140625, 0.8078125, 0.8046875, 0.7984375, 0.803125, 0.8078125, 0.8125, 0.8046875, 0.8140625, 0.8140625, 0.8140625, 0.8109375, 0.8109375, 0.80625, 0.8078125, 0.803125, 0.8078125, 0.821875, 0.815625, 0.8125, 0.8109375, 0.8109375, 0.8109375, 0.8015625, 0.809375, 0.80625, 0.8078125, 0.8125, 0.8046875, 0.803125, 0.803125, 0.8078125, 0.8015625, 0.80625, 0.803125, 0.8046875, 0.7984375, 0.8015625, 0.8015625, 0.7984375, 0.7984375, 0.7984375, 0.8, 0.8109375, 0.803125, 0.803125, 0.8, 0.8046875, 0.803125],