{"precision": 0.5635835162283684, "recall": 0.5432742764828729, "f1-score": 0.5509012381657908, "auc": 0.1408354893389241}