{"precision": 0.5916998777704545, "recall": 0.5699312124346484, "f1-score": 0.5756354846966116, "auc": 0.2255676209279368}