{"precision": 0.3964512338835067, "recall": 0.38047003387873474, "f1-score": 0.37084078999453896, "auc": 0.20382775903298722}