{"precision": 0.5261702289631804, "recall": 0.4153793583733784, "f1-score": 0.4461267616774012, "auc": 0.1873218789923674}