{"precision": 0.7381822411919593, "recall": 0.6908943860438517, "f1-score": 0.7054028408594587, "auc": 0.14043404972608514}