{"precision": 0.6980993239863208, "recall": 0.6510645352344605, "f1-score": 0.6618804342573958, "auc": 0.17221519876387134}