{"precision": 0.6038305767815256, "recall": 0.5899300225831814, "f1-score": 0.5926871488622432, "auc": 0.19783037898622258}