{"precision": 0.7544777618822889, "recall": 0.7479101478540607, "f1-score": 0.748528615108652, "auc": 0.2581752161867181}