{"precision": 0.7747397619796594, "recall": 0.7713736639717568, "f1-score": 0.7691251900381384, "auc": 0.21990177147174883}