{"precision": 0.7697374668108151, "recall": 0.751423156435115, "f1-score": 0.7569982807409592, "auc": 0.2613025774494165}