{"precision": 0.7626533283327064, "recall": 0.7572718475272904, "f1-score": 0.7572750044191633, "auc": 0.295189320795903}