{"precision": 0.771540665379301, "recall": 0.7755261319719072, "f1-score": 0.7711657679336397, "auc": 0.19039123499286376}