{"precision": 0.7724129949116505, "recall": 0.7737022312213557, "f1-score": 0.7718101693720972, "auc": 0.2642410376962472}