{"precision": 0.7649323250736791, "recall": 0.7424260659389061, "f1-score": 0.7489839601639715, "auc": 0.27625724120560824}