{"precision": 0.7519858374636781, "recall": 0.7629666027588082, "f1-score": 0.7530632582423044, "auc": 0.23468852321383596}