{"precision": 0.5875176743680405, "recall": 0.5408647384616502, "f1-score": 0.5550217162083831, "auc": 0.2157388729130006}