{"precision": 0.5736107909026379, "recall": 0.5538331332602272, "f1-score": 0.5578725499413096, "auc": 0.27207176273659817}