{"precision": 0.5713641637492605, "recall": 0.4965558488108364, "f1-score": 0.4937671443899568, "auc": 0.27813425468904246}