{"precision": 0.5647611324859405, "recall": 0.5473333135553087, "f1-score": 0.5493896783954797, "auc": 0.40345079187947985}