{"precision": 0.6683251175585242, "recall": 0.6235698445162259, "f1-score": 0.6333382928935943, "auc": 0.23779990557534658}