{"precision": 0.6430019374857442, "recall": 0.6010098123484185, "f1-score": 0.6154177069563856, "auc": 0.18126314434095883}