{"precision": 0.6122844984707971, "recall": 0.6285116053080719, "f1-score": 0.6192900071904008, "auc": 0.12681874758573328}