{"precision": 0.6345936081889794, "recall": 0.596453408617437, "f1-score": 0.6092872288999182, "auc": 0.21166144469719728}