{"train": {"acc": [0.5470703125, 0.67109375, 0.70859375, 0.7244140625, 0.751953125, 0.761328125, 0.7626953125, 0.78203125, 0.7861328125, 0.7794921875, 0.788671875, 0.798828125, 0.806640625, 0.801171875, 0.8142578125, 0.81171875, 0.8296875, 0.8328125, 0.830859375, 0.83828125, 0.8359375, 0.8404296875, 0.844140625, 0.8509765625, 0.853515625, 0.853515625, 0.860546875, 0.8640625, 0.8607421875, 0.86484375, 0.871484375, 0.8869140625, 0.887890625, 0.8919921875, 0.8939453125, 0.89296875, 0.896484375, 0.897265625, 0.900390625, 0.8974609375, 0.9083984375, 0.908203125, 0.9048828125, 0.9099609375, 0.914453125, 0.909765625, 0.9134765625, 0.915234375, 0.921875, 0.9267578125, 0.9275390625, 0.9236328125, 0.923046875, 0.927734375, 0.9318359375, 0.9294921875, 0.9357421875, 0.93515625, 0.9357421875, 0.932421875, 0.935546875, 0.9408203125, 0.940234375, 0.935546875, 0.938671875, 0.9427734375, 0.9427734375, 0.9447265625, 0.94453125, 0.942578125, 0.9458984375, 0.9462890625, 0.946484375, 0.95078125, 0.9517578125, 0.9521484375, 0.9521484375, 0.953515625, 0.9544921875, 0.955859375, 0.9544921875, 0.9572265625, 0.9587890625, 0.95703125, 0.95625, 0.9580078125, 0.9564453125, 0.9587890625, 0.9578125, 0.9595703125, 0.9595703125, 0.96015625, 0.959375, 0.9595703125, 0.959375, 0.9599609375, 0.9607421875, 0.9611328125, 0.9599609375, 0.962890625, 0.9630859375, 0.963671875, 0.9626953125, 0.96328125, 0.962109375, 0.96328125, 0.9630859375, 0.9650390625, 0.9654296875, 0.9650390625, 0.965234375, 0.965625, 0.9654296875, 0.9650390625, 0.9650390625, 0.9654296875, 0.9654296875, 0.965625, 0.965625, 0.9662109375, 0.9658203125, 0.96640625, 0.9658203125, 0.9673828125, 0.9658203125, 0.9666015625, 0.9662109375, 0.9658203125, 0.9673828125, 0.967578125, 0.9673828125, 0.967578125, 0.9673828125, 0.9681640625, 0.96640625, 0.9677734375, 0.966796875, 0.9677734375, 0.9677734375, 0.968359375, 0.9685546875, 0.9681640625, 0.96796875, 0.966796875, 0.9677734375, 0.9677734375, 0.96796875, 0.9677734375, 0.9671875, 0.967578125], "loss": [2.085094694849811, 1.908778739880912, 1.863070453269572, 1.8430873336671274, 1.8096496304379235, 1.8000088205820397, 1.7969290063351016, 1.7759429412552072, 1.7691243902037415, 1.777033105681214, 1.7679335482512848, 1.7554043486148496, 1.7458240578446207, 1.7512954911099206, 1.7361217646659175, 1.7391881308978117, 1.7173129425773137, 1.7147608482384984, 1.7158840004401872, 1.7082812846461428, 1.7130676870104633, 1.7047844868672044, 1.7001483304591118, 1.6923500420172004, 1.6903072429608694, 1.6897864779339562, 1.68140740485131, 1.6775541184823723, 1.681098465678058, 1.6747704970685742, 1.6696592358094227, 1.650311463995825, 1.649391593812387, 1.6446353966676737, 1.6418691737742364, 1.6433545577375195, 1.6392649502693852, 1.6386512729186047, 1.6338020970549765, 1.637868790686885, 1.6254677425456951, 1.6245682601687275, 1.6280958245072183, 1.6223620221584658, 1.6177908876274205, 1.622460991521425, 1.6168037215365638, 1.6160013796407966, 1.6076792584189885, 1.603038173687609, 1.600785697562785, 1.605872631072998, 1.60682459119, 1.6006323702727692, 1.5971239050732384, 1.5993952962416638, 1.5920335914515242, 1.5935212645349623, 1.592101337034491, 1.5948792952525466, 1.5916450415985495, 1.5859304575980464, 1.5864741047726403, 1.5920665822451627, 1.5880176689051375, 1.583271307281301, 1.5841869025290767, 1.5805542785910112, 1.5813620618627042, 1.5832586982582189, 1.5797564500494847, 1.57902420623393, 1.5789623381216316, 1.5736061817483058, 1.5734564624255216, 1.5726737870445735, 1.5725363960748986, 1.571317858333829, 1.5701541432851478, 1.567921065076997, 1.5690566120268423, 1.5656206668177737, 1.5639821019353746, 1.565645210350616, 1.5674379898023, 1.5654399621335766, 1.5665847787374183, 1.564059987852845, 1.565501427348656, 1.5631753417510021, 1.5631527840336668, 1.5627808299245713, 1.5635471977765047, 1.5635277772251563, 1.5634053402309176, 1.562658044356334, 1.5619283371333834, 1.5613058669657647, 1.5628475991985467, 1.5595348198202592, 1.5592700710779503, 1.558167961579335, 1.5591956014874615, 1.5588714955728264, 1.5601732836493962, 1.5587673247614993, 1.5586445799356774, 1.5572701934017712, 1.5569299836701984, 1.5564468902877615, 1.556387401834319, 1.5562781186043462, 1.5559642299821106, 1.5562845936304406, 1.5566055880317204, 1.555748942532117, 1.5562498992002463, 1.5559155986278872, 1.5559168284452414, 1.5553505209427845, 1.5557191115391404, 1.5549286196503458, 1.5554476342623746, 1.5539227965511853, 1.555588934994951, 1.554650258414353, 1.5547928704491145, 1.5554826078535635, 1.5536025385313397, 1.5534077656419971, 1.5536096111128601, 1.5534796986398818, 1.5537582032288177, 1.5525082078161119, 1.5545918247367763, 1.5532813796514198, 1.5543704183795783, 1.553198927565466, 1.5532156923149205, 1.5525683164596558, 1.5524198993851868, 1.5528040475483182, 1.5529051113732253, 1.5542552757866774, 1.553271602980698, 1.5531679723836198, 1.5528844308249559, 1.552947469904453, 1.553778112689151, 1.55329331416118]}, "valid": {"acc": [0.596875, 0.6859375, 0.68125, 0.7046875, 0.7453125, 0.7375, 0.73125, 0.7671875, 0.74375, 0.7484375, 0.7515625, 0.7671875, 0.7546875, 0.765625, 0.7578125, 0.7859375, 0.765625, 0.7640625, 0.784375, 0.7453125, 0.7421875, 0.7828125, 0.7734375, 0.753125, 0.78125, 0.75625, 0.765625, 0.7578125, 0.7765625, 0.80625, 0.796875, 0.79375, 0.790625, 0.809375, 0.7875, 0.7921875, 0.7859375, 0.7796875, 0.790625, 0.796875, 0.8015625, 0.784375, 0.8, 0.790625, 0.79375, 0.7921875, 0.7859375, 0.796875, 0.7859375, 0.79375, 0.784375, 0.7921875, 0.8015625, 0.790625, 0.7828125, 0.7890625, 0.8109375, 0.7828125, 0.79375, 0.7953125, 0.80625, 0.7796875, 0.8109375, 0.78125, 0.7953125, 0.7875, 0.7921875, 0.79375, 0.809375, 0.8015625, 0.803125, 0.8, 0.8140625, 0.8140625, 0.80625, 0.7921875, 0.7953125, 0.784375, 0.790625, 0.7890625, 0.7828125, 0.7890625, 0.7859375, 0.796875, 0.7859375, 0.78125, 0.784375, 0.7921875, 0.7953125, 0.790625, 0.7984375, 0.8, 0.7796875, 0.7953125, 0.784375, 0.7875, 0.778125, 0.784375, 0.7984375, 0.8, 0.796875, 0.8046875, 0.80625, 0.7984375, 0.7921875, 0.7796875, 0.7921875, 0.7921875, 0.7921875, 0.8015625, 0.79375, 0.7953125, 0.7984375, 0.8046875, 0.8078125, 0.8015625, 0.8015625, 0.8015625, 0.809375, 0.8078125, 0.803125, 0.80625, 0.809375, 0.8046875, 0.80625, 0.809375, 0.809375, 0.8078125, 0.80625, 0.803125, 0.803125, 0.80625, 0.8046875, 0.8046875, 0.803125, 0.8046875, 0.8046875, 0.8078125, 0.80625, 0.8109375, 0.8125, 0.8046875, 0.80625, 0.80625, 0.803125, 0.809375, 0.8125, 0.8046875, 0.8078125, 0.803125],