{"precision": 0.6371998561504604, "recall": 0.5696085040861172, "f1-score": 0.5836722658960988, "auc": 0.18155285634576593}