{"precision": 0.43164647066563694, "recall": 0.3384449262150425, "f1-score": 0.35299608552539147, "auc": 0.1847191625446326}