{"precision": 0.7804113358224863, "recall": 0.7812743392940685, "f1-score": 0.7792926310607116, "auc": 0.22816094366551926}