{"precision": 0.7896448697522062, "recall": 0.7873589323522393, "f1-score": 0.7867173368678312, "auc": 0.19808370413903115}