{"precision": 0.786694818097236, "recall": 0.7907262393009229, "f1-score": 0.7863431901942821, "auc": 0.24267483838468645}