{"precision": 0.7456169401771425, "recall": 0.702528819989654, "f1-score": 0.716139903965072, "auc": 0.19883410591375192}