{"train": {"acc": [0.5376953125, 0.6875, 0.7275390625, 0.742578125, 0.780078125, 0.784375, 0.7916015625, 0.8015625, 0.8099609375, 0.8076171875, 0.823828125, 0.832421875, 0.8416015625, 0.846484375, 0.8529296875, 0.863671875, 0.8603515625, 0.8693359375, 0.8603515625, 0.8736328125, 0.8712890625, 0.8783203125, 0.8767578125, 0.889453125, 0.89375, 0.8935546875, 0.895703125, 0.9025390625, 0.905078125, 0.9052734375, 0.9158203125, 0.9095703125, 0.9107421875, 0.9169921875, 0.91875, 0.923828125, 0.92578125, 0.930078125, 0.935546875, 0.927734375, 0.9326171875, 0.930078125, 0.9345703125, 0.9388671875, 0.9365234375, 0.93984375, 0.93984375, 0.943359375, 0.94296875, 0.9435546875, 0.94140625, 0.94375, 0.9423828125, 0.946875, 0.9501953125, 0.9494140625, 0.95, 0.952734375, 0.9509765625, 0.95078125, 0.955078125, 0.952734375, 0.955859375, 0.954296875, 0.9583984375, 0.95625, 0.9572265625, 0.95703125, 0.9583984375, 0.9580078125, 0.957421875, 0.95546875, 0.9578125, 0.959375, 0.962109375, 0.961328125, 0.9609375, 0.96328125, 0.962890625, 0.963671875, 0.9671875, 0.964453125, 0.966015625, 0.9685546875, 0.96484375, 0.9666015625, 0.967578125, 0.96875, 0.9685546875, 0.9689453125, 0.968359375, 0.9701171875, 0.9703125, 0.9720703125, 0.971484375, 0.9712890625, 0.9716796875, 0.972265625, 0.971875, 0.9708984375, 0.9728515625, 0.972265625, 0.9732421875, 0.972265625, 0.9736328125, 0.9734375, 0.9716796875, 0.973046875, 0.973828125, 0.973046875, 0.9744140625, 0.975, 0.9744140625, 0.975390625, 0.9755859375, 0.975, 0.97578125, 0.9755859375, 0.9755859375, 0.97578125, 0.9755859375, 0.976171875, 0.9767578125, 0.9765625, 0.9765625, 0.976953125, 0.97578125, 0.976953125, 0.9767578125, 0.9767578125, 0.9765625, 0.9775390625, 0.9767578125, 0.9767578125, 0.9775390625, 0.9779296875, 0.9771484375, 0.9775390625, 0.976953125, 0.976953125, 0.9775390625, 0.977734375, 0.9779296875, 0.977734375, 0.9775390625, 0.97734375, 0.977734375, 0.978125, 0.977734375, 0.97734375], "loss": [5.538383320917057, 4.77915455419806, 4.580806913255136, 4.509885643101946, 4.338481562047065, 4.313685734060746, 4.277880469454995, 4.236674384225773, 4.197917497610744, 4.207104818730414, 4.125119897383678, 4.095369384258608, 4.047470814065088, 4.021342935441416, 3.994985221307489, 3.9499277615848976, 3.958725189860863, 3.9242699719682523, 3.956003318859052, 3.896818070472041, 3.9069850505152837, 3.867195053945614, 3.8797044120257413, 3.820107134082649, 3.802831414379651, 3.7997082547296452, 3.793510913848877, 3.7592734686936002, 3.744832126400139, 3.745176713677901, 3.699577071998693, 3.720639298233805, 3.7169633847248704, 3.6936434914794147, 3.6835999820805805, 3.658457991443103, 3.646984537945518, 3.6300982161413264, 3.608484322511697, 3.6358360459532917, 3.622434410867812, 3.628978007956396, 3.609140456477298, 3.589571285851394, 3.5980409157427053, 3.5805248701119723, 3.5869199052641663, 3.5666083233265935, 3.568856504899037, 3.566461318655859, 3.5730413183381287, 3.564909301226652, 3.5704888331739206, 3.5483170038537133, 3.5305022861384137, 3.53709829909892, 3.533363764799094, 3.5248297799991657, 3.5283216856702975, 3.5322840606110004, 3.5116658723807035, 3.5200903204422964, 3.5089917846872836, 3.515046895304813, 3.494397736802886, 3.5028972505014155, 3.499577024314977, 3.5014859362493587, 3.493735177607476, 3.496911199786995, 3.500610242916059, 3.5051874601388278, 3.498174917848804, 3.4893181444723393, 3.477625098409532, 3.481605125378959, 3.4807379245758057, 3.4689361324793175, 3.4742811420295814, 3.4707282796690735, 3.4520013905778715, 3.466731011113034, 3.4579487873029104, 3.447078028811684, 3.463314430623115, 3.4580543252486216, 3.4501256127900715, 3.4467938580090487, 3.4447163207621516, 3.444891519184354, 3.446108694317975, 3.439515798906737, 3.4376956933661353, 3.431029337870924, 3.4316351323188106, 3.432961050468155, 3.429789618600773, 3.427784119980245, 3.431807451610324, 3.436168239086489, 3.4275864106190355, 3.428560006467602, 3.4247286923324007, 3.4260240084008324, 3.423503495469878, 3.422982680646679, 3.430085933661159, 3.4233390922787823, 3.4218094711062275, 3.422404295281519, 3.420629866515534, 3.4174225692507587, 3.416447998602179, 3.413731149480313, 3.4137948796718933, 3.4146643197989164, 3.4124887623364413, 3.4126598834991455, 3.4128820533993878, 3.4105775869345365, 3.409370434435108, 3.409480472154255, 3.40790579892412, 3.407586260686947, 3.406802177429199, 3.4056921880456468, 3.4106794852244704, 3.405777901033812, 3.4066840938374967, 3.407202937934972, 3.4077031582216675, 3.4034882316106483, 3.406399316425565, 3.4064044258262536, 3.4034719467163086, 3.4013153058064134, 3.4041211303276353, 3.40323316900036, 3.4063295623924157, 3.405640674542777, 3.4028612450708318, 3.40124084074286, 3.4015420056596586, 3.401808098901676, 3.4032679901847356, 3.403624063805689, 3.402393552321422, 3.400729040556316, 3.4016081803961646, 3.4038001012198533]}, "valid": {"acc": [0.646875, 0.659375, 0.734375, 0.7359375, 0.746875, 0.7328125, 0.7578125, 0.7453125, 0.7671875, 0.778125, 0.7546875, 0.778125, 0.76875, 0.765625, 0.753125, 0.73125, 0.7796875, 0.76875, 0.7734375, 0.7859375, 0.7640625, 0.778125, 0.790625, 0.78125, 0.778125, 0.8015625, 0.7875, 0.8, 0.7734375, 0.8, 0.7625, 0.7890625, 0.7984375, 0.7828125, 0.7890625, 0.8, 0.7828125, 0.790625, 0.796875, 0.7859375, 0.79375, 0.790625, 0.7765625, 0.7859375, 0.8046875, 0.8046875, 0.7921875, 0.784375, 0.7953125, 0.7875, 0.803125, 0.7859375, 0.7859375, 0.7875, 0.790625, 0.784375, 0.7859375, 0.803125, 0.79375, 0.784375, 0.8, 0.7828125, 0.7984375, 0.7984375, 0.80625, 0.7828125, 0.7828125, 0.803125, 0.7921875, 0.7875, 0.7921875, 0.7890625, 0.8109375, 0.80625, 0.8046875, 0.8109375, 0.80625, 0.803125, 0.8125, 0.790625, 0.79375, 0.7953125, 0.8, 0.8078125, 0.7921875, 0.8125, 0.8015625, 0.8015625, 0.80625, 0.8, 0.803125, 0.809375, 0.815625, 0.809375, 0.81875, 0.809375, 0.809375, 0.8109375, 0.809375, 0.80625, 0.7953125, 0.8046875, 0.8015625, 0.796875, 0.7984375, 0.8109375, 0.803125, 0.8, 0.8, 0.7890625, 0.7953125, 0.7953125, 0.8046875, 0.803125, 0.796875, 0.7984375, 0.7921875, 0.8, 0.8046875, 0.8015625, 0.80625, 0.8, 0.796875, 0.796875, 0.7921875, 0.7875, 0.7953125, 0.7953125, 0.7890625, 0.7984375, 0.796875, 0.8, 0.7984375, 0.796875, 0.7953125, 0.79375, 0.8, 0.7921875, 0.7953125, 0.796875, 0.79375, 0.8015625, 0.7984375, 0.79375, 0.7984375, 0.8015625, 0.79375, 0.803125, 0.796875, 0.7953125],