{"precision": 0.7455270997280945, "recall": 0.6917333739786947, "f1-score": 0.7081529605308174, "auc": 0.1886149740132041}