{"precision": 0.7635493606105481, "recall": 0.7684816209132698, "f1-score": 0.7622229180754564, "auc": 0.3100390395432793}