{"precision": 0.7631198176406649, "recall": 0.765396568934076, "f1-score": 0.7611936989898835, "auc": 0.24963269246914616}