{"train": {"acc": [0.5390625, 0.6244140625, 0.6533203125, 0.6853515625, 0.7068359375, 0.71171875, 0.72890625, 0.7375, 0.733984375, 0.7478515625, 0.755078125, 0.7576171875, 0.76171875, 0.753515625, 0.771875, 0.7693359375, 0.775, 0.7763671875, 0.76875, 0.7771484375, 0.76953125, 0.77890625, 0.7830078125, 0.798046875, 0.7931640625, 0.7974609375, 0.8017578125, 0.8029296875, 0.79375, 0.804296875, 0.79765625, 0.80390625, 0.803515625, 0.808203125, 0.7966796875, 0.8025390625, 0.8154296875, 0.81171875, 0.8134765625, 0.8263671875, 0.8197265625, 0.8185546875, 0.805859375, 0.8171875, 0.815625, 0.8271484375, 0.837109375, 0.8279296875, 0.8189453125, 0.8384765625, 0.8447265625, 0.833984375, 0.837890625, 0.840234375, 0.8421875, 0.8490234375, 0.8490234375, 0.8470703125, 0.851953125, 0.8615234375, 0.8609375, 0.8693359375, 0.86328125, 0.86953125, 0.8669921875, 0.8716796875, 0.8728515625, 0.8671875, 0.87890625, 0.8810546875, 0.8830078125, 0.8837890625, 0.8904296875, 0.8873046875, 0.896484375, 0.8994140625, 0.8990234375, 0.9044921875, 0.9046875, 0.9107421875, 0.9099609375, 0.9083984375, 0.9150390625, 0.9130859375, 0.916015625, 0.9140625, 0.919921875, 0.92109375, 0.9255859375, 0.9259765625, 0.925, 0.925390625, 0.9259765625, 0.929296875, 0.929296875, 0.929296875, 0.9322265625, 0.930859375, 0.9337890625, 0.9314453125, 0.932421875, 0.9341796875, 0.9359375, 0.9373046875, 0.9380859375, 0.938671875, 0.940234375, 0.9388671875, 0.938671875, 0.9404296875, 0.9384765625, 0.9404296875, 0.940625, 0.9421875, 0.9412109375, 0.943359375, 0.9408203125, 0.9423828125, 0.94375, 0.9419921875, 0.94140625, 0.944140625, 0.94453125, 0.9447265625, 0.94453125, 0.94375, 0.9439453125, 0.946484375, 0.945703125, 0.9455078125, 0.9466796875, 0.9466796875, 0.944921875, 0.945703125, 0.945703125, 0.947265625, 0.9466796875, 0.948046875, 0.9462890625, 0.9462890625, 0.9466796875, 0.9466796875, 0.94765625, 0.94609375, 0.946484375, 0.9462890625, 0.94765625, 0.9466796875, 0.947265625, 0.946484375], "loss": [2.0787422023242033, 1.9625299580489532, 1.9259619637380672, 1.8898488056810596, 1.8638843645023395, 1.8587874023220208, 1.8359747355497336, 1.8265601728535905, 1.8306430729129646, 1.8154244935965236, 1.8065784143496164, 1.8043199234370944, 1.7982425342632244, 1.8088317868075794, 1.7862800103199632, 1.78779576699945, 1.7840771026249174, 1.7824215119398092, 1.7918758211256582, 1.7798553222342381, 1.7899603707880913, 1.7766915906833698, 1.7729855277870274, 1.7551526344275172, 1.7603584105455423, 1.7572880334491972, 1.751258204254923, 1.7501509400862683, 1.7594177481494373, 1.7469255426261998, 1.7563815524306479, 1.749306161192399, 1.7483407394795478, 1.7438722532006758, 1.7580560581593574, 1.7510006005250955, 1.735534663441815, 1.739227056503296, 1.7367788719225534, 1.7237589570540417, 1.7289559660078604, 1.7305531818655473, 1.7448434603365162, 1.7324209107628352, 1.734730986100209, 1.7215931717353532, 1.7090441426144372, 1.71927450578424, 1.729335778876196, 1.7071484236777583, 1.7010903584806225, 1.7133493438551697, 1.7081234500377993, 1.704173401941227, 1.7023347435118277, 1.6952425226380554, 1.6961915885345846, 1.697188658050344, 1.691504072539414, 1.6808561011205745, 1.6804357420040081, 1.6716683846485765, 1.677720287178136, 1.6716030956823615, 1.6748218823082839, 1.6689060579372357, 1.6666662798652165, 1.6716195963606049, 1.658823073664798, 1.6569726240785816, 1.6552911181993122, 1.6543047035796732, 1.6466972963719428, 1.649914614761932, 1.6394477856310108, 1.6352542970753923, 1.6349189900144745, 1.6285250896139989, 1.6282015344764613, 1.6221148575408548, 1.6220104226583167, 1.6252790176415746, 1.6169399173953865, 1.6185811124270475, 1.6153962461254265, 1.6177021400837959, 1.6099913557873498, 1.6090247947958451, 1.6042994532404067, 1.6026136377189732, 1.6044976982889296, 1.6051724741730509, 1.6039579231527787, 1.5995379203482518, 1.599869101862364, 1.6002021016953867, 1.596339719204963, 1.5971412175818334, 1.5944529620906975, 1.5964281936235065, 1.5955472762071634, 1.5936956300011165, 1.5920728037628946, 1.5897081773492354, 1.5885186814054657, 1.588104672069791, 1.586393667172782, 1.5880169340326815, 1.5884108181241192, 1.586260354971584, 1.5886577473411077, 1.5864640549768376, 1.5859270412710649, 1.5841993983787825, 1.5848635284206536, 1.5829608289501336, 1.5855239161962196, 1.5836945138400114, 1.5823495267312737, 1.584134038490585, 1.584597586076471, 1.582358523260189, 1.580973957158342, 1.5803874957410595, 1.5814447976365875, 1.5818862583063826, 1.5818109089815164, 1.5791934079761747, 1.5800000429153442, 1.5796012093749228, 1.5792944687831252, 1.5787491089181056, 1.5808411444289774, 1.5797560592240925, 1.579886370067355, 1.5777349290968496, 1.578395503985731, 1.577352502678014, 1.578826813758174, 1.57906745808034, 1.5785397713697409, 1.5783781643155255, 1.577630471579636, 1.579424180561983, 1.5789442032198362, 1.5790095525451853, 1.5775136691105516, 1.5783510947529273, 1.5780619971359833, 1.578537871566]}, "valid": {"acc": [0.6046875, 0.63125, 0.6546875, 0.721875, 0.7046875, 0.71875, 0.6984375, 0.7171875, 0.7125, 0.6984375, 0.7125, 0.7296875, 0.7390625, 0.7265625, 0.75, 0.746875, 0.7078125, 0.6921875, 0.7484375, 0.6796875, 0.7671875, 0.765625, 0.7890625, 0.771875, 0.78125, 0.7796875, 0.7765625, 0.734375, 0.78125, 0.734375, 0.75625, 0.7390625, 0.759375, 0.7703125, 0.746875, 0.7890625, 0.7875, 0.7671875, 0.7796875, 0.771875, 0.7671875, 0.7765625, 0.7765625, 0.76875, 0.75, 0.771875, 0.775, 0.778125, 0.7828125, 0.803125, 0.7796875, 0.7859375, 0.7890625, 0.7875, 0.7875, 0.7828125, 0.778125, 0.7828125, 0.796875, 0.803125, 0.7921875, 0.7859375, 0.79375, 0.76875, 0.7953125, 0.8046875, 0.7984375, 0.80625, 0.8015625, 0.7984375, 0.7921875, 0.809375, 0.790625, 0.7890625, 0.803125, 0.815625, 0.815625, 0.815625, 0.8, 0.8046875, 0.803125, 0.8203125, 0.80625, 0.803125, 0.8125, 0.8125, 0.8078125, 0.8078125, 0.8046875, 0.8078125, 0.803125, 0.80625, 0.8015625, 0.8046875, 0.8046875, 0.7984375, 0.8015625, 0.80625, 0.7984375, 0.8, 0.8015625, 0.8046875, 0.8078125, 0.80625, 0.809375, 0.8140625, 0.8125, 0.809375, 0.8078125, 0.8046875, 0.815625, 0.8015625, 0.809375, 0.8046875, 0.803125, 0.80625, 0.8015625, 0.8046875, 0.8, 0.809375, 0.803125, 0.8046875, 0.803125, 0.7984375, 0.7984375, 0.790625, 0.796875, 0.79375, 0.7875, 0.7984375, 0.7875, 0.7921875, 0.7890625, 0.8, 0.7953125, 0.796875, 0.790625, 0.7953125, 0.7953125, 0.7953125, 0.79375, 0.7921875, 0.7953125, 0.7953125, 0.7921875, 0.7953125, 0.790625, 0.79375, 0.8015625, 0.7953125],