{"precision": 0.764060594693338, "recall": 0.7651524308489106, "f1-score": 0.7636225294926855, "auc": 0.2154101250944505}