{"precision": 0.7443038922773533, "recall": 0.7346708168574924, "f1-score": 0.7283747380607296, "auc": 0.33211247637051033}