{"precision": 0.5357356369445184, "recall": 0.5317157357520051, "f1-score": 0.53225365121203, "auc": 0.1579088232670176}