{"train": {"acc": [0.3646989374262102, 0.36493506493506495, 0.36493506493506495, 0.36493506493506495, 0.36493506493506495, 0.36493506493506495, 0.36493506493506495, 0.36493506493506495, 0.36493506493506495, 0.36493506493506495, 0.36493506493506495, 0.36493506493506495, 0.36493506493506495, 0.36493506493506495, 0.36493506493506495, 0.36493506493506495, 0.36493506493506495, 0.36493506493506495, 0.36493506493506495, 0.36493506493506495, 0.36493506493506495, 0.36493506493506495, 0.36493506493506495, 0.36493506493506495, 0.36493506493506495, 0.36493506493506495, 0.36493506493506495, 0.36493506493506495, 0.36493506493506495, 0.36493506493506495, 0.36493506493506495, 0.36493506493506495, 0.36493506493506495, 0.36493506493506495, 0.36493506493506495, 0.36493506493506495, 0.36493506493506495, 0.36493506493506495, 0.36493506493506495, 0.36493506493506495, 0.36493506493506495, 0.36493506493506495, 0.36493506493506495, 0.36493506493506495, 0.36493506493506495, 0.36493506493506495, 0.36493506493506495, 0.36493506493506495, 0.36493506493506495, 0.36493506493506495, 0.36493506493506495, 0.36493506493506495, 0.36493506493506495, 0.36493506493506495, 0.36493506493506495, 0.36493506493506495, 0.36493506493506495, 0.36493506493506495, 0.36493506493506495, 0.36493506493506495, 0.36493506493506495, 0.36493506493506495, 0.36493506493506495, 0.36493506493506495, 0.36493506493506495, 0.36493506493506495, 0.36493506493506495, 0.36493506493506495, 0.36493506493506495, 0.36493506493506495, 0.36493506493506495, 0.36493506493506495, 0.36493506493506495, 0.36493506493506495, 0.36493506493506495, 0.36493506493506495, 0.36493506493506495, 0.36493506493506495, 0.36493506493506495, 0.36493506493506495, 0.36493506493506495, 0.36493506493506495, 0.36493506493506495, 0.36493506493506495, 0.36493506493506495, 0.36493506493506495, 0.36493506493506495, 0.36493506493506495, 0.36493506493506495, 0.36493506493506495, 0.36493506493506495, 0.36493506493506495, 0.36493506493506495, 0.36493506493506495, 0.36493506493506495, 0.36493506493506495, 0.36493506493506495, 0.36493506493506495, 0.36493506493506495, 0.36493506493506495], "loss": [2.1856965199165694, 2.1813391652367455, 2.1805943912178973, 2.18035838529626, 2.1801845618463593, 2.1799603690499536, 2.1799598144014873, 2.179815110545223, 2.179760734803452, 2.1798519656473996, 2.179699962566627, 2.1796807693640954, 2.1796128299538755, 2.1797229566952594, 2.179712715932953, 2.179655185411536, 2.1796435052667587, 2.179666188065673, 2.1797097525133635, 2.179758399112439, 2.1797529879738304, 2.1796927791719822, 2.179689406250319, 2.179630056414344, 2.1796285773236055, 2.179744436080197, 2.179683747061764, 2.1796830192176606, 2.1796824360975218, 2.1796218569949533, 2.17968041089137, 2.1796798761815235, 2.1795606431514973, 2.179619021824621, 2.1797367186515912, 2.179736321484426, 2.179617969893463, 2.179676827177944, 2.1796767017167142, 2.1796174930563046, 2.1796174261436487, 2.1797355192084416, 2.1797354855831426, 2.1796763994269637, 2.1796762267382412, 2.1797352849296607, 2.179617280490343, 2.1796172951063646, 2.1797354076873487, 2.179617310144815, 2.1795581934893073, 2.1796171818110723, 2.179558102160291, 2.1796171619569384, 2.1796172129018014, 2.1796762650947383, 2.179617230221365, 2.1796762927215543, 2.179676051768405, 2.1796760493183203, 2.179676047290664, 2.179617010896549, 2.1796760908852733, 2.179617035481881, 2.1796760940112434, 2.1797351557510614, 2.1796760999252407, 2.1796760950250715, 2.1797351577787176, 2.1797351552441473, 2.1796761056702665, 2.1796170268643418, 2.179676102628782, 2.1796170290609695, 2.1795579818526876, 2.1796761001786975, 2.1796170358198235, 2.17961703725608, 2.1796170386078506, 2.1795579714609494, 2.1796170348059953, 2.1796760989114126, 2.179676095954414, 2.179498914452329, 2.179617038776822, 2.1797351518647203, 2.179617032778339, 2.1795579791491457, 2.1797351484852934, 2.1795579748403764, 2.1797351535544336, 2.1796170386078506, 2.1796170284695697, 2.1796760918146156, 2.1796760935888146, 2.1796170304127402, 2.179617030159283, 2.179676079479707, 2.17967606925694, 2.179676051177005]}, "valid": {"acc": [0.36732766761095376, 0.36732766761095376, 0.36732766761095376, 0.36732766761095376, 0.36732766761095376, 0.36732766761095376, 0.36732766761095376, 0.36732766761095376, 0.36732766761095376, 0.36732766761095376, 0.36732766761095376, 0.36732766761095376, 0.36732766761095376, 0.36732766761095376, 0.36732766761095376, 0.36732766761095376, 0.36732766761095376, 0.36732766761095376, 0.36732766761095376, 0.36732766761095376, 0.36732766761095376, 0.36732766761095376, 0.36732766761095376, 0.36732766761095376, 0.36732766761095376, 0.36732766761095376, 0.36732766761095376, 0.36732766761095376, 0.36732766761095376, 0.36732766761095376, 0.36732766761095376, 0.36732766761095376, 0.36732766761095376, 0.36732766761095376, 0.36732766761095376, 0.36732766761095376, 0.36732766761095376, 0.36732766761095376, 0.36732766761095376, 0.36732766761095376, 0.36732766761095376, 0.36732766761095376, 0.36732766761095376, 0.36732766761095376, 0.36732766761095376, 0.36732766761095376, 0.36732766761095376, 0.36732766761095376, 0.36732766761095376, 0.36732766761095376, 0.36732766761095376, 0.36732766761095376, 0.36732766761095376, 0.36732766761095376, 0.36732766761095376, 0.36732766761095376, 0.36732766761095376, 0.36732766761095376, 0.36732766761095376, 0.36732766761095376, 0.36732766761095376, 0.36732766761095376, 0.36732766761095376, 0.36732766761095376, 0.36732766761095376, 0.36732766761095376, 0.36732766761095376, 0.36732766761095376, 0.36732766761095376, 0.36732766761095376, 0.36732766761095376, 0.36732766761095376, 0.36732766761095376, 0.36732766761095376, 0.36732766761095376, 0.36732766761095376, 0.36732766761095376, 0.36732766761095376, 0.36732766761095376, 0.36732766761095376, 0.36732766761095376, 0.36732766761095376, 0.36732766761095376, 0.36732766761095376, 0.36732766761095376, 0.36732766761095376, 0.36732766761095376, 0.36732766761095376, 0.36732766761095376, 0.36732766761095376, 0.36732766761095376, 0.36732766761095376, 0.36732766761095376, 0.36732766761095376, 0.36732766761095376, 0.36732766761095376, 0.36732766761095376, 0.36732766761095376, 0.36732766761095376, 0.36732766761095376],