{"precision": 0.61898367767608, "recall": 0.5836911644626225, "f1-score": 0.5925411902657043, "auc": 0.20583501437829949}