{"precision": 0.13704761904761903, "recall": 0.11176470588235295, "f1-score": 0.07511795472001756, "auc": 0.49555774925962487}