{"precision": 0.11625514655551128, "recall": 0.14966574142183559, "f1-score": 0.11897621393581334, "auc": 0.6342010386711877}