{"precision": 0.7201127953949767, "recall": 0.70786881077666, "f1-score": 0.7097821699232513, "auc": 0.2333904379332073}