{"train": {"acc": [0.5484375, 0.68203125, 0.723046875, 0.7392578125, 0.7595703125, 0.7806640625, 0.7908203125, 0.7966796875, 0.8001953125, 0.8001953125, 0.81953125, 0.81796875, 0.822265625, 0.8314453125, 0.837109375, 0.8455078125, 0.8408203125, 0.8466796875, 0.859765625, 0.8619140625, 0.86796875, 0.875390625, 0.8654296875, 0.8775390625, 0.883984375, 0.87890625, 0.8955078125, 0.8931640625, 0.9015625, 0.9052734375, 0.9044921875, 0.9056640625, 0.9099609375, 0.9142578125, 0.91796875, 0.9201171875, 0.92109375, 0.9205078125, 0.92578125, 0.9234375, 0.9275390625, 0.9296875, 0.9306640625, 0.93125, 0.9310546875, 0.931640625, 0.9375, 0.9392578125, 0.9361328125, 0.9404296875, 0.9384765625, 0.941015625, 0.9419921875, 0.943359375, 0.9439453125, 0.941015625, 0.9412109375, 0.9451171875, 0.9478515625, 0.9509765625, 0.9484375, 0.9529296875, 0.95390625, 0.9517578125, 0.9515625, 0.953125, 0.9544921875, 0.9544921875, 0.955859375, 0.95390625, 0.957421875, 0.956640625, 0.9578125, 0.9591796875, 0.9599609375, 0.9578125, 0.9609375, 0.9609375, 0.9611328125, 0.9615234375, 0.962109375, 0.9615234375, 0.9640625, 0.9630859375, 0.9638671875, 0.9625, 0.960546875, 0.9626953125, 0.9638671875, 0.9634765625, 0.9634765625, 0.963671875, 0.964453125, 0.966015625, 0.9662109375, 0.9650390625, 0.966796875, 0.96640625, 0.9658203125, 0.9669921875, 0.96796875, 0.9666015625, 0.9671875, 0.96796875, 0.967578125, 0.967578125, 0.9681640625, 0.96875, 0.96875, 0.9681640625, 0.96875, 0.9693359375, 0.969140625, 0.969140625, 0.9697265625, 0.9701171875, 0.969921875, 0.9689453125, 0.96953125, 0.96953125, 0.9697265625, 0.9701171875, 0.9697265625, 0.9693359375, 0.9697265625, 0.9703125, 0.9701171875, 0.969921875, 0.9701171875, 0.96953125, 0.9705078125, 0.9701171875, 0.970703125, 0.969921875, 0.9703125, 0.969921875, 0.9697265625, 0.970703125, 0.969921875, 0.9705078125, 0.9703125, 0.9705078125, 0.9705078125, 0.970703125, 0.9705078125, 0.9701171875, 0.9703125, 0.970703125, 0.970703125, 0.970703125], "loss": [3.976437568664551, 3.510961396784722, 3.387180983265744, 3.331385259386859, 3.2755864964255803, 3.2135586074635953, 3.1764131045039696, 3.1618258802196646, 3.153827027429508, 3.15476624875129, 3.097573618345623, 3.098174409021305, 3.0843612815760357, 3.0585070591938646, 3.0389633631404442, 3.0145565588263015, 3.0285172311565542, 3.0107625043844877, 2.975854101060312, 2.9663296017465712, 2.94477200206322, 2.9255669177333012, 2.957100584537168, 2.91697913785524, 2.9006946177422246, 2.9134327912632423, 2.862841524655306, 2.8687855020354065, 2.8430962140047096, 2.835227377807038, 2.833476842204227, 2.8354576448850994, 2.8194855798648883, 2.804363917700852, 2.7945622039746634, 2.789323133758352, 2.7848771855800964, 2.7888166512115093, 2.7743372192865685, 2.776123816453958, 2.765316012539441, 2.7591064006467407, 2.7573710996893386, 2.7554945432687106, 2.753623470475402, 2.7531840589982046, 2.736802218835565, 2.7324523292010343, 2.737751776659036, 2.727701679060731, 2.734639309629609, 2.724990144560609, 2.7222085874291917, 2.719613401195671, 2.71578215949143, 2.7245752720893184, 2.7241048360172706, 2.7120543823966496, 2.7034480058694186, 2.6918769456163236, 2.7004140660732605, 2.6882975252368784, 2.6856220130678974, 2.6921357112594797, 2.6909764144994037, 2.6883917669706707, 2.6834597406508047, 2.6808928930306735, 2.67838159995743, 2.6856421609468097, 2.67635243452048, 2.6751423998724055, 2.6716622913940045, 2.66916466061073, 2.6664485629600816, 2.673089878468574, 2.6627772367453275, 2.6636923687367497, 2.662862379339677, 2.6608675401422044, 2.6599839820137507, 2.662862288800976, 2.654753932470008, 2.656088922597185, 2.6556619994248014, 2.658163348330727, 2.6627077784719346, 2.658124673215649, 2.6549329123919523, 2.6544870877567726, 2.655998060974894, 2.6549384050731417, 2.6524752303014827, 2.6477655127078674, 2.6472123363350013, 2.6505085516579543, 2.645614023450055, 2.6464782425119906, 2.6480382937419265, 2.644595647160011, 2.6422617707071425, 2.6456519259682185, 2.6444832886321636, 2.6411895661414424, 2.6436137700382667, 2.6426593351967727, 2.6410409106483943, 2.6401350256762925, 2.6390533749061293, 2.641209312632114, 2.6390305591534964, 2.6369327382196355, 2.638065196290801, 2.638830009895035, 2.636325226554388, 2.635387209397328, 2.637052925327156, 2.638278019579151, 2.637041445019879, 2.6370099043544335, 2.6364858150482178, 2.6354320260542856, 2.6359173889401593, 2.6364436300495004, 2.6364769784710074, 2.6346828967710083, 2.6349750561050223, 2.635440675518181, 2.634838783288304, 2.636397530760946, 2.6343661803233474, 2.6354056521307063, 2.6333918390394766, 2.6354309999490084, 2.6349115039728863, 2.635434645640699, 2.636115303522424, 2.6332590036754366, 2.6351043755495094, 2.633842226825183, 2.634563258931607, 2.6334562482713144, 2.6342572924457017, 2.6337020517904546, 2.633681915983369, 2.634455394141282, 2.6342172320884996, 2.633243497413925, 2.6338564685628385, 2.6333200810830806]}, "valid": {"acc": [0.5625, 0.671875, 0.6546875, 0.7234375, 0.7375, 0.7421875, 0.703125, 0.7359375, 0.7546875, 0.7421875, 0.771875, 0.75625, 0.7546875, 0.78125, 0.784375, 0.7734375, 0.771875, 0.775, 0.775, 0.7671875, 0.7796875, 0.778125, 0.7546875, 0.7734375, 0.7609375, 0.7921875, 0.7703125, 0.796875, 0.7875, 0.7859375, 0.7734375, 0.7828125, 0.79375, 0.7890625, 0.784375, 0.7859375, 0.775, 0.7921875, 0.7703125, 0.7984375, 0.7703125, 0.7921875, 0.7796875, 0.7734375, 0.7890625, 0.790625, 0.7609375, 0.778125, 0.7984375, 0.7921875, 0.790625, 0.7953125, 0.7875, 0.7875, 0.784375, 0.7984375, 0.79375, 0.7984375, 0.803125, 0.80625, 0.7953125, 0.8, 0.7921875, 0.7859375, 0.7828125, 0.7921875, 0.7828125, 0.7828125, 0.7890625, 0.7921875, 0.796875, 0.8, 0.79375, 0.8, 0.79375, 0.8046875, 0.79375, 0.8046875, 0.79375, 0.8046875, 0.8140625, 0.790625, 0.790625, 0.7953125, 0.7859375, 0.790625, 0.7890625, 0.8, 0.8, 0.8015625, 0.79375, 0.7921875, 0.790625, 0.790625, 0.7859375, 0.8015625, 0.79375, 0.79375, 0.8, 0.8015625, 0.8015625, 0.7921875, 0.8015625, 0.79375, 0.7953125, 0.8078125, 0.80625, 0.8015625, 0.8078125, 0.8078125, 0.7984375, 0.7984375, 0.796875, 0.7890625, 0.796875, 0.7953125, 0.7984375, 0.8, 0.7859375, 0.79375, 0.8, 0.79375, 0.790625, 0.8015625, 0.8, 0.7953125, 0.8015625, 0.796875, 0.7953125, 0.8, 0.79375, 0.803125, 0.796875, 0.796875, 0.7984375, 0.7984375, 0.8, 0.8, 0.8015625, 0.8015625, 0.796875, 0.8, 0.8046875, 0.7984375, 0.8046875, 0.80625, 0.8046875, 0.803125, 0.803125, 0.8015625],