{"train": {"acc": [0.5357421875, 0.6876953125, 0.723046875, 0.7408203125, 0.757421875, 0.778125, 0.792578125, 0.7935546875, 0.8044921875, 0.8130859375, 0.8234375, 0.82109375, 0.83046875, 0.8296875, 0.8431640625, 0.850390625, 0.8484375, 0.8583984375, 0.8611328125, 0.862109375, 0.8716796875, 0.8681640625, 0.883203125, 0.878515625, 0.8814453125, 0.8916015625, 0.891015625, 0.8990234375, 0.9015625, 0.9037109375, 0.8966796875, 0.905078125, 0.9076171875, 0.9146484375, 0.9177734375, 0.91796875, 0.9162109375, 0.923046875, 0.919140625, 0.9259765625, 0.9298828125, 0.926953125, 0.930859375, 0.930859375, 0.92890625, 0.932421875, 0.9330078125, 0.9265625, 0.928125, 0.9345703125, 0.930859375, 0.9333984375, 0.9416015625, 0.9423828125, 0.9451171875, 0.940625, 0.9412109375, 0.9451171875, 0.944140625, 0.9400390625, 0.9466796875, 0.94765625, 0.9484375, 0.9470703125, 0.950390625, 0.9498046875, 0.95078125, 0.9533203125, 0.9517578125, 0.9541015625, 0.9517578125, 0.95546875, 0.951171875, 0.9525390625, 0.95546875, 0.956640625, 0.95546875, 0.9552734375, 0.9564453125, 0.9564453125, 0.9572265625, 0.96015625, 0.9595703125, 0.962109375, 0.96171875, 0.9607421875, 0.9619140625, 0.9646484375, 0.9638671875, 0.96484375, 0.9642578125, 0.96328125, 0.965234375, 0.9654296875, 0.9650390625, 0.965625, 0.9666015625, 0.9673828125, 0.9681640625, 0.968359375, 0.96796875, 0.968359375, 0.969921875, 0.9693359375, 0.969140625, 0.96953125, 0.96875, 0.9705078125, 0.969140625, 0.969921875, 0.97109375, 0.9701171875, 0.970703125, 0.9712890625, 0.9712890625, 0.9712890625, 0.971484375, 0.9720703125, 0.9724609375, 0.9716796875, 0.972265625, 0.9724609375, 0.971875, 0.9720703125, 0.97265625, 0.972265625, 0.97265625, 0.97265625, 0.972265625, 0.972265625, 0.9724609375, 0.9732421875, 0.973046875, 0.972265625, 0.9724609375, 0.9728515625, 0.973046875, 0.973046875, 0.97265625, 0.971875, 0.9728515625, 0.9734375, 0.973046875, 0.972265625, 0.9734375, 0.9732421875, 0.9734375, 0.9732421875, 0.9728515625, 0.9734375], "loss": [4.0154428542414795, 3.491745680193358, 3.384246506268465, 3.3286191421219065, 3.283124190342577, 3.221312649642365, 3.181198500379731, 3.1782159744938716, 3.1417160366154926, 3.1149616301814214, 3.0818396218215365, 3.0858770895607863, 3.06702149970622, 3.062217232547229, 3.0254404303393785, 3.0028837813606746, 3.008380210852321, 2.9778985041606276, 2.966706408730036, 2.961649770978131, 2.9359779448448857, 2.9413135474241234, 2.9026712646967248, 2.9167635350287715, 2.9047562230991413, 2.8763380593891386, 2.8795283383960966, 2.855437266675732, 2.844759434084349, 2.8395051262046715, 2.857618878159342, 2.833099947700018, 2.8217945883545696, 2.8071511878242976, 2.7949524378474755, 2.7966644039636925, 2.7996939133994188, 2.7795115603676326, 2.7916608701778363, 2.7719990814788433, 2.764377989346468, 2.7672221147561373, 2.760353420354143, 2.7546196346041523, 2.7597149233274822, 2.7529996799517282, 2.751750158358224, 2.770480107657517, 2.7626364382007456, 2.744096010546141, 2.75290585469596, 2.7468283327319956, 2.725549595265449, 2.7212383686741695, 2.7122849361805974, 2.72344582292098, 2.7255712249611, 2.7129630016375192, 2.715300409099724, 2.727621742441684, 2.7090663759014273, 2.705493160440952, 2.7031385717512686, 2.703229629540745, 2.6979001805752136, 2.6992964533310904, 2.6946541267105295, 2.6880546129202543, 2.691634965848319, 2.685484044159515, 2.6898569819293443, 2.682456022576441, 2.6939372684382183, 2.688680359079868, 2.6791692745836477, 2.6768731346613244, 2.6792062475711487, 2.6790790799297866, 2.6789440625830543, 2.678877060926413, 2.6740154133567327, 2.665664627582212, 2.667263764369337, 2.660300668281845, 2.6620525559292565, 2.6642093175574195, 2.661103284811672, 2.652026701577102, 2.6546894055378587, 2.6517912828469576, 2.6534390449523926, 2.6548136035098304, 2.6509905223605, 2.6503226485433458, 2.6508983147295218, 2.648075767710239, 2.64625394193432, 2.643045645725878, 2.6416995072666603, 2.6401439980615544, 2.64256898662712, 2.6401829870441293, 2.636311543138721, 2.6377035756654377, 2.637769783599467, 2.637586889387686, 2.639612333684028, 2.633569162103194, 2.6377947813347924, 2.6360391393492493, 2.6325863131993934, 2.634834214101864, 2.6331500071513503, 2.6315232771861403, 2.631141454358644, 2.6313734024385864, 2.631248471103137, 2.629227825357944, 2.6280664341359197, 2.629870601847202, 2.6288115887702266, 2.627572946910617, 2.6291489208800884, 2.6291685526884057, 2.6275476503975783, 2.6283438809310335, 2.627047412003143, 2.6274394355242765, 2.62893073166473, 2.6283484078660795, 2.6272483022907114, 2.6254216447661194, 2.6262621034549762, 2.627942534941661, 2.6273463436319857, 2.6270783520952055, 2.62639987016026, 2.6258254564261136, 2.6275092800961266, 2.6296609051619906, 2.6265023780774466, 2.625335406653489, 2.6265401689312124, 2.629067553749567, 2.6258318605302255, 2.6254140515870685, 2.624850016606005, 2.625343416310564, 2.625996067554136, 2.625011854533908]}, "valid": {"acc": [0.6375, 0.653125, 0.659375, 0.6484375, 0.7421875, 0.740625, 0.746875, 0.75625, 0.7390625, 0.7734375, 0.78125, 0.76875, 0.7578125, 0.7859375, 0.775, 0.778125, 0.771875, 0.74375, 0.76875, 0.7890625, 0.790625, 0.7828125, 0.7359375, 0.7546875, 0.753125, 0.784375, 0.7640625, 0.7859375, 0.778125, 0.79375, 0.7828125, 0.784375, 0.778125, 0.7875, 0.7953125, 0.7859375, 0.7765625, 0.8078125, 0.8046875, 0.7921875, 0.78125, 0.7859375, 0.7984375, 0.775, 0.7703125, 0.76875, 0.809375, 0.778125, 0.7859375, 0.778125, 0.7859375, 0.7890625, 0.78125, 0.7953125, 0.796875, 0.7921875, 0.7890625, 0.79375, 0.8078125, 0.80625, 0.790625, 0.7984375, 0.803125, 0.7953125, 0.8046875, 0.7984375, 0.80625, 0.8046875, 0.79375, 0.7890625, 0.8046875, 0.8015625, 0.7921875, 0.8, 0.7953125, 0.8109375, 0.803125, 0.7921875, 0.796875, 0.790625, 0.7984375, 0.80625, 0.803125, 0.796875, 0.7796875, 0.7875, 0.803125, 0.796875, 0.8078125, 0.796875, 0.796875, 0.7953125, 0.7953125, 0.7984375, 0.7953125, 0.7953125, 0.7859375, 0.7921875, 0.8, 0.7921875, 0.8015625, 0.79375, 0.79375, 0.7953125, 0.7890625, 0.8, 0.79375, 0.8078125, 0.8078125, 0.790625, 0.79375, 0.796875, 0.7984375, 0.80625, 0.8046875, 0.8046875, 0.7984375, 0.8015625, 0.79375, 0.7875, 0.7921875, 0.79375, 0.7890625, 0.7859375, 0.7953125, 0.7984375, 0.796875, 0.7921875, 0.8015625, 0.796875, 0.790625, 0.79375, 0.8015625, 0.8046875, 0.7984375, 0.8, 0.7953125, 0.8046875, 0.8015625, 0.8015625, 0.80625, 0.8015625, 0.803125, 0.8015625, 0.8015625, 0.7984375, 0.8015625, 0.8015625, 0.8015625, 0.8046875],