{"precision": 0.7768247512161944, "recall": 0.7426041994244182, "f1-score": 0.7529072421219594, "auc": 0.2010221643858618}