{"precision": 0.7490213516632773, "recall": 0.7525851894791136, "f1-score": 0.7497749949886107, "auc": 0.22597808748215936}