{"precision": 0.7660310378622599, "recall": 0.7547412197769096, "f1-score": 0.7562217236713619, "auc": 0.2501259340105785}