{"precision": 0.7795685772399507, "recall": 0.7659250806549601, "f1-score": 0.7709211939668356, "auc": 0.24614851817647554}