{"precision": 0.7840888680295577, "recall": 0.7882327148434592, "f1-score": 0.7819388524008033, "auc": 0.23476198472000673}