{"precision": 0.7522969079096957, "recall": 0.7426698720085313, "f1-score": 0.7420959551234856, "auc": 0.2683233985391655}