{"precision": 0.7520379889448398, "recall": 0.7377001450595374, "f1-score": 0.7409698135899956, "auc": 0.24337796994374952}