{"precision": 0.5653751528900565, "recall": 0.5057640758334448, "f1-score": 0.5188496997763786, "auc": 0.17251761976982782}