{"precision": 0.6760226186956886, "recall": 0.643085164150719, "f1-score": 0.6557109674152664, "auc": 0.22731025535177213}