{"precision": 0.6653850094269577, "recall": 0.6562544951923031, "f1-score": 0.6557154116761178, "auc": 0.32881209333411965}