{"precision": 0.6572354818059911, "recall": 0.6487657137996341, "f1-score": 0.6484521291055392, "auc": 0.22062668317902143}