{"precision": 0.5044417457885877, "recall": 0.4080109157175566, "f1-score": 0.43122520645359663, "auc": 0.1849858322141055}