{"precision": 0.004343720491029273, "recall": 0.1, "f1-score": 0.00832579185520362, "auc": 0.5}