{"precision": 0.7019196424704728, "recall": 0.6681129063353664, "f1-score": 0.6790760362955194, "auc": 0.21355995692278879}