{"precision": 0.7041518805523387, "recall": 0.6642513312880678, "f1-score": 0.6741325829514592, "auc": 0.1918691763824507}