{"precision": 0.3435614343728336, "recall": 0.3040075358500929, "f1-score": 0.305525986074726, "auc": 0.37147526780088214}