{"precision": 0.6917961374160001, "recall": 0.6647121322124531, "f1-score": 0.6736411473417939, "auc": 0.17518846279908223}