{"precision": 0.7386853748676245, "recall": 0.7538705343636274, "f1-score": 0.744075692009171, "auc": 0.1581057970159816}