{"train": {"acc": [0.3433293978748524, 0.549232585596222, 0.5508854781582054, 0.34415584415584416, 0.36493506493506495, 0.36493506493506495, 0.36493506493506495, 0.36493506493506495, 0.36493506493506495, 0.36493506493506495, 0.36493506493506495, 0.36493506493506495, 0.36493506493506495, 0.3693034238488784, 0.6088547815820543, 0.7618654073199528, 0.8028335301062574, 0.8315230224321133, 0.8401416765053129, 0.8544273907910271, 0.8667060212514758, 0.8723730814639905, 0.8802833530106258, 0.8863046044864227, 0.9053128689492326, 0.9197166469893743, 0.9297520661157025, 0.9368358913813459, 0.9495867768595041, 0.9622195985832349, 0.9652892561983472, 0.9748524203069657, 0.9769775678866588, 0.9854781582054309, 0.9847697756788666, 0.9927981109799292, 0.9948051948051948, 0.9942148760330578, 0.9971664698937426, 0.9970484061393152, 0.9988193624557261, 0.9976387249114522, 0.9996458087367178, 0.9997638724911452, 0.9997638724911452, 0.9996458087367178, 0.9996458087367178, 1.0, 1.0, 1.0, 1.0, 1.0, 1.0, 1.0, 1.0, 1.0, 1.0, 1.0, 1.0, 0.9998819362455726], "loss": [2.112212450215311, 1.534239655191248, 1.5465979539986812, 2.1126466917269155, 2.0038069865920325, 1.9968479871749878, 1.9978270295894507, 2.0029538291873354, 2.000187499956651, 1.998619272853389, 1.9981577468640876, 2.0016318397088484, 1.9981610305381543, 1.9854388363433606, 1.3484435668497374, 0.9705869907682593, 0.8072069174412525, 0.729753543030132, 0.671924196861007, 0.6095546881357828, 0.5499152979164412, 0.5061340702302528, 0.48252164640209894, 0.45772312717004254, 0.39216242956392694, 0.3383272768873157, 0.3004354080467513, 0.27080159606129833, 0.21861110164812117, 0.17691878613197443, 0.15763115233769923, 0.12420975264500488, 0.11708704280582341, 0.08945679427547888, 0.07870869208691698, 0.05029818626600459, 0.04104716305366971, 0.04123906688200253, 0.02589675853960216, 0.02427347665511523, 0.016166802954323815, 0.019108531714388817, 0.010758882406111243, 0.008883875163243802, 0.008152215589882073, 0.006771904959653814, 0.0060777337075154664, 0.005018479236627392, 0.004106670907331687, 0.0031516445857105832, 0.002996769463855096, 0.0032432396546937525, 0.002678634189633709, 0.002482706143795936, 0.0025044242167055154, 0.0024182698318988764, 0.0024738919102784357, 0.002244389686948676, 0.0023003689394417133, 0.003015595168990055]}, "valid": {"acc": [0.37016052880075545, 0.6647780925401322, 0.35410764872521244, 0.36732766761095376, 0.36732766761095376, 0.36732766761095376, 0.36732766761095376, 0.36732766761095376, 0.36732766761095376, 0.36732766761095376, 0.36732766761095376, 0.36732766761095376, 0.36732766761095376, 0.43153918791312557, 0.6968838526912181, 0.732766761095373, 0.8281397544853636, 0.8281397544853636, 0.842304060434372, 0.8489140698772427, 0.8630783758262511, 0.8158640226628895, 0.8470254957507082, 0.8432483474976393, 0.8441926345609065, 0.8441926345609065, 0.8045325779036827, 0.8574126534466477, 0.8545797922568461, 0.8508026440037771, 0.8593012275731823, 0.8489140698772427, 0.8498583569405099, 0.8526912181303116, 0.8489140698772427, 0.8489140698772427, 0.8536355051935789, 0.8517469310670444, 0.8555240793201133, 0.8593012275731823, 0.8526912181303116, 0.8536355051935789, 0.8479697828139755, 0.8555240793201133, 0.8593012275731823, 0.8602455146364495, 0.8611898016997167, 0.8545797922568461, 0.8602455146364495, 0.8630783758262511, 0.8611898016997167, 0.8583569405099151, 0.8564683663833805, 0.8593012275731823, 0.8621340887629839, 0.8630783758262511, 0.8630783758262511, 0.8640226628895185, 0.8630783758262511, 0.8630783758262511], "loss": [1.6237921444928038, 1.1051635470501868, 2.2999402741234336, 1.8119659036228923, 1.768484495763292, 1.7977399348311254, 1.7770753667350077, 1.7806299009936069, 1.7863365110918343, 1.7578125930688782, 1.7876389259877412, 1.786682641123103, 1.7726841245571923, 1.6044257747146717, 0.932892189796007, 0.8126659536283527, 0.5813266747582277, 0.5725387395152713, 0.48844268321981066, 0.4976094553097394, 0.4705103584764658, 0.5904668991678194, 0.4678045316459127, 0.4718577309375587, 0.49610907404246196, 0.5460450685949975, 0.6847010599771073, 0.5480778440787316, 0.5787350392165499, 0.6182308939336191, 0.6499591997726969, 0.6891124205756131, 0.6658632168059717, 0.7434336771935954, 0.7645252902903448, 0.7772044393772213, 0.8408005475871861, 0.8369466005280914, 0.8362260003749601, 0.8705442398956749, 0.8716308845466715, 0.8593460281926455, 0.9188873639438152, 0.8986808461156554, 0.8939051758212508, 0.912866537946505, 0.9130442938821086, 0.8916482266629743, 0.907222428680667, 0.9123536320026012, 0.9119846593022526, 0.9249909008843945, 0.9156103181424622, 0.912559056259494, 0.926130113670202, 0.9403200786210426, 0.9330675830403128, 0.9304141009112871, 0.9366768624823795, 0.9351054820810429]}}