{"precision": 0.5540538171309355, "recall": 0.4054672219610176, "f1-score": 0.4425658797490184, "auc": 0.18786750253873621}