{"precision": 0.6552567424965321, "recall": 0.5919177528135119, "f1-score": 0.6067038042248287, "auc": 0.2171552427142796}