{"precision": 0.5432345956407273, "recall": 0.5093792126324685, "f1-score": 0.5216253419327276, "auc": 0.16911633508787582}