{"precision": 0.550331478838027, "recall": 0.5136682020121973, "f1-score": 0.5252274301624591, "auc": 0.12550182888750117}