{"precision": 0.7537734736722439, "recall": 0.731454519858716, "f1-score": 0.7394187094755913, "auc": 0.2677713453056081}