{"precision": 0.7397967956316941, "recall": 0.7243754664867892, "f1-score": 0.7298573321756076, "auc": 0.19036386153211066}