{"precision": 0.6424495031222042, "recall": 0.6052403620980136, "f1-score": 0.6173327515872238, "auc": 0.23666251770462254}