{"precision": 0.7056755399194229, "recall": 0.6813773492996916, "f1-score": 0.6900628700420177, "auc": 0.15506625462377677}