{"precision": 0.729947433717958, "recall": 0.6808552196207874, "f1-score": 0.695890332861969, "auc": 0.214110127826942}