{"precision": 0.68420513988685, "recall": 0.658028013576813, "f1-score": 0.6653229706816367, "auc": 0.20637261787704267}