{"precision": 0.6226440399289527, "recall": 0.5858694218883396, "f1-score": 0.5959322367978126, "auc": 0.287802051590197}