{"precision": 0.6482801887190577, "recall": 0.6108847716801298, "f1-score": 0.6208670569952799, "auc": 0.2521782050731791}