{"precision": 0.6363971832282933, "recall": 0.5742745277170983, "f1-score": 0.5882606150759964, "auc": 0.21721962315979226}