{"precision": 0.6611924222332758, "recall": 0.5993161009552231, "f1-score": 0.6153603970580044, "auc": 0.15052148160865275}