{"precision": 0.669185277119128, "recall": 0.5980628777526307, "f1-score": 0.61826685170148, "auc": 0.23087900768273317}