{"precision": 0.545048034957175, "recall": 0.5434103615717725, "f1-score": 0.542727562739642, "auc": 0.1555892586314569}