{"precision": 0.7465423833830314, "recall": 0.752493888919962, "f1-score": 0.7443854049609879, "auc": 0.151343594582375}