{"precision": 0.7448320489578331, "recall": 0.7506035399969728, "f1-score": 0.746366870627956, "auc": 0.13430048554186075}