{"precision": 0.7525084776016363, "recall": 0.7562908137410163, "f1-score": 0.7517331467680334, "auc": 0.1746869532739675}