{"precision": 0.7278851438225987, "recall": 0.6847368916059141, "f1-score": 0.6955699703657482, "auc": 0.24521502835538753}