{"precision": 0.717641781084963, "recall": 0.7031099678765776, "f1-score": 0.7045433222740193, "auc": 0.27575614366729684}