{"precision": 0.5209413323421427, "recall": 0.5092917323551689, "f1-score": 0.5134476810816225, "auc": 0.17013114461593362}