{"precision": 0.5191689761329326, "recall": 0.41136814213426653, "f1-score": 0.4393216210571651, "auc": 0.18583037147443243}