{"precision": 0.7739374305834494, "recall": 0.7364135965886491, "f1-score": 0.7425702107494003, "auc": 0.21426622449836286}