{"precision": 0.7831771698995875, "recall": 0.7723327497623587, "f1-score": 0.7749205953581708, "auc": 0.21275501637142133}