{"precision": 0.7566166610435177, "recall": 0.7483345762763034, "f1-score": 0.7478973629755975, "auc": 0.20494710771555708}