{"precision": 0.6262697106236466, "recall": 0.5860267496415752, "f1-score": 0.5978178370003896, "auc": 0.18042619854929398}