{"precision": 0.1095963963963964, "recall": 0.14800863903576333, "f1-score": 0.1179406935751373, "auc": 0.6388578908966052}