{"precision": 0.05105535643170052, "recall": 0.11304034130121088, "f1-score": 0.02351205770589141, "auc": 0.49912373976055446}