{"precision": 0.7535097079655944, "recall": 0.6753740861425706, "f1-score": 0.6903124852325919, "auc": 0.18161492719014843}