{"train": {"acc": [0.5975694444444445, 0.7543402777777778, 0.8059027777777777, 0.828125, 0.8460069444444445, 0.8638888888888889, 0.8902777777777777, 0.8965277777777778, 0.8977430555555556, 0.9251736111111111, 0.928125, 0.9493055555555555, 0.9385416666666667, 0.9414930555555555, 0.9605902777777777, 0.9638888888888889, 0.9685763888888889, 0.978125, 0.9586805555555555, 0.9734375, 0.9706597222222222, 0.9720486111111111, 0.9770833333333333, 0.9689236111111111, 0.9737847222222222, 0.9842013888888889, 0.9779513888888889, 0.9762152777777777, 0.9782986111111112, 0.9855902777777777, 0.9894097222222222, 0.9890625, 0.9678819444444444, 0.9831597222222223, 0.9638888888888889, 0.9819444444444444, 0.9857638888888889, 0.9909722222222223, 0.9897569444444444, 0.9887152777777778, 0.9946180555555556, 0.9961805555555555, 0.9774305555555556, 0.9802083333333333, 0.9875, 0.9864583333333333, 0.9946180555555556, 0.9944444444444445, 0.9916666666666667, 0.9875, 0.9935763888888889, 0.9944444444444445, 0.9965277777777778, 0.9980902777777778, 0.9847222222222223, 0.9767361111111111, 0.9883680555555555, 0.9967013888888889, 0.9953125, 0.996875, 0.9935763888888889, 0.9947916666666666, 0.9954861111111111, 0.996875, 0.9960069444444445, 0.9980902777777778, 0.9994791666666667, 1.0, 1.0, 1.0, 1.0, 1.0, 1.0, 1.0, 1.0, 1.0, 1.0, 1.0, 1.0, 1.0, 1.0, 1.0, 1.0, 1.0, 1.0, 1.0, 1.0, 1.0, 1.0, 1.0, 1.0, 1.0, 1.0, 1.0, 1.0, 1.0, 1.0, 1.0, 1.0, 1.0, 1.0, 1.0, 1.0, 1.0, 1.0, 1.0, 1.0, 1.0, 1.0, 1.0, 1.0, 1.0, 1.0, 1.0, 1.0, 1.0, 1.0, 1.0, 1.0, 1.0, 1.0, 1.0, 1.0, 1.0, 1.0, 1.0, 1.0, 1.0, 1.0, 1.0, 1.0, 1.0, 1.0, 1.0, 1.0, 1.0, 1.0, 1.0, 1.0, 1.0, 1.0, 1.0, 1.0, 1.0, 1.0, 1.0, 1.0, 1.0, 1.0, 1.0], "loss": [2.1516931894120206, 1.048511784398154, 0.8018681286426073, 0.7073207383745173, 0.6113828531142032, 0.5293389917089698, 0.4471458802732189, 0.396167705568035, 0.40551681791463595, 0.27595169482271326, 0.2923809997318836, 0.2057933146029376, 0.24306898576657424, 0.23286728778581942, 0.1598624632264791, 0.13797948465504672, 0.12496705439067289, 0.08773822924436143, 0.16104569577015518, 0.10743733987295895, 0.12958089952890792, 0.11286468332989162, 0.0900725233420897, 0.12317641224879562, 0.09985949657857418, 0.06696826098696067, 0.08525897808414831, 0.09966312139556649, 0.0940291824530852, 0.057797072382036886, 0.038145993964411734, 0.04644130193889978, 0.13051531375961356, 0.06747653366725766, 0.1412359273082085, 0.08037023119670286, 0.06130986623832265, 0.036780669601775416, 0.03869214042853773, 0.04918246384281037, 0.023286996958018648, 0.0142311365788363, 0.10013237146901365, 0.0770847829990089, 0.04208387774049064, 0.058268819432025463, 0.02793923080401767, 0.023789775641857427, 0.039366535652753255, 0.056126796439017974, 0.027759336590442513, 0.02699291419625031, 0.01493913210010198, 0.008610248353935286, 0.05879670562578386, 0.09838808154467535, 0.044181431218552704, 0.016914958344887564, 0.019723030087129955, 0.01399803570088449, 0.02760747032471556, 0.023589486319681607, 0.016184720980510995, 0.018174705108669535, 0.017101209773551253, 0.008531059009144658, 0.003120164644734063, 0.0004701761370168324, 0.00037362271194049326, 0.00020532095562414857, 0.00014032635694645015, 0.00010222102882630935, 0.0001330116426462165, 9.702998358171611e-05, 0.0001283524073320284, 0.00010313031080851248, 6.662031473445423e-05, 7.390756346477462e-05, 6.979853163541653e-05, 5.5009298531137136e-05, 7.362848083083806e-05, 0.00011196696093750515, 4.236419682057929e-05, 4.654623831157459e-05, 3.8582213379372715e-05, 3.622206497638718e-05, 3.308395497022891e-05, 4.705805917326237e-05, 3.1712686981581706e-05, 2.6785582341811307e-05, 3.3329275083815446e-05, 4.13712725654232e-05, 2.578452348939975e-05, 3.508020389734851e-05, 2.8858733079932482e-05, 2.8595165183994622e-05, 3.1287328224965e-05, 3.289264102502866e-05, 1.7420071091610327e-05, 2.0967780094426333e-05, 2.1256100568239213e-05, 1.6421662746907214e-05, 5.13650173600714e-05, 2.220044031770832e-05, 1.6054958890114056e-05, 1.886218505144447e-05, 1.6163005011038152e-05, 1.9125519189360653e-05, 2.4369189908907942e-05, 1.4731876073833365e-05, 1.9641416914699098e-05, 2.244689038649044e-05, 1.6769938976436055e-05, 2.194174293195788e-05, 1.653384497893037e-05, 1.3179849508121019e-05, 2.521164475730187e-05, 1.3418503180106567e-05, 1.3995939028656435e-05, 1.7183293820881374e-05, 1.2122236728245798e-05, 1.1849900770715302e-05, 9.517861659343212e-06, 1.6938090232471356e-05, 1.1238360320675476e-05, 1.3610772356606616e-05, 7.964408805389795e-06, 9.89237402888413e-06, 1.0666676874106077e-05, 1.5282730576759246e-05, 1.2811287374180221e-05, 1.1780711638289432e-05, 1.2821995976205317e-05, 2.2189039340487347e-05, 1.2500545846010895e-05, 9.636859212906948e-06, 8.738244255919505e-06, 9.690866013596442e-06, 6.816356066532065e-06, 1.1605540082067757e-05, 1.2365846462957604e-05, 9.630217369816451e-06, 1.0528709373850208e-05, 1.1056932147296853e-05, 1.126693740807854e-05, 1.1494493034834715e-05, 9.564621467014537e-06, 1.1087465739830109e-05, 2.685945106590266e-05, 9.42902931655318e-06]}, "valid": {"acc": [0.6671875, 0.7296875, 0.7640625, 0.725, 0.6984375, 0.675, 0.75625, 0.7375, 0.7265625, 0.7109375, 0.746875, 0.7703125, 0.7234375, 0.725, 0.7546875, 0.7609375, 0.734375, 0.721875, 0.7390625, 0.7359375, 0.7234375, 0.7765625, 0.7546875, 0.7265625, 0.7359375, 0.7640625, 0.74375, 0.6890625, 0.7609375, 0.7671875, 0.7578125, 0.703125, 0.7453125, 0.7015625, 0.728125, 0.765625, 0.78125, 0.7703125, 0.7640625, 0.7515625, 0.753125, 0.7640625, 0.725, 0.75625, 0.7671875, 0.7375, 0.796875, 0.7640625, 0.7546875, 0.7671875, 0.778125, 0.76875, 0.7984375, 0.73125, 0.7140625, 0.759375, 0.7765625, 0.790625, 0.771875, 0.7765625, 0.7890625, 0.771875, 0.771875, 0.7953125, 0.771875, 0.7765625, 0.7890625, 0.8, 0.79375, 0.7921875, 0.79375, 0.796875, 0.7953125, 0.7921875, 0.7984375, 0.796875, 0.79375, 0.7984375, 0.79375, 0.79375, 0.7953125, 0.7984375, 0.8015625, 0.7984375, 0.7953125, 0.7984375, 0.80625, 0.796875, 0.8046875, 0.796875, 0.8015625, 0.796875, 0.8015625, 0.796875, 0.8, 0.8046875, 0.796875, 0.8078125, 0.80625, 0.8, 0.803125, 0.80625, 0.796875, 0.8078125, 0.8078125, 0.8046875, 0.7984375, 0.8078125, 0.7953125, 0.796875, 0.8046875, 0.803125, 0.8046875, 0.80625, 0.8046875, 0.8015625, 0.80625, 0.803125, 0.8046875, 0.8046875, 0.8078125, 0.8046875, 0.8046875, 0.803125, 0.8046875, 0.809375, 0.8015625, 0.8015625, 0.8046875, 0.8015625, 0.803125, 0.7984375, 0.803125, 0.803125, 0.809375, 0.803125, 0.80625, 0.8078125, 0.803125, 0.8015625, 0.8078125, 0.8, 0.8, 0.8046875, 0.8015625, 0.80625, 0.80625, 0.8078125, 0.8046875, 0.8046875],