{"train": {"acc": [0.39437506558925384, 0.374960646447686, 0.36520096547381675, 0.36520096547381675, 0.36520096547381675, 0.36520096547381675, 0.36520096547381675, 0.36520096547381675, 0.36520096547381675, 0.36520096547381675, 0.36520096547381675, 0.36520096547381675, 0.36520096547381675, 0.36520096547381675, 0.36520096547381675, 0.36520096547381675, 0.36520096547381675, 0.36520096547381675, 0.36520096547381675, 0.36520096547381675, 0.36520096547381675, 0.36520096547381675, 0.36520096547381675, 0.36520096547381675], "loss": [1.6926473532174084, 1.731597251988746, 1.7517078430265993, 1.7499477686108769, 1.7499149844453141, 1.7493064645174388, 1.7496755493653786, 1.747884241310326, 1.7482570425884143, 1.748169393152804, 1.7484921531097308, 1.7481009750752836, 1.7477482895593386, 1.7468318294834446, 1.7468842364646293, 1.746339499950409, 1.7464932614081614, 1.7459079550730217, 1.7457171026113871, 1.7457673581870827, 1.7454713977671958, 1.7450373325798962, 1.7451406217910148, 1.7448787415349805]}, "valid": {"acc": [0.3862134088762984, 0.38526912181303113, 0.38526912181303113, 0.38526912181303113, 0.38526912181303113, 0.38526912181303113, 0.38526912181303113, 0.38526912181303113, 0.38526912181303113, 0.38526912181303113, 0.38526912181303113, 0.38526912181303113, 0.38526912181303113, 0.38526912181303113, 0.38526912181303113, 0.38526912181303113, 0.38526912181303113, 0.38526912181303113, 0.38526912181303113, 0.38526912181303113, 0.38526912181303113, 0.38526912181303113, 0.38526912181303113, 0.38526912181303113], "loss": [1.7283741307844511, 1.7272462193591833, 1.7212034107832017, 1.7269043606936594, 1.7290319289962826, 1.7239500256026399, 1.724472858504672, 1.7242105869129158, 1.719450752992035, 1.7289088073209464, 1.7209928439109672, 1.7212689414141533, 1.720796932119503, 1.7216920007604732, 1.721816934124058, 1.720545308351066, 1.7227726593360109, 1.7212460133438976, 1.7208570665583043, 1.7206035737504581, 1.7205905837688193, 1.720774668376252, 1.7207340123748058, 1.7207307209364633]}}