{"precision": 0.6862848024125232, "recall": 0.6728095163342451, "f1-score": 0.6734901687813372, "auc": 0.26084606160680934}