{"precision": 0.7548399119842468, "recall": 0.754895632192668, "f1-score": 0.7518107255037383, "auc": 0.31249475274955923}