{"precision": 0.7680030733212221, "recall": 0.752583445035868, "f1-score": 0.7569693529255175, "auc": 0.2330408865754345}