{"precision": 0.7112526093814171, "recall": 0.682225716669473, "f1-score": 0.6915220485351428, "auc": 0.16556632485836026}