{"precision": 0.6863540361312239, "recall": 0.6596923146767777, "f1-score": 0.6691487234772278, "auc": 0.21113686379173108}