{"precision": 0.09924985595245407, "recall": 0.151931812914291, "f1-score": 0.10830189374003805, "auc": 0.31990682211921145}