{"train": {"acc": [0.5662109375, 0.6560546875, 0.6900390625, 0.712890625, 0.7298828125, 0.7232421875, 0.7228515625, 0.742578125, 0.7587890625, 0.753125, 0.774609375, 0.7548828125, 0.78203125, 0.769140625, 0.76484375, 0.7720703125, 0.7783203125, 0.7970703125, 0.7923828125, 0.7984375, 0.8015625, 0.7998046875, 0.813671875, 0.79765625, 0.7806640625, 0.782421875, 0.7927734375, 0.8029296875, 0.807421875, 0.8044921875, 0.797265625, 0.798046875, 0.802734375, 0.815625, 0.8220703125, 0.82734375, 0.8140625, 0.816015625, 0.8255859375, 0.8234375, 0.8298828125, 0.82578125, 0.8263671875, 0.8314453125, 0.8375, 0.8388671875, 0.8439453125, 0.84140625, 0.845703125, 0.8560546875, 0.84921875, 0.8576171875, 0.8603515625, 0.84453125, 0.8533203125, 0.861328125, 0.8626953125, 0.8583984375, 0.8640625, 0.8654296875, 0.86015625, 0.862890625, 0.87421875, 0.869921875, 0.8828125, 0.883203125, 0.8849609375, 0.8783203125, 0.8767578125, 0.8865234375, 0.8859375, 0.88515625, 0.8849609375, 0.894140625, 0.9009765625, 0.89921875, 0.900390625, 0.9056640625, 0.905078125, 0.908203125, 0.9064453125, 0.9123046875, 0.913671875, 0.915625, 0.9203125, 0.9185546875, 0.9205078125, 0.919921875, 0.9212890625, 0.9208984375, 0.9212890625, 0.923046875, 0.9263671875, 0.9265625, 0.9283203125, 0.926953125, 0.929296875, 0.931640625, 0.928515625, 0.932421875, 0.934765625, 0.9330078125, 0.932421875, 0.93515625, 0.9361328125, 0.936328125, 0.9357421875, 0.9357421875, 0.9376953125, 0.937890625, 0.9390625, 0.940234375, 0.939453125, 0.940625, 0.9390625, 0.939453125, 0.9408203125, 0.941796875, 0.93984375, 0.940234375, 0.941796875, 0.941796875, 0.9423828125, 0.9431640625, 0.94140625, 0.9419921875, 0.94296875, 0.9419921875, 0.9427734375, 0.9427734375, 0.9439453125, 0.94296875, 0.9435546875, 0.94375, 0.9416015625, 0.9421875, 0.942578125, 0.9435546875, 0.943359375, 0.9435546875, 0.9435546875, 0.9439453125, 0.9439453125, 0.94296875, 0.943359375, 0.943359375, 0.94375, 0.94296875, 0.944140625, 0.9447265625], "loss": [2.5341708780844, 2.3688724463499047, 2.3100693527656264, 2.273983774305899, 2.2445416903193993, 2.256096851976612, 2.254822058013723, 2.225073470345026, 2.1982835410516475, 2.2059786274463318, 2.171710889550704, 2.205416791046722, 2.1610716536075256, 2.1800760045836243, 2.1874736894535114, 2.1773630078834825, 2.1662491288366197, 2.1352260308929636, 2.1443408124054533, 2.134249257135995, 2.1282927627804913, 2.1296946564807167, 2.108058936988251, 2.13564734066589, 2.1615850910355774, 2.15894417370422, 2.1418479907361765, 2.1247427554070195, 2.117842837225033, 2.1209984821609305, 2.13416815860362, 2.133127393601816, 2.1254552210433575, 2.105175815051115, 2.0940928957130334, 2.0854997770695745, 2.108868170388137, 2.103468188756629, 2.087768844411343, 2.0920798431468914, 2.080288304558283, 2.0884256740159626, 2.0874707668642456, 2.078420254248607, 2.067155690132817, 2.065989006923724, 2.0588741694824604, 2.0610841905014423, 2.0547112362294255, 2.038147220128699, 2.0489576647553265, 2.0357953310012817, 2.0319281484507306, 2.0553124524370023, 2.042657535287398, 2.03003679951535, 2.0262596486489985, 2.033775377877151, 2.024797346018538, 2.024023306520679, 2.029979316494133, 2.0268020343176927, 2.0079888241200505, 2.0131919082207017, 1.9950622380534304, 1.9926838407033607, 1.989080696166316, 1.9993612087225612, 2.00431261485136, 1.9878922248188453, 1.9893787933301321, 1.990324845796899, 1.9898513253731063, 1.9751491954055014, 1.963457868069033, 1.9674374589437171, 1.965284976778151, 1.9576510704016383, 1.9573374805571158, 1.952226836470109, 1.9538743948634667, 1.9457407133488716, 1.9442033707341062, 1.9403687896607797, 1.93282935287379, 1.9352077773854703, 1.9331928853747211, 1.9330882241454306, 1.9311407019820395, 1.9325576492502718, 1.9298969311050223, 1.9279554735256146, 1.9228144325787508, 1.921877064282381, 1.9187182565278644, 1.9220795465421072, 1.9175570886346358, 1.9142249279384371, 1.9187355630005463, 1.9123866950409323, 1.9088456449629385, 1.9120275913914548, 1.912638848340964, 1.908299003975301, 1.906048119822635, 1.9054078904888299, 1.9070975101446803, 1.9058527659766282, 1.903549948825112, 1.9036453388914276, 1.901234936110581, 1.90011286433739, 1.9007522818408435, 1.8989934000787856, 1.900528847416745, 1.9006748214552673, 1.898479630675497, 1.8969994194899933, 1.8995238120042826, 1.8993504500087304, 1.8969207141972795, 1.897677494000785, 1.896100112154514, 1.8946947357322597, 1.897278459766243, 1.896709286713902, 1.8950529385216628, 1.8963517524019073, 1.895054557655431, 1.895093794110455, 1.893543644796444, 1.8946925069712386, 1.894514868531046, 1.8934324798704703, 1.8970177565948874, 1.8958207157593738, 1.895314015919649, 1.8939781279503545, 1.8944617540021487, 1.8937189231944989, 1.893992949135696, 1.8935482049290138, 1.8932321328151076, 1.894634424885617, 1.8941455068467539, 1.8942886258982405, 1.8937662357016454, 1.8950053875959372, 1.892836267435098, 1.8924309784853006]}, "valid": {"acc": [0.59375, 0.6734375, 0.65625, 0.7171875, 0.70625, 0.7453125, 0.7234375, 0.703125, 0.734375, 0.75, 0.728125, 0.715625, 0.75, 0.74375, 0.746875, 0.7546875, 0.7640625, 0.74375, 0.75625, 0.7453125, 0.7703125, 0.784375, 0.78125, 0.765625, 0.7703125, 0.7578125, 0.753125, 0.7671875, 0.7640625, 0.78125, 0.7390625, 0.765625, 0.7453125, 0.7640625, 0.7828125, 0.75625, 0.7671875, 0.7546875, 0.79375, 0.778125, 0.7859375, 0.78125, 0.7875, 0.7921875, 0.7734375, 0.796875, 0.778125, 0.796875, 0.7890625, 0.8, 0.7859375, 0.796875, 0.7734375, 0.775, 0.7796875, 0.7984375, 0.796875, 0.790625, 0.78125, 0.7953125, 0.7734375, 0.7953125, 0.7828125, 0.8, 0.8109375, 0.8125, 0.7859375, 0.7984375, 0.7953125, 0.79375, 0.8078125, 0.796875, 0.7859375, 0.8, 0.79375, 0.7984375, 0.79375, 0.803125, 0.8078125, 0.8015625, 0.809375, 0.815625, 0.8125, 0.8078125, 0.80625, 0.8078125, 0.796875, 0.8125, 0.8046875, 0.8125, 0.8140625, 0.815625, 0.80625, 0.8125, 0.8078125, 0.80625, 0.809375, 0.8171875, 0.8125, 0.809375, 0.8, 0.8078125, 0.80625, 0.8078125, 0.8046875, 0.796875, 0.8, 0.8046875, 0.803125, 0.8078125, 0.8140625, 0.821875, 0.81875, 0.825, 0.8171875, 0.8140625, 0.81875, 0.809375, 0.8078125, 0.8109375, 0.8046875, 0.803125, 0.815625, 0.809375, 0.8140625, 0.80625, 0.81875, 0.8125, 0.8109375, 0.8171875, 0.8109375, 0.81875, 0.8109375, 0.815625, 0.8140625, 0.815625, 0.81875, 0.809375, 0.8171875, 0.8140625, 0.8125, 0.8140625, 0.8140625, 0.8203125, 0.8125, 0.81875, 0.8171875, 0.8171875, 0.81875, 0.81875],