{"train": {"acc": [0.5525390625, 0.655859375, 0.680859375, 0.691015625, 0.7025390625, 0.7251953125, 0.74453125, 0.743359375, 0.7482421875, 0.749609375, 0.7443359375, 0.7552734375, 0.7625, 0.7732421875, 0.78515625, 0.7703125, 0.77890625, 0.791015625, 0.7806640625, 0.7830078125, 0.7865234375, 0.78359375, 0.7703125, 0.78203125, 0.785546875, 0.7916015625, 0.79765625, 0.7974609375, 0.80234375, 0.80625, 0.8080078125, 0.8087890625, 0.815234375, 0.8109375, 0.80625, 0.812109375, 0.813671875, 0.81640625, 0.81875, 0.818359375, 0.8076171875, 0.81640625, 0.8140625, 0.8244140625, 0.8146484375, 0.8189453125, 0.826171875, 0.8236328125, 0.828125, 0.83359375, 0.8341796875, 0.8365234375, 0.83984375, 0.8423828125, 0.8482421875, 0.8453125, 0.849609375, 0.8482421875, 0.85390625, 0.8541015625, 0.8484375, 0.8650390625, 0.863671875, 0.8650390625, 0.863671875, 0.8615234375, 0.8552734375, 0.8673828125, 0.8693359375, 0.8716796875, 0.8720703125, 0.8763671875, 0.8771484375, 0.881640625, 0.884765625, 0.8828125, 0.880078125, 0.8841796875, 0.887890625, 0.8900390625, 0.8943359375, 0.8921875, 0.8912109375, 0.8970703125, 0.8927734375, 0.9005859375, 0.9013671875, 0.9033203125, 0.9046875, 0.91015625, 0.905859375, 0.908203125, 0.9140625, 0.9091796875, 0.9158203125, 0.9216796875, 0.91484375, 0.9244140625, 0.9220703125, 0.9220703125, 0.9236328125, 0.9244140625, 0.9263671875, 0.927734375, 0.9271484375, 0.9263671875, 0.929296875, 0.9314453125, 0.9318359375, 0.9318359375, 0.933203125, 0.9330078125, 0.934765625, 0.933984375, 0.9373046875, 0.93515625, 0.9359375, 0.9380859375, 0.9376953125, 0.938671875, 0.940625, 0.9380859375, 0.9388671875, 0.93984375, 0.93984375, 0.9416015625, 0.941796875, 0.941796875, 0.9423828125, 0.9419921875, 0.9423828125, 0.9404296875, 0.9427734375, 0.943359375, 0.94296875, 0.943359375, 0.94296875, 0.9421875, 0.9435546875, 0.941796875, 0.94296875, 0.9427734375, 0.941796875, 0.9412109375, 0.9431640625, 0.9439453125, 0.94375, 0.9431640625, 0.94296875, 0.9423828125], "loss": [2.547067132177232, 2.365409745445734, 2.3269020394433904, 2.3090414910376826, 2.2895219657994526, 2.2528640469418297, 2.2202434720872324, 2.222940764849699, 2.214399235158027, 2.2134562097018278, 2.2230754109877573, 2.202385393879082, 2.191506698161741, 2.175769271729868, 2.156526509719559, 2.179295539855957, 2.163703103608723, 2.146155628976943, 2.1634769998019254, 2.1584569472300856, 2.1528417098371286, 2.1591918076140972, 2.179095312009884, 2.1598381603820416, 2.154358554490005, 2.1425342227839215, 2.134689492515371, 2.1342872803724267, 2.1258379386950144, 2.118532189840003, 2.116867297812353, 2.1155354025997695, 2.1064365906051443, 2.1136839223813406, 2.119964963273157, 2.110839445379716, 2.1087205440183228, 2.104249358177185, 2.0994951257222816, 2.101091620288318, 2.1184349558021447, 2.1054193445398837, 2.108215439168713, 2.0907679901847356, 2.1048717393150813, 2.1003094458881812, 2.08864427518241, 2.0919359514984905, 2.0822219727914546, 2.0745860760725, 2.0742284150063237, 2.0715514361103877, 2.066363648523258, 2.0611720583106896, 2.051352209682706, 2.055017407936386, 2.049972146372252, 2.04917557480969, 2.0415074161336393, 2.0415396886535837, 2.049600328071208, 2.0242314912095853, 2.025383520729934, 2.02379620829715, 2.025721961938882, 2.0292610246923903, 2.038165465185914, 2.019205176377598, 2.0170459505877916, 2.0126766630365878, 2.0124560745456552, 2.0057889057111136, 2.0022183007831815, 1.9962963409061674, 1.990568826470194, 1.994923238512836, 2.000773630564726, 1.9926966308038445, 1.9858476029166692, 1.9821649940708015, 1.9765686641765545, 1.9782511554186857, 1.9799876877024203, 1.970944712433634, 1.9790478386456454, 1.9651455879211426, 1.9637568223325512, 1.9605212603943258, 1.9572961405862737, 1.9507591875293586, 1.9547388463080684, 1.9522650588916828, 1.9420809127107452, 1.9519785944419572, 1.9402036908306652, 1.9318040443372122, 1.9416940891290013, 1.927443201028848, 1.9297670231589787, 1.9291761917403982, 1.9277492655983455, 1.926586857324914, 1.922601121890394, 1.9199484948870502, 1.921589741223975, 1.9226270446294471, 1.918236389944825, 1.9144525211068648, 1.914513029629671, 1.9131566572792922, 1.911661581148075, 1.9108128623117375, 1.9091174511969844, 1.9091600964340982, 1.9045588532580604, 1.9076216960255103, 1.906086659129662, 1.9036865355093269, 1.9042577441734603, 1.9022550220730938, 1.8993299490288844, 1.9029044184503676, 1.9019423753400393, 1.900361029407646, 1.8997503775584548, 1.896879342537892, 1.8972455414035652, 1.896943380561056, 1.8960422020924241, 1.8972030802618098, 1.895964753778675, 1.8993626078472863, 1.896251631688468, 1.893757497208028, 1.8952747281593612, 1.894426858877834, 1.8946603747862805, 1.895959431612039, 1.8941032388542272, 1.8957875604870953, 1.8954340476024, 1.894965479645548, 1.8958177657067021, 1.896574928790708, 1.8944866627077512, 1.8933501153052608, 1.8938359595552277, 1.8942854842053185, 1.894894977159138, 1.8955855339388303]}, "valid": {"acc": [0.6515625, 0.675, 0.6734375, 0.6984375, 0.4625, 0.75, 0.7296875, 0.70625, 0.7390625, 0.64375, 0.740625, 0.746875, 0.7359375, 0.7515625, 0.7390625, 0.7703125, 0.78125, 0.7546875, 0.7421875, 0.7625, 0.746875, 0.7125, 0.7609375, 0.7671875, 0.79375, 0.775, 0.7796875, 0.7796875, 0.7578125, 0.7796875, 0.7859375, 0.7703125, 0.7953125, 0.765625, 0.775, 0.784375, 0.7859375, 0.7828125, 0.7640625, 0.78125, 0.771875, 0.7828125, 0.76875, 0.778125, 0.7703125, 0.76875, 0.7921875, 0.796875, 0.7890625, 0.7921875, 0.7890625, 0.79375, 0.7765625, 0.778125, 0.7890625, 0.7796875, 0.790625, 0.8, 0.8140625, 0.8046875, 0.8015625, 0.8078125, 0.79375, 0.803125, 0.7875, 0.7875, 0.7890625, 0.7921875, 0.79375, 0.8015625, 0.7984375, 0.8, 0.796875, 0.79375, 0.7765625, 0.7953125, 0.7953125, 0.803125, 0.7921875, 0.8015625, 0.790625, 0.8, 0.7875, 0.79375, 0.8046875, 0.79375, 0.796875, 0.7953125, 0.8078125, 0.809375, 0.8109375, 0.8046875, 0.796875, 0.7984375, 0.79375, 0.809375, 0.803125, 0.8078125, 0.80625, 0.8, 0.8125, 0.79375, 0.803125, 0.79375, 0.8046875, 0.790625, 0.803125, 0.8015625, 0.8, 0.790625, 0.8, 0.8078125, 0.8, 0.8046875, 0.7953125, 0.7953125, 0.796875, 0.79375, 0.7984375, 0.7953125, 0.796875, 0.80625, 0.803125, 0.8, 0.8015625, 0.8046875, 0.7953125, 0.803125, 0.803125, 0.809375, 0.80625, 0.8078125, 0.8, 0.8078125, 0.80625, 0.809375, 0.8078125, 0.8046875, 0.8046875, 0.803125, 0.80625, 0.8078125, 0.80625, 0.8, 0.8015625, 0.803125, 0.80625, 0.80625, 0.8078125, 0.8046875],