{"train": {"acc": [0.547265625, 0.655859375, 0.6794921875, 0.7138671875, 0.7095703125, 0.736328125, 0.7470703125, 0.761328125, 0.7599609375, 0.7685546875, 0.7650390625, 0.7607421875, 0.7556640625, 0.7666015625, 0.7677734375, 0.7736328125, 0.787890625, 0.79140625, 0.7826171875, 0.78984375, 0.782421875, 0.7828125, 0.7759765625, 0.78984375, 0.7986328125, 0.79765625, 0.7908203125, 0.8033203125, 0.801953125, 0.8123046875, 0.7958984375, 0.808984375, 0.805078125, 0.803515625, 0.80703125, 0.8103515625, 0.8130859375, 0.8142578125, 0.81484375, 0.8203125, 0.823046875, 0.822265625, 0.8265625, 0.821484375, 0.8328125, 0.839453125, 0.83515625, 0.832421875, 0.839453125, 0.8400390625, 0.8359375, 0.848828125, 0.845703125, 0.8380859375, 0.841796875, 0.8443359375, 0.8494140625, 0.85390625, 0.859375, 0.8650390625, 0.860546875, 0.8595703125, 0.86953125, 0.8658203125, 0.867578125, 0.873046875, 0.8828125, 0.8841796875, 0.890625, 0.884765625, 0.8876953125, 0.884375, 0.8890625, 0.89375, 0.897265625, 0.8966796875, 0.9025390625, 0.9052734375, 0.9052734375, 0.90703125, 0.9083984375, 0.9111328125, 0.912890625, 0.9169921875, 0.9142578125, 0.9169921875, 0.918359375, 0.91640625, 0.920703125, 0.92109375, 0.921484375, 0.9212890625, 0.9259765625, 0.923046875, 0.9244140625, 0.9279296875, 0.9283203125, 0.9259765625, 0.925390625, 0.9310546875, 0.930078125, 0.931640625, 0.932421875, 0.9328125, 0.9341796875, 0.933203125, 0.9359375, 0.9337890625, 0.9345703125, 0.9345703125, 0.93671875, 0.93671875, 0.9361328125, 0.9353515625, 0.937109375, 0.9375, 0.9357421875, 0.937109375, 0.9384765625, 0.9388671875, 0.9365234375, 0.9380859375, 0.937109375, 0.9388671875, 0.9390625, 0.9408203125, 0.93984375, 0.941015625, 0.93984375, 0.939453125, 0.93984375, 0.9412109375, 0.9416015625, 0.9412109375, 0.9412109375, 0.941015625, 0.9419921875, 0.941796875, 0.941015625, 0.94140625, 0.9416015625, 0.94140625, 0.9412109375, 0.9431640625, 0.9431640625, 0.941796875, 0.9421875, 0.9423828125, 0.94296875, 0.9421875], "loss": [2.5647652179380005, 2.371381853200212, 2.3253067022637475, 2.271718520152418, 2.280337264266195, 2.235252718382244, 2.21565731114979, 2.1947665139089656, 2.1969289296790016, 2.181934379324128, 2.186980635304994, 2.1979476198365417, 2.2014147254485117, 2.1856310488302495, 2.184405864039554, 2.171954355662382, 2.152115376689766, 2.1442561315584787, 2.1598247214208675, 2.14596300336379, 2.1601186824750296, 2.15796728224694, 2.1690006422091135, 2.1462189094929753, 2.1320085118088543, 2.1353718510156945, 2.14526320560069, 2.1240666516219515, 2.127664223501954, 2.1104151583925077, 2.1369017754928974, 2.114884040023707, 2.1215398809577843, 2.1254019194011446, 2.1210182693940176, 2.1115732057185115, 2.1104899418504934, 2.106778079950357, 2.105401202093197, 2.09623123120658, 2.091647584227067, 2.093305892582181, 2.0868895385838764, 2.0959663979614835, 2.077628419369082, 2.065217418006704, 2.071549498582188, 2.076830284504951, 2.0681298261956322, 2.066689453547514, 2.0729660776597036, 2.049472256551815, 2.0565376824970487, 2.067518066756333, 2.060518945319743, 2.0572739326501193, 2.049408156660539, 2.04214772242534, 2.032458237454861, 2.0250905058051965, 2.0316254232503193, 2.0316275931611845, 2.016591761685625, 2.021585742129555, 2.0178439964222004, 2.00909131388121, 1.994755757005909, 1.991715016244333, 1.981266896935958, 1.9918387992472588, 1.9850314870665344, 1.9918519349037846, 1.9818822688694242, 1.9753269953063772, 1.9692744424071493, 1.9712330978127974, 1.9623972434031813, 1.9575399401821667, 1.9574953619437883, 1.955057589313652, 1.9513623457920701, 1.94859878473644, 1.9457827142522306, 1.9391727372060847, 1.941472607322886, 1.9384468476983565, 1.935017366952534, 1.9393809158590776, 1.9332159968871105, 1.931791980055314, 1.930447515053085, 1.9303536716895768, 1.9233437776565552, 1.9268081007124502, 1.9258435542070413, 1.9198425464992281, 1.9192734111713459, 1.9217913241326054, 1.923484868641141, 1.9155972698066808, 1.9153233902363838, 1.913541286806517, 1.911931102788901, 1.9112325982202458, 1.9096687096583693, 1.9108297809769836, 1.9073218393929396, 1.9099123568474492, 1.9083533966088597, 1.9084899727302262, 1.9054503652113903, 1.9053939098044286, 1.9055816252020341, 1.9073555876937094, 1.9045398582386066, 1.903601217873489, 1.9062548060960407, 1.9042632262918013, 1.9022962881039969, 1.9016028838821604, 1.9050116146667093, 1.9033877185628385, 1.9041740411444554, 1.9015098357502418, 1.901421728013437, 1.89879375922529, 1.9005666714680345, 1.8985056258455109, 1.9002551836303518, 1.899854899961737, 1.9006630182266235, 1.8976213102099262, 1.8971176268179206, 1.8976936551589, 1.8971602645101426, 1.8982182424279708, 1.8972529670860194, 1.8969617146479933, 1.8978992112075226, 1.8973567365091057, 1.8967165237740626, 1.8978281111656865, 1.8973375875738603, 1.8944519305530982, 1.8949958010564876, 1.8962349031544938, 1.8964984266063836, 1.8958720798733868, 1.8949588341049002, 1.8964372828036924]}, "valid": {"acc": [0.475, 0.625, 0.70625, 0.63125, 0.7125, 0.7296875, 0.690625, 0.75625, 0.740625, 0.75, 0.759375, 0.759375, 0.746875, 0.7609375, 0.725, 0.78125, 0.6671875, 0.753125, 0.7578125, 0.7453125, 0.753125, 0.7484375, 0.7515625, 0.7796875, 0.7671875, 0.7578125, 0.79375, 0.79375, 0.7953125, 0.7609375, 0.771875, 0.75, 0.790625, 0.7734375, 0.771875, 0.75, 0.778125, 0.778125, 0.78125, 0.7734375, 0.78125, 0.7921875, 0.7796875, 0.79375, 0.771875, 0.78125, 0.8015625, 0.7984375, 0.8, 0.7921875, 0.784375, 0.7984375, 0.7734375, 0.7828125, 0.7890625, 0.7875, 0.8078125, 0.7875, 0.79375, 0.803125, 0.778125, 0.78125, 0.790625, 0.7828125, 0.7765625, 0.778125, 0.80625, 0.7953125, 0.803125, 0.7984375, 0.79375, 0.8, 0.8125, 0.8078125, 0.8046875, 0.8046875, 0.7953125, 0.790625, 0.803125, 0.7953125, 0.8, 0.8015625, 0.7984375, 0.8125, 0.80625, 0.80625, 0.7859375, 0.8, 0.80625, 0.8015625, 0.7921875, 0.796875, 0.80625, 0.809375, 0.79375, 0.809375, 0.8125, 0.803125, 0.8015625, 0.7984375, 0.8078125, 0.8125, 0.8140625, 0.8046875, 0.8140625, 0.8140625, 0.80625, 0.8109375, 0.809375, 0.8, 0.80625, 0.8078125, 0.8109375, 0.8125, 0.80625, 0.8109375, 0.8140625, 0.8078125, 0.8171875, 0.8140625, 0.8125, 0.809375, 0.8109375, 0.8015625, 0.8046875, 0.7984375, 0.80625, 0.8015625, 0.8109375, 0.8125, 0.809375, 0.8125, 0.8125, 0.8078125, 0.8078125, 0.8109375, 0.809375, 0.8078125, 0.80625, 0.7984375, 0.80625, 0.80625, 0.8078125, 0.80625, 0.803125, 0.803125, 0.8046875, 0.803125, 0.809375, 0.8046875],