{"train": {"acc": [0.553515625, 0.6498046875, 0.6689453125, 0.6892578125, 0.716796875, 0.7173828125, 0.7341796875, 0.721484375, 0.7228515625, 0.750390625, 0.747265625, 0.7529296875, 0.7626953125, 0.752734375, 0.7447265625, 0.7517578125, 0.7724609375, 0.78515625, 0.782421875, 0.7732421875, 0.780078125, 0.78125, 0.783984375, 0.7865234375, 0.787109375, 0.7826171875, 0.7880859375, 0.787109375, 0.8029296875, 0.79375, 0.796875, 0.8083984375, 0.787890625, 0.796875, 0.8107421875, 0.8119140625, 0.8072265625, 0.8048828125, 0.8072265625, 0.8173828125, 0.819140625, 0.819140625, 0.8212890625, 0.8060546875, 0.8251953125, 0.817578125, 0.818359375, 0.83046875, 0.82578125, 0.8287109375, 0.828515625, 0.8341796875, 0.8169921875, 0.83125, 0.8283203125, 0.8357421875, 0.8396484375, 0.844140625, 0.847265625, 0.8541015625, 0.8578125, 0.8513671875, 0.860546875, 0.8619140625, 0.867578125, 0.862890625, 0.855859375, 0.8650390625, 0.8669921875, 0.871484375, 0.8765625, 0.8814453125, 0.8859375, 0.8806640625, 0.8857421875, 0.890625, 0.8904296875, 0.88984375, 0.896484375, 0.89453125, 0.8947265625, 0.898046875, 0.903125, 0.9015625, 0.90703125, 0.906640625, 0.9072265625, 0.90546875, 0.912109375, 0.91171875, 0.9142578125, 0.9166015625, 0.91640625, 0.919921875, 0.9212890625, 0.92109375, 0.9236328125, 0.923046875, 0.92421875, 0.922265625, 0.9251953125, 0.9279296875, 0.9287109375, 0.9240234375, 0.9291015625, 0.9291015625, 0.9287109375, 0.9302734375, 0.928125, 0.9314453125, 0.9306640625, 0.9294921875, 0.9314453125, 0.933984375, 0.93359375, 0.9345703125, 0.9310546875, 0.934375, 0.9353515625, 0.9359375, 0.9337890625, 0.934765625, 0.934375, 0.93671875, 0.93671875, 0.93671875, 0.9373046875, 0.9361328125, 0.936328125, 0.9361328125, 0.9353515625, 0.9373046875, 0.9390625, 0.9390625, 0.9373046875, 0.9376953125, 0.938671875, 0.9392578125, 0.9388671875, 0.9384765625, 0.9390625, 0.9375, 0.9375, 0.938671875, 0.9384765625, 0.9390625, 0.9388671875, 0.9390625, 0.9392578125, 0.9384765625], "loss": [2.553066857253449, 2.3796419614478004, 2.3456653009487103, 2.3120906956588168, 2.264874808395965, 2.2640230806568002, 2.2398752140093454, 2.2614140118224713, 2.2550449476966374, 2.2142218909686124, 2.216145910794222, 2.2087056214296363, 2.192876287653476, 2.209040444108504, 2.219814095316054, 2.210016318514377, 2.175849086121668, 2.154971234406097, 2.1599686809732943, 2.174781575987611, 2.1628011133097393, 2.1624631398840797, 2.157280600523647, 2.1531474937366535, 2.153138228609592, 2.159151692933674, 2.15020428428167, 2.1502077504049373, 2.1267965111551406, 2.1394604942466637, 2.136507250085662, 2.1165657586689237, 2.1498945528947853, 2.137473589257349, 2.111605790596974, 2.1121890575070923, 2.118796116189112, 2.1232918606528752, 2.118110318727131, 2.1018910483468938, 2.1014064580579346, 2.098298053198223, 2.094900763487514, 2.1201944426645207, 2.091319090203394, 2.1002078599567655, 2.099095533165751, 2.0788500776773766, 2.088014373296424, 2.0814590378652644, 2.0830274880686894, 2.0730958120732366, 2.1020235758793504, 2.0796740356879897, 2.0852582062347027, 2.072297829615919, 2.066131763820407, 2.0575978831399846, 2.052175348318076, 2.0415221241456045, 2.03517913214768, 2.0467685491223877, 2.030257873897311, 2.0293716599669636, 2.0194686198536353, 2.0262963334216346, 2.0380208839344074, 2.024276680584195, 2.0204818957968604, 2.011599803272682, 2.005650506743902, 1.996576869035069, 1.9895412137236776, 1.9982058986832825, 1.9891821417627455, 1.9811269210863718, 1.9807864110681075, 1.9830267353902888, 1.9703005310855335, 1.9757435155820242, 1.9743463238583336, 1.9688555183289926, 1.960695289358308, 1.962411097333401, 1.9549825689460658, 1.9548663610144505, 1.9534802889522118, 1.956451580494265, 1.9448863886579681, 1.9452322993097426, 1.9422696406328226, 1.938648828977271, 1.93903992447672, 1.9340541332582883, 1.9305958476247667, 1.931058341943765, 1.9271273356449754, 1.9289607035962841, 1.9261584312100954, 1.928181598458109, 1.9243939798089522, 1.9194628060618533, 1.9188903917240192, 1.9254313224478612, 1.9184204898303068, 1.9176500281201134, 1.9188440660887127, 1.9158663010295434, 1.919427817380881, 1.9148470842385594, 1.916141520572614, 1.916626227052906, 1.9136288045327874, 1.9107004615324963, 1.9113080833531633, 1.9092077484613732, 1.9145657367344144, 1.9098673832567432, 1.9082108147536652, 1.906858841075173, 1.9099845146831078, 1.9079189707961264, 1.9086545132383514, 1.9049301388897473, 1.9052563649189622, 1.905213648759866, 1.9036826453631437, 1.9060925396182868, 1.9051497555986237, 1.9055394175686413, 1.9065306669549098, 1.904038273835484, 1.9013564677178105, 1.9017244381240652, 1.904270597651035, 1.9031988155992725, 1.9021040291725835, 1.9013647142844865, 1.901814121234266, 1.9026246417926838, 1.9013947852050201, 1.903738436819632, 1.903595987754532, 1.9022057494030724, 1.9021569203726854, 1.9014022621927382, 1.9017458867423143, 1.9015228974668286, 1.901181144050405, 1.9026430513285384]}, "valid": {"acc": [0.5921875, 0.6484375, 0.60625, 0.6828125, 0.684375, 0.728125, 0.7140625, 0.7234375, 0.6875, 0.7296875, 0.6859375, 0.7359375, 0.75, 0.7078125, 0.6828125, 0.7203125, 0.7625, 0.7546875, 0.746875, 0.7609375, 0.7296875, 0.7515625, 0.7671875, 0.740625, 0.74375, 0.753125, 0.6921875, 0.7609375, 0.7625, 0.75, 0.775, 0.7609375, 0.746875, 0.753125, 0.7734375, 0.7828125, 0.784375, 0.7984375, 0.775, 0.7796875, 0.76875, 0.7875, 0.7796875, 0.78125, 0.7953125, 0.78125, 0.7953125, 0.7828125, 0.7671875, 0.78125, 0.78125, 0.74375, 0.7875, 0.790625, 0.79375, 0.7859375, 0.803125, 0.7859375, 0.790625, 0.7921875, 0.78125, 0.778125, 0.7953125, 0.79375, 0.7953125, 0.79375, 0.7734375, 0.7859375, 0.7734375, 0.7921875, 0.7984375, 0.790625, 0.815625, 0.809375, 0.8109375, 0.79375, 0.7984375, 0.8078125, 0.8171875, 0.7765625, 0.8078125, 0.80625, 0.79375, 0.79375, 0.8046875, 0.7890625, 0.8, 0.8109375, 0.8046875, 0.8140625, 0.8, 0.8140625, 0.8140625, 0.8015625, 0.8046875, 0.7984375, 0.7953125, 0.8140625, 0.80625, 0.809375, 0.8125, 0.809375, 0.809375, 0.8125, 0.8140625, 0.809375, 0.8140625, 0.8140625, 0.8203125, 0.8140625, 0.809375, 0.8125, 0.80625, 0.8046875, 0.8078125, 0.815625, 0.8078125, 0.80625, 0.803125, 0.809375, 0.80625, 0.8078125, 0.8125, 0.8, 0.809375, 0.8046875, 0.8046875, 0.8078125, 0.80625, 0.803125, 0.803125, 0.8015625, 0.803125, 0.8046875, 0.8046875, 0.8078125, 0.8, 0.8046875, 0.803125, 0.80625, 0.8046875, 0.8109375, 0.8078125, 0.8015625, 0.80625, 0.8, 0.80625, 0.8015625, 0.8015625, 0.803125],