{"train": {"acc": [0.5451171875, 0.6525390625, 0.6822265625, 0.6962890625, 0.716015625, 0.73828125, 0.7392578125, 0.7578125, 0.7611328125, 0.7525390625, 0.76484375, 0.75859375, 0.7677734375, 0.765234375, 0.775390625, 0.7751953125, 0.7638671875, 0.783203125, 0.7568359375, 0.7763671875, 0.7900390625, 0.786328125, 0.7833984375, 0.7771484375, 0.7806640625, 0.790625, 0.8068359375, 0.7923828125, 0.814453125, 0.809375, 0.81953125, 0.81484375, 0.8099609375, 0.822265625, 0.8087890625, 0.8134765625, 0.8123046875, 0.8142578125, 0.8154296875, 0.8138671875, 0.819921875, 0.8193359375, 0.826171875, 0.8337890625, 0.8373046875, 0.8330078125, 0.846484375, 0.85390625, 0.84609375, 0.8482421875, 0.8375, 0.8517578125, 0.8482421875, 0.853125, 0.8560546875, 0.85703125, 0.85625, 0.8603515625, 0.8685546875, 0.863671875, 0.87109375, 0.8681640625, 0.8837890625, 0.8794921875, 0.8765625, 0.8826171875, 0.8798828125, 0.87734375, 0.8873046875, 0.8962890625, 0.894140625, 0.89765625, 0.901171875, 0.90234375, 0.90703125, 0.90703125, 0.91015625, 0.90859375, 0.9134765625, 0.9119140625, 0.9158203125, 0.91875, 0.9216796875, 0.9193359375, 0.9236328125, 0.9201171875, 0.9212890625, 0.9228515625, 0.9224609375, 0.9248046875, 0.9244140625, 0.9310546875, 0.92578125, 0.9265625, 0.9283203125, 0.930078125, 0.9328125, 0.9337890625, 0.93515625, 0.9337890625, 0.934375, 0.9326171875, 0.9365234375, 0.9373046875, 0.9373046875, 0.93828125, 0.937890625, 0.9369140625, 0.9373046875, 0.938671875, 0.941015625, 0.9408203125, 0.9421875, 0.9421875, 0.9419921875, 0.939453125, 0.94140625, 0.94375, 0.9427734375, 0.9435546875, 0.944140625, 0.9458984375, 0.94375, 0.9453125, 0.9455078125, 0.9458984375, 0.9439453125, 0.9455078125, 0.94375, 0.94609375, 0.944921875, 0.9466796875, 0.946484375, 0.94453125, 0.9466796875, 0.944921875, 0.9458984375, 0.945703125, 0.94609375, 0.9458984375, 0.945703125, 0.94609375, 0.9453125, 0.9453125, 0.94609375, 0.946484375, 0.9447265625, 0.9451171875, 0.9462890625, 0.9462890625], "loss": [2.567187116115908, 2.371363657939283, 2.322264097913911, 2.3040806854827496, 2.2683484403392935, 2.2338554859161377, 2.2320981297311904, 2.1992235334613657, 2.195980069003528, 2.2067384689669067, 2.1871968824652175, 2.199839285657376, 2.1832155306128005, 2.1869352376913724, 2.1714787890639484, 2.170081281963783, 2.189850532555882, 2.158955978441842, 2.2004673526256897, 2.1705117829238314, 2.14743758907801, 2.153418139566349, 2.1567091126985187, 2.168616097184676, 2.1624211344537856, 2.144142751452289, 2.120055675506592, 2.1423748444907273, 2.1060874039613746, 2.115587166593045, 2.0983625876752634, 2.1065155750588525, 2.114105472081824, 2.097093995613388, 2.1157902418812617, 2.1085261876070045, 2.1111274595502056, 2.107344929176041, 2.1061517407622516, 2.1075621043579487, 2.0953815224804457, 2.098208951044686, 2.0844824932798556, 2.0737525028518484, 2.069678544998169, 2.0740320275101483, 2.0540913901751554, 2.042952164818969, 2.0548426154293593, 2.049995657763904, 2.0670746278159227, 2.047209030465235, 2.0490075425256657, 2.042249106153657, 2.0375580138798, 2.0345646324036997, 2.038135051727295, 2.0311392062827003, 2.0208217826070665, 2.0238278108307077, 2.0109424289268785, 2.0195737383033654, 1.9947303820259963, 1.9995315980307664, 2.0042148722877986, 1.9941098403327073, 1.9976741890364056, 1.9997619360308103, 1.9850494620166248, 1.9713356434544431, 1.976068286956111, 1.9695111150983013, 1.9640521052517468, 1.9614078772218921, 1.9552121705646757, 1.9546548097948484, 1.950459599494934, 1.9514043406595158, 1.9447825090794624, 1.944930530801604, 1.9414362107651144, 1.934214403357687, 1.9308057525489903, 1.9345017037814176, 1.9268458719494976, 1.9333822199060946, 1.9302921596961686, 1.927336703372907, 1.9287823619721811, 1.9252516951742051, 1.9247301560413987, 1.9156228198280818, 1.9226754828344417, 1.9215757907191409, 1.9176878582073162, 1.9161753216876258, 1.9118093071104605, 1.9104497900492028, 1.9085037210319615, 1.909861285475236, 1.907997727394104, 1.9126622993734819, 1.9053821111027198, 1.9049386706533311, 1.9041638178161429, 1.903438258774673, 1.9033807712265207, 1.9039026634602607, 1.9040642674965194, 1.9017273564881916, 1.8984195793731302, 1.898319549198392, 1.8967858190777935, 1.8958179135865803, 1.896192638179924, 1.9009980129290232, 1.8972091870971872, 1.894154260430155, 1.8949505377419387, 1.8932999221584466, 1.8933618566657924, 1.890496256985242, 1.893554761439939, 1.891065875186196, 1.890666222270531, 1.8904218839693674, 1.8937526352797882, 1.8910161724573449, 1.8931320437902137, 1.89019579827031, 1.8913794333421732, 1.8890509001816376, 1.8885083802138702, 1.8919397532185422, 1.8886319821393942, 1.8914684706096407, 1.888923721977427, 1.8900742500643186, 1.8899206496492218, 1.8901364576967457, 1.8901013709321808, 1.889013738571843, 1.8905315142643602, 1.8905687422692021, 1.8893387996697728, 1.888814295394511, 1.8918001621584348, 1.890980159180074, 1.8897190275071543, 1.8892923382264148]}, "valid": {"acc": [0.559375, 0.6, 0.7140625, 0.671875, 0.7265625, 0.7453125, 0.7328125, 0.7609375, 0.7234375, 0.746875, 0.75625, 0.7234375, 0.740625, 0.7390625, 0.7671875, 0.753125, 0.784375, 0.75625, 0.76875, 0.7328125, 0.778125, 0.76875, 0.7640625, 0.7765625, 0.746875, 0.7875, 0.7640625, 0.771875, 0.790625, 0.784375, 0.7578125, 0.7625, 0.778125, 0.7828125, 0.7546875, 0.784375, 0.7734375, 0.7671875, 0.775, 0.78125, 0.7921875, 0.775, 0.7875, 0.796875, 0.7828125, 0.803125, 0.7875, 0.7953125, 0.7890625, 0.803125, 0.7875, 0.796875, 0.76875, 0.7921875, 0.7875, 0.7859375, 0.8109375, 0.8, 0.7890625, 0.78125, 0.7890625, 0.796875, 0.796875, 0.79375, 0.809375, 0.796875, 0.775, 0.8015625, 0.8015625, 0.803125, 0.8125, 0.8046875, 0.8078125, 0.8125, 0.8109375, 0.80625, 0.8140625, 0.8, 0.8109375, 0.790625, 0.8, 0.80625, 0.8125, 0.8109375, 0.8109375, 0.7984375, 0.8046875, 0.7953125, 0.8, 0.8109375, 0.8203125, 0.8203125, 0.8078125, 0.81875, 0.8140625, 0.81875, 0.825, 0.8328125, 0.8015625, 0.8140625, 0.80625, 0.81875, 0.815625, 0.7984375, 0.8046875, 0.80625, 0.7921875, 0.8, 0.803125, 0.8, 0.803125, 0.80625, 0.80625, 0.8140625, 0.809375, 0.8015625, 0.815625, 0.8140625, 0.8046875, 0.815625, 0.8078125, 0.80625, 0.8125, 0.8125, 0.81875, 0.8171875, 0.8171875, 0.8140625, 0.815625, 0.81875, 0.815625, 0.8171875, 0.8171875, 0.8171875, 0.809375, 0.8140625, 0.8171875, 0.8171875, 0.8140625, 0.8125, 0.8140625, 0.8140625, 0.8109375, 0.815625, 0.815625, 0.815625, 0.815625, 0.8140625, 0.8140625, 0.81875],