{"train": {"acc": [0.5544921875, 0.651953125, 0.6765625, 0.6853515625, 0.715625, 0.70390625, 0.718359375, 0.7412109375, 0.76640625, 0.7705078125, 0.7556640625, 0.761328125, 0.7740234375, 0.759765625, 0.7771484375, 0.7798828125, 0.7796875, 0.7943359375, 0.7943359375, 0.7943359375, 0.8001953125, 0.7962890625, 0.7923828125, 0.8033203125, 0.7892578125, 0.7982421875, 0.787109375, 0.788671875, 0.7994140625, 0.8115234375, 0.8111328125, 0.8095703125, 0.8091796875, 0.815625, 0.823828125, 0.832421875, 0.825390625, 0.8291015625, 0.8203125, 0.8275390625, 0.8318359375, 0.8234375, 0.831640625, 0.823046875, 0.834765625, 0.8392578125, 0.84375, 0.8416015625, 0.8509765625, 0.840625, 0.8435546875, 0.8482421875, 0.854296875, 0.8462890625, 0.8546875, 0.861328125, 0.867578125, 0.8642578125, 0.871484375, 0.86328125, 0.875, 0.883203125, 0.883984375, 0.8779296875, 0.883984375, 0.8841796875, 0.8759765625, 0.889453125, 0.89375, 0.8953125, 0.90390625, 0.9078125, 0.9064453125, 0.9119140625, 0.90390625, 0.909765625, 0.9109375, 0.9142578125, 0.9107421875, 0.9123046875, 0.9162109375, 0.9216796875, 0.9244140625, 0.9240234375, 0.923828125, 0.924609375, 0.9248046875, 0.929296875, 0.929296875, 0.93125, 0.9349609375, 0.9337890625, 0.9357421875, 0.937109375, 0.9359375, 0.9357421875, 0.9369140625, 0.9396484375, 0.9380859375, 0.94140625, 0.9408203125, 0.9421875, 0.940234375, 0.94140625, 0.94296875, 0.94453125, 0.9439453125, 0.944921875, 0.945703125, 0.946875, 0.9462890625, 0.944921875, 0.94765625, 0.94609375, 0.9474609375, 0.9470703125, 0.947265625, 0.9466796875, 0.9474609375, 0.946875, 0.947265625, 0.9486328125, 0.9478515625, 0.9484375, 0.9490234375, 0.95, 0.9482421875, 0.9490234375, 0.949609375, 0.9494140625, 0.9509765625, 0.9501953125, 0.9505859375, 0.9494140625, 0.9515625, 0.95078125, 0.9501953125, 0.9494140625, 0.95078125, 0.95078125, 0.95, 0.9505859375, 0.9505859375, 0.9505859375, 0.9501953125, 0.95078125, 0.949609375, 0.95078125, 0.95078125, 0.9509765625], "loss": [3.169523622416243, 2.921849960013281, 2.86913477619992, 2.845838374729398, 2.782689903355852, 2.8090521776223483, 2.7710618761521353, 2.7230014770845825, 2.6676526341257216, 2.659105919584443, 2.687235361413111, 2.6740056593206862, 2.650206689593158, 2.6807897332348403, 2.644261164001272, 2.6330195046678373, 2.636806023271778, 2.6013055330590356, 2.605901075314872, 2.6049577133565007, 2.5924253765540786, 2.596963275836993, 2.6060106784482544, 2.5855018368250207, 2.6154197680799265, 2.595998474314243, 2.6189619408378118, 2.6152763608135756, 2.5938746597193463, 2.5660725183124784, 2.5684863313843933, 2.5671217652815805, 2.572285908686964, 2.556489555141594, 2.536494843567474, 2.516002063509784, 2.5350463058375103, 2.5293383809584604, 2.5410897429985337, 2.531152752381337, 2.520417895498155, 2.5382963705666457, 2.5227366399161424, 2.538747826709023, 2.512612566163268, 2.5031660025632836, 2.493266431591179, 2.496289295486257, 2.4757025151313106, 2.5000924913189078, 2.4934972750989695, 2.4810890608196017, 2.468552019022688, 2.4850521359262587, 2.4686129817479774, 2.4548298588281945, 2.437724686876128, 2.445380648480186, 2.42993917042696, 2.4500447285326223, 2.4224324528175063, 2.4051302988317946, 2.4036231010775024, 2.4146549399895005, 2.4030209764649597, 2.4032740110083473, 2.4169453427761414, 2.3902320771277705, 2.378482815585559, 2.3747028006783015, 2.358258168908614, 2.3494616580914847, 2.3519086928307256, 2.34118518950064, 2.35889487930491, 2.342767848244196, 2.3401247730738, 2.334335749662375, 2.341215058218075, 2.3373970532719093, 2.3301103597954858, 2.317159236231937, 2.3106240381168415, 2.3117818711679194, 2.3126968733872038, 2.3106547247005413, 2.3083297542378873, 2.29946849617777, 2.299836759325824, 2.297068061707895, 2.2874868851673753, 2.289620755593988, 2.2852805988698064, 2.2829139685329003, 2.2864791441567336, 2.284962231599832, 2.282409495945218, 2.2771489891824843, 2.279745551604259, 2.273541441446618, 2.274886294256283, 2.271710157394409, 2.275540668753129, 2.272279455691953, 2.2695383391802824, 2.2659918839418434, 2.2667380797712107, 2.263900512381445, 2.2644751554803, 2.2607759705072716, 2.2622309334670443, 2.2637790879116784, 2.2587124999565416, 2.2611002227928063, 2.2586440104472487, 2.26004927973204, 2.258927245683308, 2.2602961123744145, 2.259308760679221, 2.2597661199448984, 2.259070505069781, 2.2563876049428044, 2.258677177791354, 2.257149672206444, 2.2550910635839534, 2.254001611395727, 2.2570673725273034, 2.2553045327150367, 2.254099978676325, 2.2548100706897203, 2.251295986054819, 2.2528534448599515, 2.2515872188761263, 2.2543444633483887, 2.250117579592934, 2.2514008600500564, 2.25284806384316, 2.2541010409970825, 2.251430436025692, 2.251299067388607, 2.252368721780898, 2.251256022272231, 2.2512480035612854, 2.2526494973822486, 2.2525064281270475, 2.2511031929450698, 2.253136846083629, 2.2519802262511432, 2.250525462476513, 2.2511418378805814]}, "valid": {"acc": [0.5390625, 0.6890625, 0.653125, 0.6625, 0.671875, 0.446875, 0.7234375, 0.7234375, 0.765625, 0.7546875, 0.740625, 0.7390625, 0.73125, 0.7671875, 0.746875, 0.7375, 0.7921875, 0.7515625, 0.771875, 0.775, 0.7640625, 0.7515625, 0.7734375, 0.759375, 0.7671875, 0.703125, 0.765625, 0.7515625, 0.7703125, 0.7578125, 0.7796875, 0.7515625, 0.775, 0.7921875, 0.7921875, 0.7984375, 0.778125, 0.76875, 0.7796875, 0.771875, 0.7875, 0.8, 0.771875, 0.7625, 0.7828125, 0.7953125, 0.78125, 0.8078125, 0.7921875, 0.7796875, 0.7921875, 0.803125, 0.7953125, 0.79375, 0.7921875, 0.803125, 0.7921875, 0.79375, 0.8125, 0.7984375, 0.803125, 0.80625, 0.8109375, 0.790625, 0.7953125, 0.8015625, 0.7984375, 0.7953125, 0.8015625, 0.8046875, 0.7953125, 0.7875, 0.796875, 0.803125, 0.7953125, 0.803125, 0.7921875, 0.79375, 0.79375, 0.803125, 0.8078125, 0.8171875, 0.8015625, 0.790625, 0.80625, 0.8125, 0.8078125, 0.8109375, 0.8046875, 0.8109375, 0.80625, 0.8109375, 0.8046875, 0.80625, 0.8125, 0.8015625, 0.8109375, 0.8125, 0.8015625, 0.8140625, 0.7953125, 0.8046875, 0.8015625, 0.8015625, 0.8, 0.803125, 0.8015625, 0.8125, 0.8078125, 0.8046875, 0.7953125, 0.7921875, 0.8, 0.7953125, 0.796875, 0.7984375, 0.8046875, 0.8078125, 0.80625, 0.7984375, 0.796875, 0.7953125, 0.8, 0.80625, 0.8015625, 0.803125, 0.8046875, 0.8078125, 0.8015625, 0.8078125, 0.80625, 0.803125, 0.803125, 0.8015625, 0.8109375, 0.8046875, 0.8015625, 0.8015625, 0.8, 0.8046875, 0.7984375, 0.8015625, 0.8, 0.7921875, 0.7984375, 0.803125, 0.796875, 0.8, 0.7984375, 0.803125],