{"train": {"acc": [0.539453125, 0.662109375, 0.6759765625, 0.6775390625, 0.7064453125, 0.71171875, 0.733203125, 0.742578125, 0.7515625, 0.76328125, 0.771484375, 0.758984375, 0.76953125, 0.7859375, 0.7837890625, 0.7833984375, 0.7939453125, 0.79453125, 0.8060546875, 0.7986328125, 0.806640625, 0.8080078125, 0.8046875, 0.81015625, 0.8080078125, 0.8126953125, 0.823046875, 0.8197265625, 0.825, 0.8337890625, 0.8392578125, 0.8455078125, 0.8375, 0.8333984375, 0.8462890625, 0.840234375, 0.848828125, 0.8505859375, 0.8529296875, 0.854296875, 0.8599609375, 0.84921875, 0.85703125, 0.85703125, 0.863671875, 0.8548828125, 0.857421875, 0.858203125, 0.8640625, 0.871875, 0.877734375, 0.8763671875, 0.887890625, 0.8873046875, 0.8935546875, 0.894921875, 0.8912109375, 0.8998046875, 0.89140625, 0.8958984375, 0.90078125, 0.90859375, 0.9015625, 0.911328125, 0.914453125, 0.9107421875, 0.9134765625, 0.9140625, 0.9158203125, 0.91796875, 0.916015625, 0.92109375, 0.9203125, 0.9208984375, 0.9267578125, 0.92890625, 0.9298828125, 0.9298828125, 0.9296875, 0.931640625, 0.9306640625, 0.9353515625, 0.9326171875, 0.9341796875, 0.93515625, 0.937890625, 0.940234375, 0.9404296875, 0.9423828125, 0.939453125, 0.939453125, 0.940625, 0.939453125, 0.941015625, 0.9447265625, 0.9447265625, 0.9453125, 0.9435546875, 0.9443359375, 0.944921875, 0.9458984375, 0.944140625, 0.9458984375, 0.947265625, 0.946484375, 0.9470703125, 0.945703125, 0.9466796875, 0.9470703125, 0.9470703125, 0.9474609375, 0.94765625, 0.948828125, 0.948828125, 0.94765625, 0.94921875, 0.9494140625, 0.95, 0.9498046875, 0.9501953125, 0.9513671875, 0.9515625, 0.95078125, 0.950390625, 0.95078125, 0.9517578125, 0.950390625, 0.9521484375, 0.9509765625, 0.9515625, 0.9515625, 0.9517578125, 0.9517578125, 0.9509765625, 0.9513671875, 0.9517578125, 0.9513671875, 0.9513671875, 0.951953125, 0.9513671875, 0.9525390625, 0.9509765625, 0.951953125, 0.9521484375, 0.951171875, 0.9521484375, 0.9521484375, 0.951953125, 0.95078125, 0.95234375], "loss": [3.1941380017920387, 2.900886556770228, 2.8722903879382944, 2.868060797075682, 2.8039076660252826, 2.7876235110850276, 2.737538479551484, 2.7170902898039997, 2.7003046168556697, 2.670554704303983, 2.655209737487986, 2.680389141734642, 2.658920372588725, 2.6236571239519724, 2.6254768462120732, 2.6253486011601703, 2.606835525247115, 2.599882388416725, 2.5760267384444613, 2.591725566719152, 2.575774874868272, 2.5728982279572308, 2.5816504925112183, 2.5711786294285255, 2.5738117694854736, 2.5605016147034076, 2.5373299091677124, 2.550493940522399, 2.53333954267864, 2.5152406300170513, 2.5026291141027137, 2.490911387190034, 2.5059564717208285, 2.513609053213385, 2.4902080916151217, 2.499654416796527, 2.477687618400477, 2.4776011267794837, 2.4704869608335858, 2.4685305372069153, 2.4538765708102455, 2.478996107849894, 2.460722597339485, 2.4628978952576843, 2.449061312252962, 2.465727990186667, 2.4627594223505334, 2.4606325173679786, 2.4480758075472675, 2.428752500799638, 2.4177559810348703, 2.4166346411161785, 2.3942916423459595, 2.3947773824764202, 2.3812542414363427, 2.3787446957600267, 2.3848177843456027, 2.367455989499635, 2.3836607329453092, 2.375025619434405, 2.364675014833861, 2.347430361977106, 2.360768191422088, 2.3396082739286785, 2.3338260047043424, 2.3412006142773207, 2.335947782178468, 2.3339130787909785, 2.3299286274970332, 2.324471669861033, 2.3306841699382925, 2.318350586710097, 2.3196645024456557, 2.3192832288862784, 2.30796314794806, 2.302129298825807, 2.2997684388221065, 2.298334263548066, 2.297699744188333, 2.295057553279249, 2.2964191768742817, 2.2863023220738277, 2.2927053789549237, 2.288266209107411, 2.284363622906842, 2.282173859922192, 2.2745607502852816, 2.2753391416766977, 2.271213000333762, 2.2761142917826205, 2.276397777509086, 2.2742983298965647, 2.27631495270548, 2.2721575936184655, 2.2656937399996986, 2.2667591722705698, 2.2644250211836416, 2.2669125689735896, 2.2662775154355206, 2.265082784845859, 2.2632093459744995, 2.2663322189186195, 2.263028458703922, 2.259937567046926, 2.260597150537032, 2.2605924364886705, 2.2627059809769254, 2.260426777827589, 2.259787432755096, 2.2601239409627794, 2.2593043122110488, 2.2577111268345313, 2.2556489419333543, 2.2549509790879263, 2.2586107193669185, 2.2544333663167833, 2.2545461051071745, 2.2529439986506596, 2.2535319026512437, 2.252765676643275, 2.2501024837735333, 2.2497953342486032, 2.2507711030259916, 2.2518082178091703, 2.251302169848092, 2.2496808601331106, 2.2517141873323463, 2.2482620492766174, 2.2501991428906405, 2.249044466622268, 2.2498429666591595, 2.249464880062055, 2.2496056707599497, 2.250328401975994, 2.2498585242259352, 2.248560175111022, 2.249595310114607, 2.2495495729808566, 2.248880754543256, 2.2496194266065768, 2.247467279434204, 2.2501799667937847, 2.2486229455923734, 2.247890101203436, 2.250623310668559, 2.2476825865009165, 2.248077972025811, 2.2483278316787527, 2.2511095910132686, 2.2480813943887057]}, "valid": {"acc": [0.553125, 0.5984375, 0.678125, 0.66875, 0.7078125, 0.728125, 0.74375, 0.7453125, 0.7296875, 0.7671875, 0.753125, 0.7171875, 0.759375, 0.771875, 0.74375, 0.7640625, 0.771875, 0.7703125, 0.765625, 0.7734375, 0.7640625, 0.8125, 0.78125, 0.740625, 0.7671875, 0.7484375, 0.7875, 0.76875, 0.76875, 0.8109375, 0.803125, 0.7890625, 0.7828125, 0.7640625, 0.784375, 0.7890625, 0.76875, 0.8046875, 0.80625, 0.7859375, 0.790625, 0.7765625, 0.7890625, 0.81875, 0.790625, 0.78125, 0.79375, 0.7984375, 0.803125, 0.7875, 0.796875, 0.821875, 0.8, 0.7875, 0.821875, 0.7984375, 0.7875, 0.81875, 0.81875, 0.8203125, 0.8078125, 0.775, 0.8078125, 0.8046875, 0.821875, 0.7921875, 0.796875, 0.803125, 0.8015625, 0.7953125, 0.7765625, 0.796875, 0.778125, 0.796875, 0.79375, 0.809375, 0.8265625, 0.79375, 0.796875, 0.803125, 0.7890625, 0.7984375, 0.8015625, 0.8046875, 0.8140625, 0.81875, 0.8, 0.803125, 0.80625, 0.8140625, 0.8, 0.8, 0.8109375, 0.7953125, 0.790625, 0.803125, 0.7921875, 0.796875, 0.7890625, 0.8046875, 0.8046875, 0.8078125, 0.809375, 0.796875, 0.7890625, 0.796875, 0.7953125, 0.796875, 0.79375, 0.79375, 0.8, 0.8015625, 0.8078125, 0.7953125, 0.7984375, 0.8, 0.8, 0.8015625, 0.8, 0.79375, 0.79375, 0.796875, 0.7984375, 0.7890625, 0.796875, 0.7984375, 0.7984375, 0.803125, 0.8015625, 0.8125, 0.809375, 0.80625, 0.80625, 0.80625, 0.80625, 0.8015625, 0.8078125, 0.8046875, 0.80625, 0.8078125, 0.8046875, 0.8, 0.8015625, 0.8, 0.803125, 0.8015625, 0.8015625, 0.7984375, 0.80625, 0.803125],