{"precision": 0.7543260932203978, "recall": 0.7550993262367119, "f1-score": 0.7529153212884019, "auc": 0.2151372680715305}