{"train": {"acc": [0.513671875, 0.58515625, 0.597265625, 0.6193359375, 0.659765625, 0.69609375, 0.71484375, 0.7103515625, 0.728125, 0.72578125, 0.7302734375, 0.7564453125, 0.7521484375, 0.747265625, 0.7576171875, 0.7685546875, 0.7623046875, 0.7708984375, 0.7828125, 0.7796875, 0.787890625, 0.801171875, 0.7798828125, 0.788671875, 0.7912109375, 0.8021484375, 0.786328125, 0.80234375, 0.80390625, 0.812109375, 0.8123046875, 0.8220703125, 0.8111328125, 0.807421875, 0.814453125, 0.8142578125, 0.8251953125, 0.81796875, 0.8185546875, 0.8267578125, 0.8333984375, 0.8326171875, 0.83359375, 0.8384765625, 0.8384765625, 0.842578125, 0.84609375, 0.8431640625, 0.8466796875, 0.84921875, 0.8505859375, 0.8654296875, 0.8642578125, 0.869140625, 0.862890625, 0.8666015625, 0.86875, 0.86953125, 0.8658203125, 0.8689453125, 0.8755859375, 0.8806640625, 0.8890625, 0.88828125, 0.8865234375, 0.8943359375, 0.8994140625, 0.9017578125, 0.9017578125, 0.9068359375, 0.908203125, 0.91015625, 0.91640625, 0.9150390625, 0.91875, 0.921875, 0.9224609375, 0.9220703125, 0.92421875, 0.930859375, 0.9291015625, 0.9275390625, 0.9279296875, 0.9287109375, 0.933984375, 0.9365234375, 0.9353515625, 0.9369140625, 0.9384765625, 0.939453125, 0.940234375, 0.941796875, 0.940625, 0.9404296875, 0.9396484375, 0.940625, 0.940234375, 0.9419921875, 0.9423828125, 0.9431640625, 0.942578125, 0.9443359375, 0.9423828125, 0.944921875, 0.946484375, 0.9466796875, 0.946875, 0.94765625, 0.9455078125, 0.95, 0.9484375, 0.949609375, 0.951171875, 0.950390625, 0.9498046875, 0.951171875, 0.9513671875, 0.9517578125, 0.951953125, 0.9517578125, 0.951953125, 0.95078125, 0.9513671875, 0.951953125, 0.95390625, 0.95234375, 0.9537109375, 0.9529296875, 0.954296875, 0.9537109375, 0.9541015625, 0.954296875, 0.9537109375, 0.9546875, 0.9544921875, 0.954296875, 0.9544921875, 0.9546875, 0.954296875, 0.9552734375, 0.9556640625, 0.9546875, 0.9548828125, 0.9548828125, 0.9548828125, 0.9546875, 0.9544921875, 0.9552734375, 0.9548828125, 0.9552734375], "loss": [2.6173169975039325, 2.484364835521843, 2.4608688082876085, 2.426296339759344, 2.357430427889281, 2.303519740889344, 2.271990679487397, 2.278336413298981, 2.248435482194152, 2.2516627794579613, 2.2448256227034555, 2.2039146936392484, 2.2103841893280607, 2.2153374515002286, 2.1978395905675767, 2.1829653238948388, 2.191390698469138, 2.178435864327829, 2.158047499535959, 2.162945178490651, 2.153322574458545, 2.129315863681745, 2.1634676441361633, 2.1497274275067486, 2.144219224966025, 2.125998362710204, 2.1523960119561303, 2.1250839127769954, 2.1240986329090745, 2.108563279803795, 2.1102078670187843, 2.0935921321941326, 2.1136343056642555, 2.1164937351323383, 2.1053726144983798, 2.106712400158749, 2.087421065644373, 2.098914410494551, 2.0989879339556152, 2.0876199791703045, 2.0760351298730586, 2.077056539209583, 2.0736728031424025, 2.0671254381348816, 2.0694455527052096, 2.0579854083966604, 2.0542042059234427, 2.0592481124250193, 2.0534322578695754, 2.0480123215083834, 2.0471780707564533, 2.023094285892535, 2.024803374387041, 2.0175709030296227, 2.027405071862136, 2.0205915487265287, 2.0158232465575012, 2.016755353046369, 2.0213308892672575, 2.0173995992805382, 2.006801775739163, 1.9975636805160135, 1.983875520621674, 1.9848812697808953, 1.9872389443313019, 1.9756193824961215, 1.9669992803018304, 1.9646029517620425, 1.9637700304200378, 1.9532573042036612, 1.9519058224521106, 1.949367630330822, 1.9386976610256146, 1.9412952404987962, 1.9346084308020677, 1.930536380297021, 1.9291053361530546, 1.929460727715794, 1.9256802057918114, 1.916393198544466, 1.9181830053088031, 1.9209359944621218, 1.9195361318467539, 1.9185867505737497, 1.9104501838925518, 1.9061397842214078, 1.9079212463354762, 1.9045902852770649, 1.9024294478983819, 1.9017092683647252, 1.8994403624836402, 1.897352955009364, 1.8990049497990669, 1.8992616239982316, 1.8997442148908783, 1.9000959351092954, 1.8997243929512893, 1.896913970573039, 1.8964052245586733, 1.895188959338997, 1.8947919516623775, 1.893225081359284, 1.8957402027105983, 1.8915971110138712, 1.8889489279517644, 1.888876051842412, 1.888540121573436, 1.8875537205346022, 1.890361271327055, 1.8837223128427434, 1.8861346803134, 1.8845627896393402, 1.8809561880328987, 1.8834040180037293, 1.883109973955758, 1.8815761487695235, 1.8804053339777114, 1.8800562016571625, 1.8801114770430554, 1.8801148088672492, 1.879446977301489, 1.8821505308151245, 1.8803760296181788, 1.8796069591860227, 1.8770014062712463, 1.8795544557933566, 1.8768443563316441, 1.878210122072244, 1.876280725756778, 1.8772939005984535, 1.8762177938147435, 1.8763788561277752, 1.8770729122282583, 1.8755585060843938, 1.8754274528237838, 1.875787481476989, 1.8758415089377873, 1.875862492790705, 1.875632578813577, 1.8748361460770233, 1.8736580549916135, 1.8759927553466604, 1.8749783144721501, 1.8754895563367047, 1.8745894145361985, 1.875223847884166, 1.8757507453990887, 1.8743360284008557, 1.8749016176296185, 1.874747798412661]}, "valid": {"acc": [0.540625, 0.571875, 0.59375, 0.640625, 0.6578125, 0.7109375, 0.6671875, 0.7140625, 0.7140625, 0.6765625, 0.7234375, 0.7296875, 0.7359375, 0.71875, 0.7234375, 0.7515625, 0.728125, 0.7546875, 0.7390625, 0.7609375, 0.7875, 0.7828125, 0.7484375, 0.7453125, 0.7671875, 0.765625, 0.7828125, 0.7703125, 0.765625, 0.7765625, 0.784375, 0.7734375, 0.7515625, 0.7859375, 0.7640625, 0.784375, 0.7703125, 0.771875, 0.7765625, 0.7734375, 0.7484375, 0.7671875, 0.80625, 0.7828125, 0.7765625, 0.7890625, 0.7875, 0.7875, 0.784375, 0.7921875, 0.8046875, 0.7921875, 0.7921875, 0.80625, 0.7953125, 0.809375, 0.7796875, 0.7859375, 0.7921875, 0.7875, 0.7890625, 0.7984375, 0.7953125, 0.7984375, 0.8125, 0.8, 0.7875, 0.790625, 0.8046875, 0.790625, 0.80625, 0.809375, 0.8234375, 0.825, 0.8140625, 0.8046875, 0.803125, 0.8125, 0.8171875, 0.8046875, 0.8125, 0.81875, 0.8046875, 0.8140625, 0.8109375, 0.8046875, 0.80625, 0.8203125, 0.821875, 0.8125, 0.8125, 0.8296875, 0.8171875, 0.8, 0.815625, 0.81875, 0.815625, 0.8234375, 0.8140625, 0.8234375, 0.8234375, 0.825, 0.8359375, 0.834375, 0.8359375, 0.821875, 0.8171875, 0.8234375, 0.821875, 0.8125, 0.8203125, 0.8078125, 0.815625, 0.8171875, 0.8078125, 0.809375, 0.8140625, 0.8078125, 0.8125, 0.8125, 0.8171875, 0.8140625, 0.809375, 0.8109375, 0.8078125, 0.8, 0.803125, 0.803125, 0.809375, 0.8125, 0.8140625, 0.809375, 0.815625, 0.8109375, 0.8109375, 0.8046875, 0.8109375, 0.8078125, 0.8046875, 0.8046875, 0.8015625, 0.803125, 0.8, 0.8125, 0.8078125, 0.8046875, 0.8015625, 0.8109375, 0.8, 0.8015625],