{"precision": 0.7557629705580992, "recall": 0.740562554709056, "f1-score": 0.7426997859063056, "auc": 0.15858341209829865}