{"precision": 0.7467916081250322, "recall": 0.7451112997645956, "f1-score": 0.7453153715672056, "auc": 0.2774641088069852}