{"precision": 0.6449775546024836, "recall": 0.5882700226589552, "f1-score": 0.594911255936457, "auc": 0.22196918814541183}