{"precision": 0.7096834312738369, "recall": 0.6749795142866636, "f1-score": 0.686082935663461, "auc": 0.20754319426885798}