{"precision": 0.7133802118496152, "recall": 0.6691136720147955, "f1-score": 0.6838345678875045, "auc": 0.1733038348082596}