{"train": {"acc": [], "loss": []}, "valid": {"acc": [0.5828125, 0.615625, 0.5703125, 0.63125, 0.6859375, 0.68125, 0.6546875, 0.740625, 0.7328125, 0.70625, 0.7546875, 0.7609375, 0.69375, 0.734375, 0.765625, 0.7578125, 0.7078125, 0.7671875, 0.775, 0.6953125, 0.7921875, 0.778125, 0.703125, 0.7515625, 0.7609375, 0.7625, 0.728125, 0.784375, 0.78125, 0.7625, 0.765625, 0.775, 0.6828125, 0.7046875, 0.7625, 0.7734375, 0.7453125, 0.7640625, 0.7609375, 0.765625, 0.71875, 0.775, 0.71875, 0.740625, 0.76875, 0.753125, 0.6265625, 0.7703125, 0.7671875, 0.684375, 0.775, 0.75625, 0.7234375, 0.759375, 0.765625, 0.759375, 0.725, 0.7390625, 0.7609375, 0.7171875, 0.7453125, 0.7546875, 0.75625, 0.7453125, 0.771875, 0.746875, 0.7078125, 0.7609375, 0.7671875, 0.6859375, 0.753125, 0.7703125, 0.7359375, 0.7, 0.7609375, 0.7328125, 0.6796875, 0.7421875, 0.7578125, 0.7296875, 0.7671875, 0.7515625, 0.7359375, 0.73125, 0.7609375, 0.7625, 0.7046875, 0.7546875, 0.753125, 0.7125, 0.728125, 0.7484375, 0.7328125, 0.715625, 0.7453125, 0.7484375, 0.7125, 0.734375, 0.7484375, 0.6828125, 0.75, 0.7609375, 0.7296875, 0.73125, 0.753125, 0.7546875, 0.7328125, 0.74375, 0.7359375, 0.7171875, 0.740625, 0.7515625, 0.753125, 0.740625, 0.746875, 0.7578125, 0.571875, 0.75625, 0.75625, 0.753125, 0.7328125, 0.7421875, 0.70625, 0.7359375, 0.746875, 0.753125, 0.7140625, 0.7375, 0.7609375, 0.7296875, 0.7359375, 0.7390625, 0.7375, 0.6859375, 0.746875, 0.7421875, 0.7296875, 0.7515625, 0.746875, 0.734375, 0.7484375, 0.746875, 0.73125, 0.6609375, 0.7390625, 0.75625, 0.721875, 0.7578125, 0.759375, 0.715625], "loss": [1.312711307463048, 1.2014823163477324, 1.4353253919826543, 1.1213431853798461, 0.9671251973208675, 0.9811766865930676, 1.0103465409505623, 0.8024080517380797, 0.8177498388406566, 0.869827927490576, 0.7857204669857316, 0.7463982711461954, 0.90444398718121, 0.8490240191358523, 0.7396446644719865, 0.796738362360928, 0.9549032454654683, 0.7408380476469669, 0.7137128986180987, 0.9365275515373126, 0.7246925863088701, 0.7269389001765871, 0.9738048912217885, 0.7922300587909067, 0.7563346898501273, 0.7882917731808113, 0.8682963285281459, 0.7239802859194883, 0.7405976899694643, 0.8163293041467606, 0.7791704776467787, 0.7738327901190021, 1.0479392139667205, 0.8488319183234923, 0.7931320457613656, 0.8295713004062419, 0.8303882834166894, 0.7769658816645281, 0.7831372092004784, 0.9387129589638449, 0.909006955378191, 0.8225555234404185, 0.9323174164374379, 0.8974560716049379, 0.8081918209602567, 0.9007528411849949, 1.2524516681392734, 0.808930306605077, 0.8369929074172893, 1.0862324291636685, 0.8138111188738537, 0.8265180534861839, 0.9743950053982128, 0.9054525265824744, 0.8546034708463902, 0.9106610648506273, 1.0960072981060451, 0.9229659405416349, 0.9095127801881479, 1.2174060443867543, 0.889647012797174, 0.876224404343678, 0.929825538941507, 0.9770889556543544, 0.9055253774900245, 0.9768818431329322, 1.255563745186943, 0.9051700225239792, 0.9196009137079656, 1.2260712823977595, 0.9560656200056216, 0.9506889049106502, 1.079894153782409, 1.1298652299422778, 0.972580804870111, 1.0798459771449385, 1.4007717631145677, 0.9916902588454258, 1.0084284632637712, 1.221998805248228, 1.0586203594644739, 1.0610098222067301, 1.2974253809246366, 1.1946948667953823, 1.0297277673565086, 1.044787898171757, 1.3603860213116, 1.075210944528229, 1.0687735916391734, 1.3593582031419496, 1.118188843398001, 1.0890780274058505, 1.1690320509562364, 1.266264432190601, 1.0507712025458953, 1.099542121041239, 1.419215339414161, 1.1958783495669754, 1.1880739210354136, 1.6084752770409534, 1.1680223230830633, 1.1347249094786287, 1.2704162161460275, 1.27080230885008, 1.1630103767770403, 1.2019909795668005, 1.3193572110672231, 1.30709916587966, 1.3073547342424519, 1.6378167344706183, 1.1320488506934836, 1.1174046333594077, 1.202808579697626, 1.2712067010113743, 1.2329085476404855, 1.2249131875945853, 2.217917342369438, 0.9414981223310158, 0.9699257091537585, 1.156003982747646, 1.2724516201696023, 1.2735119943369135, 1.3209843314673748, 1.4034437437639589, 1.2759896186922457, 1.2550137471737741, 1.4312792025793615, 1.2147990181330532, 1.202808208619868, 1.562033929192166, 1.321426794832503, 1.234781127624878, 1.3847984521799805, 1.540718055481695, 1.1119558490148456, 1.1861247199509104, 1.2940024805617611, 1.2788603064008743, 1.2829031394533228, 1.4058293359334317, 1.4433843296679862, 1.3781849559749275, 1.4256207324289842, 2.103828833934686, 1.2113205455992138, 1.317807871471251, 1.3436694117414847, 1.147478554954169, 1.177941370033568, 1.4548097505509114]}}