{"precision": 0.7344901726804992, "recall": 0.708419322992181, "f1-score": 0.7200654939847986, "auc": 0.26849992123503463}