{"train": {"acc": [], "loss": []}, "valid": {"acc": [0.496875, 0.5078125, 0.4890625, 0.6015625, 0.6265625, 0.59375, 0.4984375, 0.6640625, 0.6765625, 0.634375, 0.7140625, 0.7296875, 0.6125, 0.7296875, 0.74375, 0.7390625, 0.70625, 0.7390625, 0.7421875, 0.7, 0.6984375, 0.746875, 0.7078125, 0.725, 0.7609375, 0.7421875, 0.63125, 0.746875, 0.7609375, 0.65625, 0.7375, 0.753125, 0.7453125, 0.746875, 0.7578125, 0.7453125, 0.6625, 0.7421875, 0.7609375, 0.6875, 0.746875, 0.775, 0.625, 0.703125, 0.753125, 0.75625, 0.70625, 0.740625, 0.74375, 0.5078125, 0.728125, 0.746875, 0.725, 0.7328125, 0.753125, 0.7546875, 0.6796875, 0.7484375, 0.746875, 0.703125, 0.7453125, 0.753125, 0.728125, 0.7015625, 0.7625, 0.76875, 0.70625, 0.7734375, 0.759375, 0.5875, 0.7125, 0.7640625, 0.7328125, 0.71875, 0.74375, 0.70625, 0.653125, 0.753125, 0.75625, 0.715625, 0.7453125, 0.7625, 0.7296875, 0.6796875, 0.7578125, 0.734375, 0.653125, 0.7578125, 0.753125, 0.7375, 0.75, 0.7703125, 0.7328125, 0.6921875, 0.74375, 0.74375, 0.696875, 0.7421875, 0.759375, 0.6734375, 0.7625, 0.7609375, 0.7453125, 0.7078125, 0.7578125, 0.76875, 0.71875, 0.765625, 0.7796875, 0.7296875, 0.6609375, 0.728125, 0.6859375, 0.7359375, 0.759375, 0.7578125, 0.725, 0.75625, 0.7671875, 0.696875, 0.7515625, 0.7609375, 0.7515625, 0.7578125, 0.771875, 0.78125, 0.7390625, 0.7640625, 0.7625, 0.7484375, 0.7453125, 0.753125, 0.73125, 0.7046875, 0.765625, 0.7640625, 0.7390625, 0.7640625, 0.7640625, 0.715625, 0.7609375, 0.7671875, 0.7390625, 0.7234375, 0.759375, 0.7625, 0.715625, 0.765625, 0.7546875, 0.7359375], "loss": [1.6652696675071508, 1.598209353038496, 1.5776931629960713, 1.3615363063975725, 1.292425117337368, 1.3225382152501732, 1.4917014591390025, 1.1910791692902598, 1.1390915475144445, 1.139935010843014, 1.0194616122827145, 0.960589290093718, 1.0970805310083085, 0.9743770625943635, 0.9054504967905312, 0.9255468018344969, 1.0418240228734899, 0.8969785840890381, 0.8895335401815008, 1.0064524153997343, 1.0091463727949417, 0.8861407224706145, 0.9188818707864959, 0.9337873886760575, 0.8290192211747858, 0.8158362762968264, 1.0919220191209777, 0.8256363984389036, 0.8097836230234761, 1.0867899216817916, 0.926439223287799, 0.8343957358700149, 0.8767039356210323, 0.9602425474795937, 0.8117011548260428, 0.8267983299809769, 1.03890010960078, 0.8260725455002274, 0.8104055043180941, 0.9628987378478692, 0.8561924316370875, 0.7844107996071915, 1.072933587491258, 1.0172104727741367, 0.7949858028643891, 0.782574778396661, 0.9295949402862084, 0.823300533782048, 0.7977171523380093, 1.4002288358146835, 0.8707549809091994, 0.8153641296984957, 0.8844928814306657, 0.818580830345114, 0.7708144641486077, 0.7808903458762144, 0.96908521918064, 0.7820833594267182, 0.7808632616418981, 0.917681555793989, 0.8364323771730683, 0.789096100531673, 0.8450514660193184, 0.9894120821434894, 0.8256351301258543, 0.8004464472477151, 0.9367975003050232, 0.7677404822294158, 0.785250639286605, 1.35957424692024, 0.9852723687756384, 0.8285758142302714, 0.8172880888873557, 0.9896545527365892, 0.81398889676745, 0.8731043868274057, 1.0420723742709228, 0.8235303277108987, 0.7948764375985217, 0.8672656379701134, 0.810348461129038, 0.7484941394312427, 0.8145653188615474, 0.967162490908912, 0.7669606394562958, 0.8114862500234282, 0.9865055912110885, 0.7398318713330041, 0.7476408947126649, 0.8513063636239682, 0.7912976260194795, 0.7437786767408631, 0.7977309977157145, 0.9056424678327258, 0.7871492721792329, 0.7833111122760125, 0.9313573709821893, 0.7809301412727025, 0.7610241103797484, 1.0331111685855106, 0.8104195429689174, 0.7525054308994278, 0.7990546275544608, 0.9269468985110888, 0.7590815153676894, 0.7628671925121807, 0.8696941343622198, 0.7785546865565841, 0.7527931052866226, 0.9040660804609063, 1.2207103352614785, 1.084551290936873, 1.038162970928554, 0.8910201249355582, 0.8533869807569074, 0.8233389138085229, 0.8840573138582152, 0.8057892700083006, 0.7921883690853039, 0.8812347852627868, 0.7900291492263255, 0.763533770896681, 0.8089870338988416, 0.7981342205531634, 0.7494862545052098, 0.7471403859829725, 0.8405342940175512, 0.7562516754138223, 0.7557859636823346, 0.8481157595972281, 0.8057684137830977, 0.774186934868977, 0.8112105301370719, 0.8589943821064085, 0.7499148852679844, 0.7592452775366518, 0.8692329379125237, 0.7601617779240689, 0.7568750126026454, 0.8800497674857185, 0.7683570397047773, 0.7503485939990971, 0.8407750009260063, 0.8874624679255233, 0.7474275385579126, 0.7822400202732555, 0.8828730312891939, 0.760547806019494, 0.7650239557473802, 0.8839126068825937]}}