{"train": {"acc": [0.3268004722550177, 0.5715466351829989, 0.5769775678866588, 0.3244391971664699, 0.36493506493506495, 0.36493506493506495, 0.36493506493506495, 0.36493506493506495, 0.36493506493506495, 0.36493506493506495, 0.36493506493506495, 0.36493506493506495, 0.36493506493506495, 0.3624557260920897, 0.36493506493506495, 0.36493506493506495, 0.3652892561983471, 0.3693034238488784, 0.3833530106257379, 0.3778040141676505, 0.4141676505312869, 0.4188902007083825, 0.45064935064935063, 0.4354191263282172, 0.45832349468713107, 0.4756788665879575, 0.46422668240850057, 0.48146399055489963, 0.48642266824085006, 0.48417945690672964, 0.4782762691853601, 0.4818181818181818, 0.48890200708382525, 0.49716646989374264, 0.5047225501770957, 0.5029515938606848, 0.5056670602125147, 0.5131050767414403, 0.5197166469893743, 0.5212514757969303, 0.5195985832349469, 0.5271546635182999, 0.5286894923258559, 0.5247933884297521, 0.5303423848878395, 0.5355371900826447, 0.5347107438016528, 0.5441558441558442, 0.5413223140495868, 0.5460448642266824, 0.5423848878394333, 0.5462809917355372, 0.5469893742621015, 0.5571428571428572, 0.5556080283353011, 0.5493506493506494, 0.5570247933884298, 0.5557260920897285, 0.5578512396694215, 0.5563164108618655], "loss": [2.8209158037648057, 1.858476217949029, 1.8236875931421916, 2.532442490259806, 2.442784258813569, 2.445081996195244, 2.445024114666563, 2.4500708941257363, 2.4499517679214478, 2.447963151064786, 2.4470681819048794, 2.442426591208487, 2.4458522399266562, 2.4658409284822866, 2.378024090420116, 2.211842291282885, 2.066423894781055, 2.0733339605909404, 2.191281744928071, 2.1864541985771875, 2.0765135992657053, 2.1641422058596755, 2.1377033211968164, 2.197225474950039, 2.085132564559127, 2.013120893276099, 2.0248602574521843, 1.9269616621913332, 1.9205963810284932, 1.9410838936314438, 1.9760205709572993, 1.962836214990327, 1.8967841123089646, 1.877983550230662, 1.8492448022871306, 1.8423961545481826, 1.8257468685959324, 1.8001875534202114, 1.7856695688132085, 1.779845011956764, 1.7677120945670388, 1.7578631549170523, 1.7478479490135654, 1.7413899121862468, 1.728342677607681, 1.7157882036584797, 1.7036091883977253, 1.6913866816145, 1.6787690700906697, 1.6758905504689072, 1.6569291425473762, 1.6467978286020684, 1.6500623605468057, 1.648063468210625, 1.642119743607261, 1.6366613109906514, 1.6360959103613189, 1.6367800019004128, 1.6355802470987493, 1.6364153370712742]}, "valid": {"acc": [0.3692162417374882, 0.6364494806421152, 0.16336166194523136, 0.36732766761095376, 0.36732766761095376, 0.36732766761095376, 0.36732766761095376, 0.36732766761095376, 0.36732766761095376, 0.36732766761095376, 0.36732766761095376, 0.36732766761095376, 0.36732766761095376, 0.36732766761095376, 0.36732766761095376, 0.36732766761095376, 0.36732766761095376, 0.3814919735599622, 0.36732766761095376, 0.36732766761095376, 0.3909348441926346, 0.38526912181303113, 0.37677053824362605, 0.3692162417374882, 0.3777148253068933, 0.42492917847025496, 0.4721435316336166, 0.4730878186968839, 0.48347497639282344, 0.41076487252124644, 0.4003777148253069, 0.437204910292729, 0.45892351274787535, 0.46742209631728043, 0.4796978281397545, 0.4919735599622285, 0.4910292728989613, 0.4966949952785647, 0.48819641170915956, 0.4966949952785647, 0.5089707271010387, 0.5089707271010387, 0.5089707271010387, 0.5203021718602455, 0.5165250236071766, 0.5240793201133145, 0.5080264400377715, 0.4910292728989613, 0.4948064211520302, 0.4966949952785647, 0.48819641170915956, 0.4806421152030217, 0.4806421152030217, 0.4730878186968839, 0.47780925401322, 0.47875354107648727, 0.48441926345609065, 0.4825306893295562, 0.47875354107648727, 0.4749763928234183], "loss": [1.614340172429166, 1.1402040677169771, 2.078380602857341, 1.7269276023361768, 1.7238995562429014, 1.7349273394546798, 1.724036148567957, 1.7297753148583699, 1.7246473570176468, 1.7228565585635787, 1.7249021503109563, 1.72719427723515, 1.7313274337799203, 1.732152184263745, 1.6029467116794875, 1.7828636119011896, 1.9099076371956862, 1.975393486045484, 1.645766254676425, 1.6436722797741286, 1.9146273807677068, 1.7499013749604415, 1.7875207379488502, 1.7684221069393626, 2.384780434395111, 1.7708810370112638, 1.3551793046267475, 1.3465734864171377, 1.3982309856168602, 1.808559205883054, 1.7042049867838678, 1.5642131566297128, 1.5052514686504475, 1.4463849135503763, 1.4116836349868933, 1.3586744697859585, 1.3745341594621454, 1.339333105973181, 1.3910711290057756, 1.3305842672423627, 1.289544178433505, 1.271373933205814, 1.27891126843363, 1.2522680560912098, 1.2449313158165867, 1.249666443077006, 1.260287864728776, 1.2837588377367346, 1.2910521590627997, 1.2714498654317765, 1.318546724757479, 1.3064376453328561, 1.3090726148076566, 1.3328409527968932, 1.3211665693776142, 1.3213807306479528, 1.3133460789256939, 1.3244364797392956, 1.3279068614928393, 1.3271326935358896]}}