{"train": {"acc": [0.3430932703659976, 0.5118063754427391, 0.6073199527744982, 0.5845336481700119, 0.31641086186540734, 0.36493506493506495, 0.36493506493506495, 0.36493506493506495, 0.36493506493506495, 0.36493506493506495, 0.36493506493506495, 0.36493506493506495, 0.36493506493506495, 0.36493506493506495, 0.36493506493506495, 0.36493506493506495, 0.36493506493506495, 0.36493506493506495, 0.3634002361275089, 0.5037780401416765, 0.666469893742621, 0.6747343565525383, 0.7120425029515939, 0.7334120425029516, 0.7328217237308147, 0.7338842975206612, 0.7321133412042503, 0.7191263282172373, 0.7265643447461629, 0.7249114521841794, 0.7305785123966942, 0.7350649350649351, 0.7480519480519481, 0.7420306965761512, 0.7525383707201889, 0.7502951593860685, 0.766469893742621, 0.7690672963400236, 0.7750885478158206, 0.7808736717827627, 0.7927981109799291, 0.7974025974025974, 0.8079102715466352, 0.8126328217237309, 0.8218417945690673, 0.8240850059031877, 0.8358913813459268, 0.8402597402597403, 0.8458087367178276, 0.8491145218417946, 0.8530106257378984, 0.8544273907910271, 0.8559622195985832, 0.8573789846517119, 0.8590318772136954, 0.8626918536009445, 0.8618654073199528, 0.8630460448642266, 0.8599763872491145, 0.8612750885478159], "loss": [2.826301762551972, 1.9523042223670266, 1.6299751762187842, 1.795435986735604, 2.6056736779935434, 2.4439027562285913, 2.4481402310458096, 2.4514717947353017, 2.4442806858004946, 2.4446327794681895, 2.4447427446191963, 2.4470894878560845, 2.445531393542434, 2.4419974702777285, 2.4431906179948286, 2.4470525257515185, 2.4436216137625952, 2.4413536606412944, 2.4580441279844805, 1.9118747837615735, 1.3996616331013767, 1.3710160598610386, 1.210253127596595, 1.1323447101043933, 1.1391870632316128, 1.1382334900624824, 1.1217690661098019, 1.1877501155390884, 1.1410286878094529, 1.1414244518135532, 1.1486808088692753, 1.1248665244290323, 1.0657272356929202, 1.056127707163493, 1.048284175721082, 1.0391335704109885, 0.9807458041292249, 0.9703955487771467, 0.9426072637240092, 0.9298478617812648, 0.8808861447103096, 0.8680365690679261, 0.834517855535854, 0.8042301011807991, 0.7737591578201815, 0.747376975236517, 0.71007854830135, 0.6881719430287679, 0.6614058004184202, 0.6515211801637303, 0.6317616985602812, 0.6203876070000909, 0.6076334579424425, 0.5972740912076199, 0.5926499285481193, 0.5946808416735042, 0.5928868999083837, 0.5859945326140432, 0.5916374226411184, 0.5860201300996722]}, "valid": {"acc": [0.39848914069877245, 0.5439093484419264, 0.6052880075542965, 0.16619452313503305, 0.36732766761095376, 0.36732766761095376, 0.36732766761095376, 0.36732766761095376, 0.36732766761095376, 0.36732766761095376, 0.36732766761095376, 0.36732766761095376, 0.36732766761095376, 0.36732766761095376, 0.36732766761095376, 0.36732766761095376, 0.36732766761095376, 0.36732766761095376, 0.36732766761095376, 0.6836638338054769, 0.6742209631728046, 0.7412653446647781, 0.6968838526912181, 0.7488196411709159, 0.7214353163361662, 0.7422096317280453, 0.7195467422096318, 0.7053824362606232, 0.7403210576015109, 0.7478753541076487, 0.7478753541076487, 0.7138810198300283, 0.76109537299339, 0.7667610953729934, 0.7705382436260623, 0.7695939565627951, 0.7658168083097262, 0.7705382436260623, 0.7752596789423984, 0.7969782813975449, 0.7960339943342776, 0.7998111425873465, 0.8016997167138811, 0.8083097261567517, 0.8026440037771483, 0.8139754485363551, 0.8196411709159585, 0.8196411709159585, 0.8215297450424929, 0.8215297450424929, 0.826251180358829, 0.830028328611898, 0.8319169027384324, 0.830028328611898, 0.8328611898016998, 0.8290840415486308, 0.8309726156751652, 0.8319169027384324, 0.833805476864967, 0.8281397544853636], "loss": [1.5941132007902648, 1.3203025943474644, 1.1159675999215342, 2.5395304114471537, 1.727124496421201, 1.7221845428975182, 1.7216717757439568, 1.7227245320219173, 1.7225624055853412, 1.7219944662768358, 1.7255701366354252, 1.739109513326944, 1.723069544550602, 1.724155542586837, 1.7238870151552226, 1.7327671195248349, 1.7271284073422222, 1.7252448369064042, 1.7214381178745926, 0.9823310828656803, 0.9753764087161743, 0.8380071563744788, 0.9186156557253183, 0.7687872690527167, 0.8170110049599426, 0.7941082815159048, 0.8672756683706379, 0.8597287369217717, 0.8041870001393647, 0.7846964322917853, 0.7882724679603341, 0.8675625299346512, 0.7622305934435366, 0.7504694972403826, 0.7384471339023969, 0.7346037197855895, 0.7141083568736861, 0.7233703851823947, 0.7005666332800885, 0.670348900819236, 0.6518910309290584, 0.6456696471898765, 0.634545210149449, 0.6166705455041679, 0.6214510354229702, 0.6077274454941107, 0.5918973144676382, 0.5845321844996962, 0.5812551038516227, 0.5729604963396301, 0.5762283549282483, 0.5701194971544353, 0.5605449922846513, 0.5601171598091258, 0.5602279115494232, 0.5578223745666958, 0.5563703035235507, 0.5576445830327684, 0.5565859917459951, 0.5596905488671386]}}