{"train": {"acc": [0.33553719008264465, 0.5512396694214876, 0.6711924439197167, 0.7518299881936246, 0.7635182998819362, 0.8038961038961039, 0.8242030696576151, 0.8382526564344747, 0.8527744982290437, 0.8630460448642266, 0.8671782762691853, 0.8789846517119244, 0.8902007083825265, 0.89456906729634, 0.9036599763872492, 0.9068476977567886, 0.922077922077922, 0.9247933884297521, 0.9409681227863046, 0.9397874852420307, 0.9527744982290437, 0.9557260920897285, 0.964344746162928, 0.9750885478158205, 0.979456906729634, 0.9814639905548996, 0.9765053128689493, 0.9847697756788666, 0.9894923258559623, 0.9906729634002361, 0.9943329397874853, 0.9953955135773318, 0.9948051948051948, 0.9958677685950413, 0.9969303423848879, 0.9964580873671782, 0.9979929161747344, 0.9982290436835891, 0.9985832349468713, 0.9989374262101535, 0.999409681227863, 0.9998819362455726, 0.9998819362455726, 0.9998819362455726, 0.9998819362455726, 0.9997638724911452, 1.0, 1.0, 1.0, 1.0, 1.0, 1.0, 1.0, 1.0, 1.0, 1.0, 1.0, 1.0, 1.0, 1.0], "loss": [2.8126865860187644, 1.8451870914661523, 1.419948480345986, 1.092645778800502, 1.0617473703442197, 0.8804680506388346, 0.7639797284747615, 0.7003586924437321, 0.6240484010089528, 0.596747566353191, 0.5571771426634355, 0.500086331683578, 0.4464780979535796, 0.4171850708397952, 0.38659081224239233, 0.359437687153166, 0.31793544305996463, 0.2952650651109941, 0.2463834976608103, 0.2293884546467752, 0.19498371615102797, 0.1759753798445066, 0.15163758047150844, 0.10342429699658444, 0.0873296269582528, 0.08248808635680964, 0.09245880727063525, 0.06561558524316008, 0.04968607558332609, 0.036833010095340964, 0.027346456049461707, 0.02291129266306984, 0.023519219809465787, 0.022434442431073297, 0.019652636721730232, 0.019028662626321118, 0.013608652583295197, 0.010385449746426082, 0.009405540949735565, 0.006689734944798561, 0.005019414883325667, 0.0035685895047870213, 0.0028186025535405584, 0.0025074150030515298, 0.0029946866932071066, 0.003485346273836595, 0.001980727450273028, 0.0017541711365056196, 0.0016148458667113587, 0.001431348636591186, 0.001385843303675453, 0.0013104476913047786, 0.0011781783246216505, 0.0012645759764409652, 0.0011423738800327885, 0.0010946585587755014, 0.00108590657658748, 0.0010886401913453344, 0.0011374211749308884, 0.0011115073161129135]}, "valid": {"acc": [0.4098205854579792, 0.615675165250236, 0.7308781869688386, 0.7563739376770539, 0.7941454202077431, 0.8130311614730878, 0.8215297450424929, 0.8130311614730878, 0.8526912181303116, 0.8517469310670444, 0.8602455146364495, 0.8234183191690274, 0.8545797922568461, 0.8574126534466477, 0.8413597733711048, 0.8394711992445704, 0.8479697828139755, 0.8489140698772427, 0.8479697828139755, 0.8602455146364495, 0.8602455146364495, 0.8545797922568461, 0.8545797922568461, 0.8611898016997167, 0.8517469310670444, 0.8526912181303116, 0.8536355051935789, 0.8583569405099151, 0.8602455146364495, 0.8536355051935789, 0.8640226628895185, 0.8593012275731823, 0.8602455146364495, 0.8640226628895185, 0.8621340887629839, 0.8640226628895185, 0.8715769593956563, 0.8706326723323891, 0.8668555240793201, 0.8630783758262511, 0.8696883852691218, 0.8659112370160529, 0.8725212464589235, 0.8630783758262511, 0.8649669499527857, 0.8687440982058546, 0.8668555240793201, 0.8677998111425873, 0.8602455146364495, 0.8640226628895185, 0.8649669499527857, 0.8621340887629839, 0.8640226628895185, 0.8640226628895185, 0.8659112370160529, 0.8640226628895185, 0.8649669499527857, 0.8640226628895185, 0.8630783758262511, 0.8640226628895185], "loss": [1.6081823574234724, 1.1723924176538598, 0.8803921191898546, 0.8508813930622572, 0.6709804292680214, 0.6085739452924425, 0.5814343323765607, 0.6086691167902744, 0.495390210673257, 0.48267134734506884, 0.47217287909490846, 0.5730847332939957, 0.46700642268998205, 0.45494174402374277, 0.5154100740431037, 0.5133332831863262, 0.5146878117497445, 0.5299221224693934, 0.5302619511357112, 0.5045635796883007, 0.5163734743293977, 0.5617392830794766, 0.5921141308947319, 0.5900828484589417, 0.637712888863502, 0.669576726586154, 0.6808960985473824, 0.6874732056229895, 0.6866637316267444, 0.75232018840181, 0.7266971223034391, 0.7693771293011914, 0.7999390716186882, 0.8323028957926711, 0.8031720789876691, 0.801339168592982, 0.7738311346061714, 0.7869095507771183, 0.8194035445683997, 0.8516493217192878, 0.7991542900601262, 0.8173728273727608, 0.84376570594616, 0.8575149398400476, 0.8593968606443348, 0.8597852550744266, 0.8590260676665264, 0.8620030186051516, 0.8643206167625185, 0.8740937653834367, 0.8657807302185119, 0.8825454973347175, 0.874494237487645, 0.8821538701284263, 0.8728453920909239, 0.8732355911165812, 0.8778230394114788, 0.8758973313011875, 0.8771437576884767, 0.8795336192784]}}