{"train": {"acc": [0.26871310507674145, 0.47260920897284536, 0.4931523022432113, 0.39834710743801655, 0.3690672963400236, 0.36493506493506495, 0.37260920897284533, 0.3860684769775679, 0.4138134592680047, 0.47072018890200706, 0.5115702479338843, 0.5038961038961038, 0.5083825265643448, 0.5079102715466352, 0.5016528925619834, 0.49149940968122785, 0.5106257378984652, 0.5194805194805194, 0.5297520661157025, 0.526918536009445, 0.5207792207792208, 0.5223140495867769, 0.5079102715466352, 0.5224321133412042, 0.5449822904368359, 0.5798110979929162, 0.6100354191263282, 0.6004722550177095, 0.6363636363636364, 0.6429752066115703, 0.6514757969303424, 0.6531286894923258, 0.656788665879575, 0.6531286894923258, 0.6584415584415585, 0.6600944510035419, 0.6652892561983471, 0.6655253837072019, 0.6733175914994097, 0.6737898465171193, 0.6811097992916175, 0.6759149940968123, 0.6744982290436836, 0.6841794569067297, 0.684297520661157, 0.6902007083825266, 0.692443919716647, 0.6880755608028335, 0.6923258559622196, 0.6936245572609209, 0.6951593860684769, 0.693978748524203, 0.692443919716647, 0.6923258559622196, 0.6946871310507674, 0.6953955135773318, 0.6944510035419126, 0.6920897284533648, 0.6959858323494688, 0.6952774498229044], "loss": [2.8408346537387734, 2.066113110744592, 1.9543212868950584, 2.341498893318754, 2.3233579686193755, 2.1433404431198584, 2.061388064514507, 2.181025895205411, 2.038779699441158, 1.9657356468113987, 1.9030130884864114, 1.8735016457962268, 1.8317500551541646, 1.8388723478172764, 1.8774682409835584, 1.8382851282755535, 1.7988573710123699, 1.7849481141928472, 1.7471189842079624, 1.7318192142428774, 1.7211165843587932, 1.71039771491831, 1.7513159423163442, 1.7062947406913296, 1.679791473981106, 1.6694769154895435, 1.6568767590956255, 1.6243778160124114, 1.5679886864893364, 1.5108577672279242, 1.4724960272962397, 1.4526317643396782, 1.4015060103300847, 1.3835365149107846, 1.3477825287616614, 1.3208374001763084, 1.303373705257069, 1.2705069906783826, 1.2566233936584357, 1.2528971108523281, 1.2322723748105946, 1.2151440336848751, 1.2017209520845702, 1.186554527643955, 1.167413822629235, 1.1639472219077023, 1.1571249835418933, 1.1440671068249326, 1.132356289661292, 1.1204312470826236, 1.1218846079074976, 1.113472314495029, 1.105099109989224, 1.1033422712123755, 1.0996831140734933, 1.0937515912633953, 1.092226937864766, 1.0985785921414692, 1.0983727023457035, 1.0818781617915991]}, "valid": {"acc": [0.41076487252124644, 0.40698772426817753, 0.449480642115203, 0.3881019830028329, 0.36732766761095376, 0.36732766761095376, 0.36732766761095376, 0.36732766761095376, 0.48536355051935787, 0.49008498583569404, 0.48725212464589235, 0.49008498583569404, 0.4966949952785647, 0.48914069877242683, 0.4627006610009443, 0.5240793201133145, 0.4995278564683664, 0.5089707271010387, 0.5203021718602455, 0.5203021718602455, 0.5127478753541076, 0.5231350330500472, 0.5174693106704438, 0.6118980169971672, 0.6081208687440982, 0.6213408876298395, 0.6345609065155807, 0.6241737488196412, 0.6213408876298395, 0.6553352219074599, 0.6581680830972616, 0.6704438149197356, 0.6685552407932012, 0.6779981114258735, 0.6619452313503305, 0.6562795089707271, 0.6704438149197356, 0.6647780925401322, 0.6864966949952785, 0.6874409820585458, 0.6874409820585458, 0.6855524079320113, 0.6931067044381491, 0.6997167138810199, 0.6997167138810199, 0.6959395656279509, 0.6987724268177526, 0.6949952785646837, 0.6987724268177526, 0.6978281397544853, 0.7006610009442871, 0.6921624173748819, 0.6902738432483475, 0.6921624173748819, 0.6912181303116147, 0.6912181303116147, 0.6912181303116147, 0.6912181303116147, 0.6912181303116147, 0.6893295561850803], "loss": [1.6925989589416237, 1.7028436948649148, 1.4171147768743098, 1.658271904647463, 1.544186661058653, 1.4680966670802726, 1.4949889494729403, 1.4766172863303602, 1.411417267033531, 1.4142360058815584, 1.3455835931665054, 1.305126834379083, 1.2823676616868924, 1.335524538045992, 1.4355273005924063, 1.2901641975891105, 1.3281359705785272, 1.2998488497267175, 1.2646440047003145, 1.2469110315338143, 1.2903103215658653, 1.414005931889346, 1.2772880122488073, 1.2413943917041605, 1.271582024252933, 1.2376777086308357, 1.217187984605339, 1.2756879890077026, 1.2657658742927367, 1.1626667364805034, 1.1319439223877705, 1.0809765800865392, 1.083315172514373, 0.9933885241469583, 1.033472428850069, 1.061352295515837, 1.0155754914852335, 1.05564115366358, 0.9360045428460002, 0.9586235372585531, 1.0071696253539202, 0.9488153208543623, 0.953747068343434, 0.965357424976526, 0.9560664210024876, 0.9525640293487501, 0.9549673099620074, 0.9607510539546383, 0.9653204809698243, 0.9768612586799833, 0.9725128576434121, 0.9604010009074792, 0.9640703657237084, 0.9682964437107762, 0.9688409416529654, 0.9674930638371348, 0.9686840345452774, 0.9705112942728603, 0.9689647653078509, 0.9708091545892291]}}