{"train": {"acc": [0.3319340959177248, 0.5369923391751495, 0.4484206107671319, 0.36520096547381675, 0.36520096547381675, 0.36520096547381675, 0.36520096547381675, 0.36520096547381675, 0.3653059082799874, 0.36520096547381675, 0.36520096547381675, 0.36520096547381675, 0.36520096547381675, 0.36520096547381675, 0.36520096547381675, 0.36520096547381675, 0.4512540665337391, 0.7786756217861266, 0.8361842795676356, 0.8615804386609298, 0.8738587469828943, 0.884353027599958, 0.8919089096442439, 0.8961066218910694, 0.9059712456711092, 0.9138419561339071, 0.9151012698079547, 0.9269598069052366, 0.9383985727778361, 0.942176513799979, 0.9582327631440865, 0.9663133592192256, 0.9721901563647812, 0.9803756952460909, 0.9865673208101584, 0.9861475495854759, 0.992758946374226, 0.9955924021408332, 0.9956973449470039, 0.9970616014272221, 0.997691258264246, 0.9989505719382936, 0.9996851715814881, 0.9995802287753175, 0.9992654003568056, 0.9993703431629761, 0.9996851715814881, 1.0, 1.0, 1.0, 1.0, 1.0, 0.9998950571938293, 1.0, 1.0, 1.0, 1.0, 1.0, 1.0, 1.0], "loss": [2.760238719953073, 1.9236134902851, 2.178673014447496, 2.4414383752925977, 2.4379033977920943, 2.4385274229822933, 2.438027233690829, 2.435752156618479, 2.437549932582958, 2.4327805589985205, 2.4375593211199784, 2.4398755028441146, 2.437215772834984, 2.4395705719251892, 2.4393937072238407, 2.4360502217267013, 2.1619251579851717, 1.0088051436720669, 0.7160969171169642, 0.5911220896082956, 0.5301062875502819, 0.49457060082538706, 0.4508869184835537, 0.41965753504553355, 0.37827499533021774, 0.34879297602015574, 0.31993008888251073, 0.2783177768861925, 0.2403733599427584, 0.22430235509936874, 0.17041930385135315, 0.14409562628212813, 0.12274735033310749, 0.08866927707316102, 0.06589611108742051, 0.06840913939113552, 0.04151713902231406, 0.031121180814414007, 0.026271835932306743, 0.02174609569782341, 0.015875580531821865, 0.012862797983846552, 0.008991726532553297, 0.00827777200391063, 0.00951249644198027, 0.007213201216497534, 0.005729530936396505, 0.003936773037059685, 0.0036653547745978308, 0.0032682810906899742, 0.002753664770893551, 0.0024974637136266037, 0.002688550278607353, 0.002622872359761213, 0.0025316279277683715, 0.002107069593998981, 0.002030661961258817, 0.0020863218626284317, 0.0021134579618700554, 0.0020270590321160853]}, "valid": {"acc": [0.4343720491029273, 0.5448536355051936, 0.38526912181303113, 0.38526912181303113, 0.38526912181303113, 0.38526912181303113, 0.38526912181303113, 0.38526912181303113, 0.38526912181303113, 0.38526912181303113, 0.38526912181303113, 0.38526912181303113, 0.38526912181303113, 0.38526912181303113, 0.38526912181303113, 0.38526912181303113, 0.6619452313503305, 0.8045325779036827, 0.8347497639282342, 0.8413597733711048, 0.8385269121813032, 0.8611898016997167, 0.8526912181303116, 0.8479697828139755, 0.8734655335221907, 0.8677998111425873, 0.8640226628895185, 0.8574126534466477, 0.8611898016997167, 0.8640226628895185, 0.8696883852691218, 0.8715769593956563, 0.8649669499527857, 0.8649669499527857, 0.8611898016997167, 0.8696883852691218, 0.8602455146364495, 0.8536355051935789, 0.8508026440037771, 0.8630783758262511, 0.8630783758262511, 0.8621340887629839, 0.8696883852691218, 0.8696883852691218, 0.8649669499527857, 0.8611898016997167, 0.8677998111425873, 0.8706326723323891, 0.8611898016997167, 0.8677998111425873, 0.8668555240793201, 0.8640226628895185, 0.8659112370160529, 0.8677998111425873, 0.8677998111425873, 0.8687440982058546, 0.8677998111425873, 0.8706326723323891, 0.8621340887629839, 0.8696883852691218], "loss": [1.6209741211117779, 1.440402686201557, 1.7312243278851356, 1.7301434951153054, 1.7300167736123775, 1.7223655315563224, 1.7254297675843049, 1.7271039207626155, 1.732360649086352, 1.7253181748444282, 1.723022912873663, 1.7265526040515287, 1.7232101864986022, 1.7223463087766968, 1.7231374081005897, 1.7300163769992403, 1.0909825611880686, 0.6158251526205676, 0.5033445283431658, 0.5026058219316009, 0.5010829931939292, 0.4094913432827714, 0.4254001248087637, 0.4996845146133551, 0.43106418401197644, 0.4430309019156519, 0.4763098328560296, 0.44851477873727114, 0.46211695167616224, 0.45795521461271926, 0.48249386626649765, 0.49226116232119116, 0.5252948333362523, 0.5382314884735996, 0.5900916640557526, 0.5953209993468521, 0.6205190765231209, 0.7966876205342005, 0.7651727077523568, 0.7048654595499364, 0.7024333317939928, 0.7287914344435712, 0.7349899537924295, 0.7416239941757471, 0.7408733490285941, 0.7683881067601159, 0.7554323704932183, 0.762099983588499, 0.7848277633555782, 0.767444578723841, 0.78298862667994, 0.7970679182946807, 0.801932789168617, 0.7891293133212158, 0.784971794219793, 0.7858738365167867, 0.7905449269570286, 0.7891234803480343, 0.7920280323106706, 0.7850449227917283]}}