{"precision": 0.6135483281456031, "recall": 0.5722564326809513, "f1-score": 0.5828508347265752, "auc": 0.17804412206532472}