{"precision": 0.7550475666671788, "recall": 0.75503074174971, "f1-score": 0.7528074482844362, "auc": 0.24321005792964484}