{"precision": 0.772235784730107, "recall": 0.7712459144087345, "f1-score": 0.7705181329456151, "auc": 0.214171773990429}