{"precision": 0.7443291722561862, "recall": 0.7489975152785971, "f1-score": 0.7436187402228853, "auc": 0.16961530144876255}