{"precision": 0.7261530017880204, "recall": 0.6621555992356253, "f1-score": 0.6772333475020568, "auc": 0.205635154750199}