{"precision": 0.6180906871251013, "recall": 0.5955978481206958, "f1-score": 0.6038729134542956, "auc": 0.18916047899051464}