{"precision": 0.6414337521500353, "recall": 0.5966574178020044, "f1-score": 0.6101787961070788, "auc": 0.21251985063736642}