{"precision": 0.6562087977797921, "recall": 0.6198022825032461, "f1-score": 0.631201044476959, "auc": 0.21358212798832565}