{"precision": 0.7055542317560466, "recall": 0.5922818870991335, "f1-score": 0.6097761987412312, "auc": 0.20209021846431174}