{"precision": 0.708897223975709, "recall": 0.6042813644360449, "f1-score": 0.6264120228512035, "auc": 0.254055968067299}