{"precision": 0.6654267188830659, "recall": 0.6077555988845803, "f1-score": 0.623851732303352, "auc": 0.19701489334306194}