{"precision": 0.6328867550232519, "recall": 0.5929420856493621, "f1-score": 0.6059916061789645, "auc": 0.21568522254174}