{"precision": 0.5547720375995137, "recall": 0.5444089393043785, "f1-score": 0.547755149420415, "auc": 0.16436327739387957}