{"precision": 0.6897023266898036, "recall": 0.5918995126636646, "f1-score": 0.6036195473962496, "auc": 0.23764968453581697}