{"precision": 0.6504777922329185, "recall": 0.5959961234700241, "f1-score": 0.6068360871360895, "auc": 0.2160071247693034}