{"precision": 0.698242425658156, "recall": 0.6007248121275917, "f1-score": 0.612353909722162, "auc": 0.17380574273573976}