{"precision": 0.7083998230364267, "recall": 0.5909510898162648, "f1-score": 0.6081898173783424, "auc": 0.22195158590497444}