{"precision": 0.6948405649442585, "recall": 0.6497672303275374, "f1-score": 0.6659175675567522, "auc": 0.16674535387784883}