{"precision": 0.6566195789849127, "recall": 0.6048408960234666, "f1-score": 0.620585837007323, "auc": 0.21319584531524957}