{"precision": 0.6497650114908597, "recall": 0.5987896174567363, "f1-score": 0.6133144571891791, "auc": 0.1366367655264174}