{"precision": 0.6325492904336623, "recall": 0.6065141502918636, "f1-score": 0.6099350881923709, "auc": 0.22977243994943108}