{"precision": 0.5525297917543731, "recall": 0.4086980021687047, "f1-score": 0.43817656947273, "auc": 0.1787439193173256}