{"precision": 0.4615982921221605, "recall": 0.5142438970968063, "f1-score": 0.4841237371924709, "auc": 0.30748363507695936}