{"precision": 0.7503118941022806, "recall": 0.7061821181969178, "f1-score": 0.720792937067724, "auc": 0.21634766855702586}