{"precision": 0.7367281849316398, "recall": 0.6928986009550996, "f1-score": 0.703260218202624, "auc": 0.30031112161310647}