{"precision": 0.5935228564321595, "recall": 0.5427167915292347, "f1-score": 0.5583838188501878, "auc": 0.1823361517661702}