{"train": {"acc": [0.2181640625, 0.364453125, 0.4380859375, 0.467578125, 0.484375, 0.4921875, 0.5015625, 0.50390625, 0.5048828125, 0.5173828125, 0.52109375, 0.533984375, 0.5357421875, 0.565625, 0.5802734375, 0.596484375, 0.5998046875, 0.6107421875, 0.6025390625, 0.61171875, 0.6166015625, 0.609375, 0.6083984375, 0.6236328125, 0.6201171875, 0.6181640625, 0.628515625, 0.6255859375, 0.62109375, 0.62890625, 0.631640625, 0.6361328125, 0.623046875, 0.631640625, 0.63515625, 0.6349609375, 0.64375, 0.6359375, 0.6287109375, 0.640625, 0.633203125, 0.64765625, 0.644921875, 0.6470703125, 0.644140625, 0.643359375, 0.65859375, 0.66640625, 0.6763671875, 0.680078125, 0.6744140625, 0.6787109375, 0.674609375, 0.6966796875, 0.692578125, 0.6966796875, 0.6916015625, 0.6953125, 0.7072265625, 0.70546875, 0.701953125, 0.7015625, 0.7064453125, 0.69921875, 0.7103515625, 0.723046875, 0.71875, 0.721875, 0.7185546875, 0.71953125, 0.7248046875, 0.722265625, 0.7197265625, 0.727734375, 0.7296875, 0.72265625, 0.722265625, 0.72421875, 0.721484375, 0.7291015625, 0.7275390625, 0.725390625, 0.729296875, 0.7337890625, 0.7322265625, 0.73671875, 0.73515625, 0.7365234375, 0.7419921875, 0.73515625, 0.7404296875, 0.744140625, 0.7375, 0.73671875, 0.7421875, 0.747265625, 0.7427734375, 0.734375, 0.73984375, 0.7375, 0.7466796875, 0.7392578125, 0.7451171875, 0.7431640625, 0.7505859375, 0.74296875, 0.740625, 0.7455078125, 0.748046875, 0.751171875, 0.74921875, 0.7513671875, 0.75625, 0.7525390625, 0.75, 0.74921875, 0.7568359375, 0.75703125, 0.7564453125, 0.7513671875, 0.7546875, 0.7498046875, 0.7501953125, 0.7556640625, 0.755859375, 0.7486328125, 0.760546875, 0.758984375, 0.7525390625, 0.7658203125, 0.762890625, 0.7611328125, 0.759765625, 0.764453125, 0.7615234375, 0.7625, 0.7640625, 0.7548828125, 0.7564453125, 0.764453125, 0.75859375, 0.76328125, 0.7671875, 0.764453125, 0.771484375, 0.761328125, 0.7634765625, 0.769140625, 0.7599609375, 0.7642578125], "loss": [2.17700731754303, 1.9551916650578947, 1.8790920203245138, 1.8422161763227438, 1.8236009123959118, 1.8192864701717715, 1.8165508523772034, 1.8091814170909832, 1.8062255110921739, 1.7978586260276506, 1.795958564251284, 1.7909977209718921, 1.7800339837617511, 1.7453202341176286, 1.7315019670921037, 1.7258824623083766, 1.7229572187496136, 1.716335135170176, 1.7110831556440909, 1.70140769059145, 1.7082864740226842, 1.7061504789545565, 1.7051277990582623, 1.6929211224181742, 1.697287518766862, 1.692580235155323, 1.6856185786331757, 1.6876494084732443, 1.6878103093255925, 1.6869251124466522, 1.679221501833276, 1.6758049771755557, 1.6787184718288952, 1.6765256395822838, 1.6761476782303821, 1.6766552049902421, 1.6750875394555587, 1.6723517390746105, 1.6787344292749333, 1.6703023940702029, 1.6736344219763069, 1.668604192854483, 1.6682099813147435, 1.669383916673781, 1.6670373134975192, 1.6669633313070369, 1.662406251400332, 1.6621579927734182, 1.6596099545684042, 1.6507759773278539, 1.6600273093090783, 1.6568593148943744, 1.6582135716571083, 1.6466093018085142, 1.6510515726065333, 1.6471263577666464, 1.6494337169429925, 1.6503144231023668, 1.6403379198871082, 1.6413148128533666, 1.6476457420783708, 1.6424873690061932, 1.6403698996652532, 1.6445571848108798, 1.639275671560553, 1.6316372488118425, 1.634596213509765, 1.6269598595703705, 1.6309234673463846, 1.6264876187602175, 1.6240456617331203, 1.6200518547734128, 1.6261651002908055, 1.619270081761517, 1.6165521386303479, 1.6214825443074674, 1.6239809763582447, 1.624502865574028, 1.6209647127344637, 1.61925110786776, 1.6153606734698331, 1.6198642706569237, 1.6202977427953407, 1.612653551222403, 1.6139473205880275, 1.6074834669692606, 1.6122357830216614, 1.6109604865689822, 1.6057418101950536, 1.6044607811336276, 1.6097504655017127, 1.6069539679756648, 1.6100170431257803, 1.6065789430956297, 1.605758179592181, 1.602567061593261, 1.6029462633253653, 1.608470077756085, 1.6059765408310709, 1.6043081193030635, 1.6064378928534593, 1.6035162798966034, 1.6034869091420234, 1.5973847863040394, 1.59514925751505, 1.6065285371828684, 1.6030559932129294, 1.598334685156617, 1.596738355069221, 1.5994530161724816, 1.5970256449301032, 1.5951663844193085, 1.5896538420568538, 1.5922093768663044, 1.5921337498894221, 1.5948692424387871, 1.5925376505791387, 1.5885149964803382, 1.5901542238042325, 1.5916491354568094, 1.588183689721023, 1.5933617851402186, 1.5933488426329214, 1.5918176204343386, 1.591490098192722, 1.59558382366277, 1.5875359154954742, 1.5867664240583588, 1.589553125296967, 1.5851640037343473, 1.5847326305848133, 1.5836144595206538, 1.5858100154731847, 1.5802620498439934, 1.5857022095330153, 1.5848379467107072, 1.5874345091324817, 1.5914378950867472, 1.5884523693519303, 1.5835354795938805, 1.5848309163805805, 1.5882070788854286, 1.5801062040691134, 1.5809957815122, 1.5785722219491307, 1.582208908056911, 1.5892432777187493, 1.5762627245504646, 1.5833952245832998, 1.5775393323053288]}, "valid": {"acc": [0.334375, 0.403125, 0.4421875, 0.49375, 0.4640625, 0.4859375, 0.446875, 0.446875, 0.484375, 0.4703125, 0.5140625, 0.5390625, 0.43125, 0.5828125, 0.5625, 0.5484375, 0.615625, 0.5875, 0.5265625, 0.5984375, 0.5328125, 0.5953125, 0.609375, 0.6046875, 0.6078125, 0.54375, 0.5984375, 0.596875, 0.5875, 0.5578125, 0.5484375, 0.6109375, 0.5859375, 0.6609375, 0.6375, 0.596875, 0.5953125, 0.5984375, 0.4953125, 0.565625, 0.6296875, 0.640625, 0.6015625, 0.6265625, 0.50625, 0.6421875, 0.665625, 0.6796875, 0.6453125, 0.6875, 0.671875, 0.575, 0.640625, 0.6375, 0.6703125, 0.4859375, 0.6765625, 0.615625, 0.6953125, 0.61875, 0.6890625, 0.5046875, 0.509375, 0.65625, 0.6953125, 0.6578125, 0.715625, 0.6921875, 0.6640625, 0.6671875, 0.659375, 0.6765625, 0.69375, 0.659375, 0.725, 0.7109375, 0.55625, 0.715625, 0.6046875, 0.7234375, 0.525, 0.728125, 0.55, 0.6171875, 0.7046875, 0.7078125, 0.6921875, 0.6375, 0.6828125, 0.6484375, 0.434375, 0.7, 0.5875, 0.6640625, 0.6109375, 0.7203125, 0.7015625, 0.584375, 0.6828125, 0.634375, 0.721875, 0.6921875, 0.64375, 0.6984375, 0.659375, 0.6703125, 0.678125, 0.646875, 0.671875, 0.71875, 0.7078125, 0.715625, 0.6609375, 0.68125, 0.7203125, 0.6421875, 0.709375, 0.646875, 0.7296875, 0.696875, 0.7046875, 0.525, 0.6921875, 0.7234375, 0.6640625, 0.6953125, 0.6, 0.6484375, 0.7140625, 0.678125, 0.7203125, 0.7296875, 0.653125, 0.696875, 0.6640625, 0.69375, 0.7234375, 0.56875, 0.7046875, 0.715625, 0.7296875, 0.73125, 0.728125, 0.7296875, 0.7015625, 0.7015625, 0.7171875, 0.6296875, 0.7046875, 0.66875],