{"precision": 0.6991900818732009, "recall": 0.6658124401512822, "f1-score": 0.673898629839001, "auc": 0.1882052722760687}