{"precision": 0.7010313669763356, "recall": 0.558331832683685, "f1-score": 0.5529089194621136, "auc": 0.5249980308758664}