{"precision": 0.6334364530798676, "recall": 0.6053917218441306, "f1-score": 0.6137950437252198, "auc": 0.21069573801450706}