{"precision": 0.036732766761095374, "recall": 0.1, "f1-score": 0.05372928176795581, "auc": 0.5}