{"precision": 0.693264059015612, "recall": 0.6748444291481601, "f1-score": 0.6700982532921671, "auc": 0.24167993552318606}