{"train": {"acc": [0.56640625, 0.726171875, 0.7724609375, 0.8001953125, 0.8275390625, 0.851953125, 0.8607421875, 0.871484375, 0.885546875, 0.8939453125, 0.9, 0.9072265625, 0.9146484375, 0.926953125, 0.9369140625, 0.926953125, 0.940234375, 0.9375, 0.93671875, 0.9462890625, 0.944140625, 0.9453125, 0.9498046875, 0.9517578125, 0.9544921875, 0.9498046875, 0.9572265625, 0.9591796875, 0.959765625, 0.9642578125, 0.962890625, 0.96015625, 0.96171875, 0.9693359375, 0.966796875, 0.9697265625, 0.9712890625, 0.9701171875, 0.97109375, 0.9751953125, 0.971484375, 0.9712890625, 0.9732421875, 0.9671875, 0.975, 0.9728515625, 0.9798828125, 0.976171875, 0.9765625, 0.9796875, 0.9763671875, 0.975, 0.978515625, 0.980078125, 0.980859375, 0.9796875, 0.9791015625, 0.9814453125, 0.9796875, 0.979296875, 0.98203125, 0.98046875, 0.980078125, 0.980078125, 0.97890625, 0.9806640625, 0.981640625, 0.9794921875, 0.9826171875, 0.9826171875, 0.9814453125, 0.981640625, 0.983984375, 0.9828125, 0.9841796875, 0.9853515625, 0.98671875, 0.9857421875, 0.985546875, 0.985546875, 0.9873046875, 0.9859375, 0.9880859375, 0.9873046875, 0.9873046875, 0.9869140625, 0.9875, 0.98828125, 0.9865234375, 0.9880859375, 0.988671875, 0.987890625, 0.9873046875, 0.9880859375, 0.9875, 0.9876953125, 0.9880859375, 0.987890625, 0.9876953125, 0.9890625, 0.9890625, 0.98984375, 0.988671875, 0.989453125, 0.988671875, 0.989453125, 0.989453125, 0.990625, 0.98984375, 0.9904296875, 0.9900390625, 0.9900390625, 0.9900390625, 0.990625, 0.9904296875, 0.990234375, 0.990625, 0.9908203125, 0.990234375, 0.9908203125, 0.98984375, 0.990625, 0.990625, 0.990625, 0.9912109375, 0.9908203125, 0.9912109375, 0.9904296875, 0.9900390625, 0.99140625, 0.9912109375, 0.9912109375, 0.9908203125, 0.991015625, 0.9908203125, 0.9912109375, 0.991015625, 0.991015625, 0.9896484375, 0.99140625, 0.99140625, 0.99140625, 0.9912109375, 0.99140625, 0.991015625, 0.99140625, 0.991015625, 0.99140625, 0.99140625, 0.991015625], "loss": [150.12432532974435, 109.7877494715437, 98.92027688328224, 92.02702437775045, 85.65629176852069, 80.76870659936833, 78.71241523646101, 75.47010460382775, 72.49220898785168, 70.24035011967526, 68.90053934990605, 67.05054401445993, 65.15385214890105, 62.013394464420365, 59.93230235425732, 62.217441607125195, 59.287669845774204, 59.578602609755116, 59.85164449184756, 57.385703799090805, 57.72677959973299, 57.75570369672172, 56.207506879975526, 56.00758931606631, 55.514118291154695, 56.346250027040895, 54.706265316733834, 54.195989439759074, 54.290133512472806, 52.90710072577754, 53.04250755792932, 53.917007204852524, 53.5912485726272, 51.84554324572599, 52.17701832252213, 51.57228885119474, 51.36306666120698, 51.48460586161553, 51.11859816539137, 50.24046929274933, 51.05064392089844, 51.338383976417255, 50.881421342680724, 52.041202062292946, 50.421517191053944, 50.79814988148363, 49.288173385813266, 49.783602702466744, 49.905135480663446, 49.351597653159615, 49.81146187118337, 50.288127561158774, 49.52558710605283, 49.144790069966376, 48.93072393876088, 49.23188207119326, 49.18438831763932, 48.85403249233584, 49.15814556652987, 49.26237536080276, 48.64638065386422, 48.952509964568705, 48.9840775984752, 49.05746102634865, 49.27825290341921, 48.84787721271756, 48.63773722588262, 49.107543510726735, 48.453270731093006, 48.419428523582745, 48.54768893084949, 48.66341680212866, 48.03553371188007, 48.218602047690865, 48.027557759345335, 47.80411717861514, 47.561806111396116, 47.68537540677227, 47.79366394236118, 47.684385758412034, 47.2584579564348, 47.56377000446561, 47.117866950699046, 47.34575131573254, 47.28728712057765, 47.37420828131181, 47.21831584882133, 47.12637734714943, 47.38984989214547, 47.16878316372256, 47.02669443058062, 47.0958906246137, 47.207972804202306, 47.13573479954201, 47.200945504104034, 47.241078050830694, 47.104017957856385, 47.08970419968231, 47.05040914801103, 46.830753664427164, 46.96669614767726, 46.63561997232558, 46.889749357971965, 46.74960829336432, 46.81790363939503, 46.73951692219022, 46.67283210271521, 46.53171433074565, 46.567536559286, 46.4993330074262, 46.562285024908526, 46.56977202017096, 46.622787572160554, 46.46343482295169, 46.48089797587334, 46.5028643064861, 46.46379156957699, 46.413625837881355, 46.51252930073799, 46.43347056907943, 46.55650566197649, 46.417251731775984, 46.44049289558507, 46.463924021660524, 46.336535683161095, 46.36900493766688, 46.3332512771027, 46.4685497042499, 46.58503829376607, 46.276961507676525, 46.31541298009172, 46.300586217566384, 46.39826921873455, 46.363744759861426, 46.38186104689972, 46.2751161599461, 46.30625118786776, 46.322693933414506, 46.5225978803031, 46.25252330152294, 46.2594364987144, 46.25365853611427, 46.28330872934076, 46.26342985901651, 46.34246415729764, 46.27790595911726, 46.33684380446808, 46.26278792755513, 46.24823133251335, 46.29265666913383]}, "valid": {"acc": [0.6453125, 0.68125, 0.696875, 0.75, 0.753125, 0.6140625, 0.7375, 0.7390625, 0.7609375, 0.7609375, 0.7875, 0.7328125, 0.775, 0.7515625, 0.7453125, 0.7703125, 0.79375, 0.746875, 0.7734375, 0.775, 0.7625, 0.771875, 0.7921875, 0.7671875, 0.740625, 0.759375, 0.784375, 0.75625, 0.790625, 0.7890625, 0.759375, 0.771875, 0.7859375, 0.7859375, 0.7734375, 0.7640625, 0.7640625, 0.784375, 0.7921875, 0.775, 0.75, 0.784375, 0.7421875, 0.7765625, 0.7703125, 0.79375, 0.79375, 0.78125, 0.7859375, 0.7921875, 0.778125, 0.784375, 0.784375, 0.790625, 0.771875, 0.771875, 0.7625, 0.7890625, 0.778125, 0.7875, 0.778125, 0.7796875, 0.765625, 0.79375, 0.7953125, 0.7734375, 0.76875, 0.7703125, 0.76875, 0.7625, 0.7875, 0.778125, 0.76875, 0.765625, 0.7734375, 0.775, 0.7828125, 0.790625, 0.78125, 0.7859375, 0.78125, 0.7859375, 0.78125, 0.7828125, 0.79375, 0.7953125, 0.8015625, 0.7953125, 0.7828125, 0.7828125, 0.784375, 0.778125, 0.78125, 0.7828125, 0.7890625, 0.7921875, 0.790625, 0.796875, 0.7953125, 0.79375, 0.7921875, 0.8, 0.8, 0.8015625, 0.7921875, 0.7890625, 0.7828125, 0.7890625, 0.7859375, 0.790625, 0.7890625, 0.7875, 0.7875, 0.7953125, 0.7984375, 0.7828125, 0.7828125, 0.790625, 0.7875, 0.7875, 0.7859375, 0.7828125, 0.7859375, 0.7890625, 0.790625, 0.790625, 0.7859375, 0.7875, 0.7921875, 0.7875, 0.7890625, 0.7875, 0.7875, 0.7890625, 0.7890625, 0.790625, 0.7859375, 0.7921875, 0.7890625, 0.790625, 0.7890625, 0.790625, 0.7953125, 0.7890625, 0.7921875, 0.79375, 0.79375, 0.7890625, 0.79375, 0.79375],