{"precision": 0.42633760049754144, "recall": 0.4731007930831493, "f1-score": 0.44238885440116227, "auc": 0.22455819622181594}