{"precision": 0.5623726431542797, "recall": 0.45281672442367754, "f1-score": 0.4887304229282967, "auc": 0.17975071248403052}