{"precision": 0.5520116717172722, "recall": 0.5545220365603618, "f1-score": 0.5499355620413354, "auc": 0.1542175930056205}