{"train": {"acc": [0.5767361111111111, 0.7361111111111112, 0.7644097222222223, 0.7895833333333333, 0.8097222222222222, 0.8085069444444445, 0.8357638888888889, 0.8269097222222223, 0.85, 0.859375, 0.8758680555555556, 0.8770833333333333, 0.8748263888888889, 0.8928819444444445, 0.9262152777777778, 0.9243055555555556, 0.9159722222222222, 0.9248263888888889, 0.9480902777777778, 0.9399305555555556, 0.9553819444444445, 0.9262152777777778, 0.9600694444444444, 0.9609375, 0.9465277777777777, 0.9713541666666666, 0.9675347222222223, 0.9720486111111111, 0.9767361111111111, 0.9623263888888889, 0.9640625, 0.9817708333333334, 0.9845486111111111, 0.9940972222222222, 0.9833333333333333, 0.9661458333333334, 0.9703125, 0.9786458333333333, 0.9904513888888888, 0.9848958333333333, 0.9861111111111112, 0.9848958333333333, 0.9840277777777777, 0.9907986111111111, 0.9784722222222222, 0.9684027777777777, 0.9850694444444444, 0.9895833333333334, 0.99375, 0.9954861111111111, 0.9944444444444445, 0.9967013888888889, 0.9975694444444444, 0.9869791666666666, 0.9694444444444444, 0.9868055555555556, 0.9939236111111112, 0.9960069444444445, 0.9984375, 0.9987847222222223, 0.9907986111111111, 0.9940972222222222, 0.9807291666666667, 0.9888888888888889, 0.9902777777777778, 0.9942708333333333, 0.9958333333333333, 0.9920138888888889, 0.9947916666666666, 0.9901041666666667, 0.9918402777777777, 0.9993055555555556, 0.9994791666666667, 0.9998263888888889, 1.0, 1.0, 1.0, 1.0, 1.0, 1.0, 1.0, 1.0, 1.0, 1.0, 1.0, 1.0, 1.0, 1.0, 1.0, 1.0, 1.0, 1.0, 1.0, 1.0, 1.0, 1.0, 1.0, 1.0, 1.0, 1.0, 1.0, 1.0, 1.0, 1.0, 1.0, 1.0, 1.0, 1.0, 1.0, 1.0, 1.0, 1.0, 1.0, 1.0, 1.0, 1.0, 1.0, 1.0, 1.0, 1.0, 1.0, 0.9998263888888889, 1.0, 1.0, 0.9996527777777777, 0.9996527777777777, 1.0, 1.0, 1.0, 1.0, 1.0, 1.0, 1.0, 1.0, 1.0, 1.0, 1.0, 1.0, 1.0, 1.0, 1.0, 1.0, 1.0, 1.0, 1.0, 1.0, 1.0, 1.0, 1.0, 1.0], "loss": [2.2386225857091753, 1.1611603773042056, 1.0191508993673861, 0.9260295267855183, 0.8319579734561149, 0.7929093864526642, 0.6969030114372124, 0.7214373423812095, 0.6248461707924189, 0.5692495686954326, 0.49983083230725833, 0.4996004683917828, 0.4875106498431624, 0.4311799048707726, 0.3047284122263448, 0.30327582572785655, 0.3375311220964689, 0.29857824675822525, 0.2081412448641959, 0.23952916875649033, 0.171657006559747, 0.2919785446497831, 0.16368916392158928, 0.15839468516158253, 0.21190801832113373, 0.11611033187069919, 0.12625820235757346, 0.09937408857382415, 0.08892956429443667, 0.16098752115549667, 0.16136441603721527, 0.08949685777966561, 0.06551068181988229, 0.022569306430228975, 0.07081461703572213, 0.1349683256003629, 0.12142811851638756, 0.09010894215676223, 0.049348293224171724, 0.053855531731243717, 0.05819477799631069, 0.06770672012915772, 0.062021471094340086, 0.04714918834042181, 0.09473530336000612, 0.1233077249751332, 0.06205709990679046, 0.044193903924740346, 0.02597062354331857, 0.024027997537599773, 0.022319158594113556, 0.011109779970825052, 0.007721704905368701, 0.052558245687690575, 0.13265661881671528, 0.06359256229499417, 0.029938038336531667, 0.017915955431408802, 0.00741207090159355, 0.008383699081278291, 0.03950923881454268, 0.03458382791167209, 0.08242559490798648, 0.052449404570703094, 0.039403974703837476, 0.02561268796869606, 0.01791052568672497, 0.0329518352956982, 0.020698462580226028, 0.03761220784704829, 0.027755338914451724, 0.004078353187978383, 0.001871102595155054, 0.0008913948580954915, 0.0005740540232437433, 0.00044617864281708226, 0.00018526040109330944, 0.00019309861246062172, 0.00017964603102882393, 0.0001249672330007169, 0.000154630629234755, 0.0001326988588955961, 0.00010463517901882185, 9.155533331231505e-05, 7.794376770005001e-05, 0.0001732257340724542, 0.00011492373267358059, 6.0126327931929346e-05, 7.657683578615301e-05, 5.9863809051268125e-05, 7.318300498135092e-05, 3.840994944705548e-05, 5.0545061200731594e-05, 7.842134415481718e-05, 4.4870455041562084e-05, 4.660631829506968e-05, 4.2826449656418395e-05, 3.763615052959946e-05, 3.373050244488368e-05, 2.886585437235216e-05, 3.294460740628923e-05, 3.5275287258668814e-05, 6.153969622083127e-05, 2.8903830635305456e-05, 2.7864004888021116e-05, 4.997915437654862e-05, 1.8716531028249858e-05, 3.0234114506180212e-05, 2.0039271016123188e-05, 7.597858052066115e-05, 2.2827663409709735e-05, 1.9869332301537174e-05, 2.6602078798604137e-05, 2.4206715984496184e-05, 3.0304847528855185e-05, 0.00017202197530939353, 0.0001094612542203138, 6.22751684490692e-05, 4.379412420542833e-05, 2.8641302081043986e-05, 3.302425593216632e-05, 0.0001872600090296197, 4.3172280918931874e-05, 5.738131150455241e-05, 0.003929330080255527, 0.0018001128962546983, 0.00021375682884487167, 0.0002576931460118451, 0.0001528470763123244, 9.741172587464359e-05, 8.53703972802833e-05, 7.314903177502039e-05, 8.698671647354705e-05, 7.209493743288108e-05, 8.440117989103078e-05, 4.554567281405305e-05, 3.797752625932129e-05, 4.2735555542789414e-05, 7.747889125046517e-05, 5.196401907545642e-05, 4.15236896550892e-05, 6.592983400071134e-05, 3.726880891902643e-05, 4.585469666759064e-05, 3.386635190825759e-05, 3.884193446272425e-05, 5.4132139786836406e-05, 5.321850584438293e-05, 4.573093720798139e-05, 2.9447578368347147e-05]}, "valid": {"acc": [0.5140625, 0.6921875, 0.7171875, 0.665625, 0.771875, 0.7578125, 0.6640625, 0.71875, 0.684375, 0.6671875, 0.7203125, 0.6609375, 0.7015625, 0.74375, 0.7203125, 0.746875, 0.70625, 0.7421875, 0.7375, 0.7171875, 0.428125, 0.740625, 0.7453125, 0.7328125, 0.7578125, 0.78125, 0.746875, 0.74375, 0.7640625, 0.6453125, 0.6515625, 0.7390625, 0.759375, 0.7796875, 0.734375, 0.678125, 0.76875, 0.7515625, 0.7796875, 0.7578125, 0.7046875, 0.7578125, 0.765625, 0.7421875, 0.721875, 0.7125, 0.746875, 0.7765625, 0.740625, 0.75625, 0.7578125, 0.775, 0.753125, 0.7234375, 0.746875, 0.7578125, 0.7671875, 0.7859375, 0.7828125, 0.771875, 0.7859375, 0.7171875, 0.75625, 0.7046875, 0.70625, 0.7640625, 0.7734375, 0.75, 0.7734375, 0.740625, 0.7640625, 0.784375, 0.79375, 0.7890625, 0.7921875, 0.7890625, 0.7953125, 0.79375, 0.7921875, 0.79375, 0.7921875, 0.7875, 0.7953125, 0.7875, 0.7984375, 0.790625, 0.7921875, 0.7953125, 0.7921875, 0.796875, 0.79375, 0.7921875, 0.7859375, 0.7953125, 0.7890625, 0.7859375, 0.79375, 0.7875, 0.7921875, 0.7890625, 0.790625, 0.790625, 0.790625, 0.7890625, 0.79375, 0.796875, 0.7875, 0.7921875, 0.7953125, 0.7875, 0.79375, 0.790625, 0.7890625, 0.7953125, 0.790625, 0.784375, 0.7953125, 0.7859375, 0.790625, 0.7890625, 0.79375, 0.7921875, 0.79375, 0.7921875, 0.775, 0.7921875, 0.7875, 0.7828125, 0.784375, 0.7765625, 0.784375, 0.778125, 0.775, 0.778125, 0.775, 0.775, 0.778125, 0.78125, 0.78125, 0.784375, 0.778125, 0.7875, 0.7765625, 0.7828125, 0.7796875, 0.7765625, 0.7875, 0.7828125, 0.775, 0.778125],