{"train": {"acc": [0.3386504355126456, 0.6038409067058453, 0.6757267289327317, 0.6418302025396159, 0.6719487879105888, 0.6158043866092979, 0.5515793892328681, 0.5610242417882254, 0.5290166859061811, 0.3854549270647497, 0.4025606044705635, 0.4441179557141358, 0.4390807010179452, 0.49281141777731136, 0.5344737118270543, 0.5183125196767762, 0.5470668485675307, 0.5364676251442964, 0.5311155420295939, 0.5264980585580858, 0.5203064329940182, 0.5252387448840382, 0.5481162766292371, 0.5986987092034841, 0.628502466155945, 0.6618742785182076, 0.6771959282191206, 0.6950362052681288, 0.7049008290481688, 0.7078392276209465, 0.7012278308321964, 0.7054255430790219, 0.7339699863574352, 0.7414209255955504, 0.7539091195298562, 0.7641935145345786, 0.7746877951516423, 0.7903242732710672, 0.7939972714870396, 0.8108930632805121, 0.8158253751705321, 0.8156154895581907, 0.8289432259418616, 0.8315667960961276, 0.837233707629342, 0.837548536047854, 0.8432154475810684, 0.851400986462378, 0.8523454717179137, 0.8591667541190051, 0.8592716969251758, 0.8648336656522195, 0.8661979221324378, 0.8668275789694616, 0.870185748766922, 0.870185748766922, 0.870185748766922, 0.8732290901458705, 0.8712351768286284, 0.8714450624409696], "loss": [2.0656137579196208, 1.4377749562263489, 1.2153360642291404, 1.313819510711206, 1.2090145438104063, 1.3893133111902185, 1.6352945380919688, 1.6206586538134395, 1.6174284477491636, 1.8962332123034709, 1.7833502759804596, 1.7440425028672089, 1.7226173313888344, 1.6308197620752696, 1.5805079550356478, 1.572906363654781, 1.5334635779664323, 1.5442627458959013, 1.5903955472482216, 1.571072066152418, 1.5492206280295913, 1.528591742386689, 1.4543157815933228, 1.3483258662997066, 1.2732006110049583, 1.187518975219211, 1.1536667862453975, 1.1001897993925456, 1.0800249254381336, 1.0555643205707137, 1.084338978335664, 1.0666904683048661, 0.9837370474596281, 0.96148267307797, 0.9392149649761818, 0.9119991950086646, 0.8764081283195598, 0.8315635178540204, 0.7964978894671878, 0.7563857206621686, 0.7429966777563095, 0.7249942776319143, 0.6960070684954927, 0.6702415173923647, 0.6614784151315689, 0.6444834494912947, 0.6238243652356638, 0.6054260779071499, 0.5884990088037543, 0.5722764412293563, 0.5668351469007699, 0.5526956150660643, 0.5495065728554854, 0.5330975591330915, 0.5359423764654108, 0.5270717804496353, 0.5198540240526199, 0.5150824318061004, 0.5219177925908888, 0.514079950145773]}, "valid": {"acc": [0.5240793201133145, 0.6562795089707271, 0.6874409820585458, 0.6543909348441926, 0.7157695939565628, 0.5797922568460812, 0.5127478753541076, 0.465533522190746, 0.39943342776203966, 0.38526912181303113, 0.38526912181303113, 0.38526912181303113, 0.38526912181303113, 0.38526912181303113, 0.38526912181303113, 0.38526912181303113, 0.3871576959395656, 0.3890462700661001, 0.3342776203966006, 0.43626062322946174, 0.4664778092540132, 0.5325779036827195, 0.5731822474032106, 0.6118980169971672, 0.6251180358829084, 0.6694995278564684, 0.6789423984891407, 0.7063267233238905, 0.7025495750708215, 0.6846081208687441, 0.6628895184135978, 0.732766761095373, 0.7337110481586402, 0.7403210576015109, 0.7497639282341831, 0.7497639282341831, 0.7620396600566572, 0.7743153918791312, 0.7790368271954674, 0.7903682719546742, 0.7969782813975449, 0.7988668555240793, 0.7922568460812087, 0.7950897072710104, 0.7969782813975449, 0.7979225684608121, 0.8045325779036827, 0.8016997167138811, 0.7969782813975449, 0.8130311614730878, 0.7988668555240793, 0.8130311614730878, 0.8158640226628895, 0.8064211520302171, 0.8045325779036827, 0.8064211520302171, 0.8073654390934845, 0.8083097261567517, 0.8073654390934845, 0.8073654390934845], "loss": [1.6161566085986694, 1.080037210390169, 0.9532098080857264, 1.071217279835465, 0.9432756385584635, 1.2421009869196775, 1.4810896194302292, 1.6263023273480637, 1.733368108763812, 1.861146374269334, 1.918848299292851, 2.189918069411879, 2.3971111902048094, 2.674466949568917, 2.8155510974150073, 2.8693465937583906, 1.700056099197308, 1.8196495262120758, 1.830797526267109, 1.6665727523435436, 1.5231140225189113, 1.3337765142413134, 1.2519772310577517, 1.171136672103281, 1.0906803472449964, 0.9847630786679559, 0.9981707025174974, 0.9208755731293914, 0.9216764627063263, 0.9421419311730307, 1.0035143495098968, 0.8508209596794726, 0.8461604680749808, 0.8304371738908478, 0.8211354355843622, 0.8311824191763068, 0.7643762467119188, 0.7351322564153822, 0.7261328773127625, 0.69603972580805, 0.6917048498560342, 0.6961675164736948, 0.7037192159464375, 0.6932301917117765, 0.6700787686477442, 0.6793155441380199, 0.659260457829662, 0.6705392485890284, 0.6621251630815563, 0.6574053578312018, 0.669554538273742, 0.6610998097681291, 0.6544905154825416, 0.6581148598274913, 0.6594779393710513, 0.6578333924761278, 0.6597164468613096, 0.6605586829962339, 0.6642838574440654, 0.6639793514036829]}}