{"precision": 0.7068527401384492, "recall": 0.6715639538631053, "f1-score": 0.6832512558129596, "auc": 0.22218710493046778}