{"precision": 0.5288758175925413, "recall": 0.5019866904568526, "f1-score": 0.5113636442306753, "auc": 0.18994780979569986}