{"precision": 0.6796339718016223, "recall": 0.6510268953179167, "f1-score": 0.6543064272086823, "auc": 0.1672636606264925}