{"train": {"acc": [0.5443359375, 0.6501953125, 0.682421875, 0.7091796875, 0.73828125, 0.7427734375, 0.7630859375, 0.7625, 0.7771484375, 0.776953125, 0.7904296875, 0.7859375, 0.80078125, 0.8017578125, 0.7916015625, 0.8083984375, 0.7955078125, 0.81171875, 0.8150390625, 0.8119140625, 0.806640625, 0.8208984375, 0.8177734375, 0.81953125, 0.82265625, 0.8310546875, 0.8369140625, 0.840625, 0.8482421875, 0.840234375, 0.8453125, 0.8517578125, 0.856640625, 0.86171875, 0.847265625, 0.8544921875, 0.8650390625, 0.8658203125, 0.8720703125, 0.875, 0.8755859375, 0.8716796875, 0.871875, 0.8763671875, 0.88828125, 0.8814453125, 0.883203125, 0.891796875, 0.888671875, 0.888671875, 0.8953125, 0.8978515625, 0.89375, 0.9025390625, 0.9037109375, 0.9080078125, 0.914453125, 0.9171875, 0.9142578125, 0.9140625, 0.91875, 0.9212890625, 0.921484375, 0.9232421875, 0.9236328125, 0.9271484375, 0.9302734375, 0.925390625, 0.9287109375, 0.9302734375, 0.924609375, 0.9318359375, 0.93671875, 0.9376953125, 0.93515625, 0.93515625, 0.9375, 0.9376953125, 0.9412109375, 0.9421875, 0.9408203125, 0.94140625, 0.94375, 0.945703125, 0.9453125, 0.943359375, 0.9421875, 0.94453125, 0.946484375, 0.9458984375, 0.9466796875, 0.9474609375, 0.9482421875, 0.9490234375, 0.9486328125, 0.95078125, 0.9494140625, 0.950390625, 0.9505859375, 0.9494140625, 0.9521484375, 0.95234375, 0.9529296875, 0.9552734375, 0.9537109375, 0.9548828125, 0.95390625, 0.954296875, 0.95546875, 0.9552734375, 0.9556640625, 0.9552734375, 0.9546875, 0.9564453125, 0.9564453125, 0.955859375, 0.9568359375, 0.9583984375, 0.9576171875, 0.9583984375, 0.958203125, 0.9583984375, 0.95703125, 0.956640625, 0.9578125, 0.9583984375, 0.959375, 0.9580078125, 0.95859375, 0.9576171875, 0.9587890625, 0.959375, 0.958984375, 0.95859375, 0.959375, 0.95859375, 0.9587890625, 0.959375, 0.9583984375, 0.9587890625, 0.9583984375, 0.9591796875, 0.9587890625, 0.9595703125, 0.9591796875, 0.9591796875, 0.9583984375, 0.9587890625, 0.958203125, 0.958984375], "loss": [4.93066635614709, 4.4457465787477135, 4.31033802636062, 4.210082893130146, 4.090322050867202, 4.078289840794817, 3.990277362775199, 3.9946221762065646, 3.9322067061557044, 3.935036064703253, 3.879663044893289, 3.8993880567671377, 3.840203677551656, 3.838759331763545, 3.8795018528081195, 3.806537069851839, 3.857562382009965, 3.797362255144723, 3.7823257446289062, 3.8003479046157644, 3.816760186907611, 3.7575404674192017, 3.7720769145820716, 3.762188024158719, 3.745872047883046, 3.7229214680345755, 3.6931683504128756, 3.6789132009578656, 3.6485390180273902, 3.676298624352564, 3.6576675704762907, 3.630053299891798, 3.614465562603142, 3.5952911769287494, 3.6440095810950557, 3.618937504442432, 3.578785851031919, 3.5722547181044955, 3.547679928284657, 3.536043562466585, 3.5324643654159353, 3.5552878862694848, 3.5467619352702853, 3.531487863275069, 3.48516680319098, 3.5085485283332534, 3.500718844087818, 3.4685945027991187, 3.480037794837469, 3.4751088166538673, 3.449366331100464, 3.442620657667329, 3.459494961967951, 3.4256030094774466, 3.4181015823460834, 3.4015804212304612, 3.374681412419186, 3.3643758960917025, 3.3761424233641804, 3.375235768813121, 3.358044657526137, 3.3490218663517433, 3.348760577696788, 3.340052456795415, 3.3364737214921396, 3.326268247411221, 3.31047735938543, 3.329198595843738, 3.315722688843932, 3.3132830360267738, 3.329550936252256, 3.3041232839415344, 3.283286239527449, 3.282579811313484, 3.290147023864939, 3.291744214069994, 3.2822719314430335, 3.2825829318807096, 3.2653765738764897, 3.2626613091818895, 3.2668090047715586, 3.2660433219957956, 3.257437736173219, 3.249632141258143, 3.2483760193933415, 3.2584639500968064, 3.2609456611585013, 3.252541517909569, 3.246254350565657, 3.2455976431882836, 3.2415794601923302, 3.2385579030725022, 3.235083688663531, 3.2340594333938406, 3.235042143471633, 3.2266630070118962, 3.231674299964422, 3.228338811970964, 3.2275412867340862, 3.2316226204739342, 3.2211013866376272, 3.2207568235035184, 3.2166837559470647, 3.2094681232790405, 3.2125473324256606, 3.210338320913194, 3.213526903828488, 3.213219461561758, 3.2089891312997554, 3.20757665513437, 3.205854953089847, 3.20755507976194, 3.2092773853978023, 3.203333896926687, 3.2031620454184617, 3.2032621721678143, 3.2006642033782184, 3.196475249302538, 3.1977738760694674, 3.194507776936398, 3.1966684951057918, 3.1955997823159907, 3.2001940721197975, 3.2014517331425147, 3.1976012398925007, 3.196227945858919, 3.191374715370468, 3.196398252173315, 3.1945292134828205, 3.197268935698497, 3.1938366739055777, 3.192378970641124, 3.192366642288015, 3.1943772020219248, 3.190096079548703, 3.1937025679817683, 3.1940085555933697, 3.190520938438705, 3.1942457066306584, 3.193653885322281, 3.1945769032345543, 3.1916831082935575, 3.1934422299831726, 3.190827375725855, 3.1920926661431035, 3.190937081469765, 3.194548202466361, 3.1926192875149884, 3.1947345673283443, 3.1930527445636216]}, "valid": {"acc": [0.534375, 0.66875, 0.621875, 0.71875, 0.7171875, 0.6984375, 0.740625, 0.684375, 0.7609375, 0.7546875, 0.775, 0.7890625, 0.7703125, 0.7765625, 0.7375, 0.778125, 0.7953125, 0.79375, 0.7640625, 0.7796875, 0.775, 0.7515625, 0.7859375, 0.7875, 0.7921875, 0.7859375, 0.79375, 0.809375, 0.771875, 0.7484375, 0.79375, 0.78125, 0.78125, 0.821875, 0.709375, 0.7984375, 0.79375, 0.8, 0.8, 0.790625, 0.784375, 0.8171875, 0.7765625, 0.8046875, 0.790625, 0.79375, 0.7765625, 0.8046875, 0.78125, 0.7921875, 0.78125, 0.8015625, 0.796875, 0.796875, 0.796875, 0.7734375, 0.7984375, 0.796875, 0.7859375, 0.809375, 0.796875, 0.80625, 0.790625, 0.8140625, 0.8140625, 0.8, 0.8109375, 0.8078125, 0.8, 0.809375, 0.80625, 0.796875, 0.809375, 0.8078125, 0.7953125, 0.7953125, 0.803125, 0.7984375, 0.803125, 0.8, 0.815625, 0.8078125, 0.8015625, 0.80625, 0.7953125, 0.7984375, 0.7953125, 0.8, 0.790625, 0.8125, 0.796875, 0.7875, 0.790625, 0.809375, 0.7984375, 0.78125, 0.7921875, 0.7921875, 0.8015625, 0.79375, 0.79375, 0.796875, 0.796875, 0.7953125, 0.80625, 0.8, 0.8015625, 0.803125, 0.815625, 0.8109375, 0.8046875, 0.8078125, 0.803125, 0.8078125, 0.8046875, 0.803125, 0.8, 0.7984375, 0.7984375, 0.7953125, 0.796875, 0.796875, 0.79375, 0.8, 0.7921875, 0.796875, 0.796875, 0.8, 0.796875, 0.7984375, 0.8015625, 0.8109375, 0.8015625, 0.803125, 0.8015625, 0.80625, 0.80625, 0.803125, 0.7953125, 0.803125, 0.8015625, 0.8, 0.803125, 0.8, 0.803125, 0.803125, 0.8, 0.80625, 0.8046875, 0.8],