{"precision": 0.5657124446948725, "recall": 0.5752623372786319, "f1-score": 0.5436715344017894, "auc": 0.3275736452425961}