{"train": {"acc": [0.5626953125, 0.6623046875, 0.694921875, 0.7005859375, 0.7201171875, 0.720703125, 0.7345703125, 0.751953125, 0.7380859375, 0.7611328125, 0.76875, 0.753515625, 0.7615234375, 0.769921875, 0.75625, 0.767578125, 0.7646484375, 0.765625, 0.7654296875, 0.7591796875, 0.783203125, 0.7919921875, 0.793359375, 0.7861328125, 0.7861328125, 0.8005859375, 0.794921875, 0.7810546875, 0.803515625, 0.8107421875, 0.812890625, 0.8029296875, 0.807421875, 0.8126953125, 0.814453125, 0.819921875, 0.8109375, 0.8103515625, 0.8197265625, 0.8158203125, 0.8208984375, 0.8205078125, 0.8115234375, 0.818359375, 0.8306640625, 0.82578125, 0.8359375, 0.8337890625, 0.8296875, 0.8353515625, 0.8388671875, 0.8341796875, 0.8521484375, 0.8376953125, 0.8388671875, 0.84921875, 0.8517578125, 0.860546875, 0.8509765625, 0.8552734375, 0.8572265625, 0.8560546875, 0.866015625, 0.8615234375, 0.864453125, 0.87109375, 0.8748046875, 0.8669921875, 0.877734375, 0.876171875, 0.87734375, 0.8822265625, 0.8755859375, 0.8876953125, 0.8888671875, 0.892578125, 0.89296875, 0.8974609375, 0.8935546875, 0.8931640625, 0.902734375, 0.9017578125, 0.8994140625, 0.898828125, 0.9052734375, 0.9033203125, 0.906640625, 0.911328125, 0.9076171875, 0.9126953125, 0.9140625, 0.913671875, 0.9158203125, 0.9166015625, 0.918359375, 0.919140625, 0.9205078125, 0.919140625, 0.9203125, 0.92265625, 0.921875, 0.9224609375, 0.921484375, 0.922265625, 0.923828125, 0.924609375, 0.92578125, 0.9232421875, 0.9265625, 0.92421875, 0.92890625, 0.928515625, 0.9294921875, 0.9287109375, 0.9306640625, 0.9291015625, 0.9294921875, 0.9306640625, 0.931640625, 0.9298828125, 0.9314453125, 0.9310546875, 0.9314453125, 0.9310546875, 0.931640625, 0.9322265625, 0.932421875, 0.933203125, 0.9333984375, 0.934375, 0.93359375, 0.933203125, 0.9341796875, 0.9345703125, 0.9326171875, 0.9330078125, 0.93359375, 0.935546875, 0.9353515625, 0.9345703125, 0.934375, 0.93359375, 0.934375, 0.9353515625, 0.9345703125, 0.93515625, 0.9341796875, 0.934375, 0.9341796875, 0.9345703125], "loss": [2.535570787478097, 2.3536451919169368, 2.3027725672420067, 2.2912261818028705, 2.2617580226705045, 2.261773498752449, 2.23604186577133, 2.2072685293004484, 2.230581491808348, 2.1962199422377573, 2.180700529979754, 2.208136970483804, 2.1941929527475863, 2.177500982827778, 2.2019273963155626, 2.185714883140371, 2.188615919668463, 2.1859178331833853, 2.188272770447067, 2.1987098002735572, 2.156820980808403, 2.1439953016329416, 2.139160900176326, 2.1511771045153654, 2.1539130120337764, 2.1291218996047974, 2.1394287589230117, 2.162415813796128, 2.1261339730854276, 2.1125461693051495, 2.1103778066514414, 2.1250120823896386, 2.117734605752969, 2.11086674732498, 2.106705387936363, 2.0974627582332754, 2.1133348157134235, 2.113465001311483, 2.09831443164922, 2.1032006136978727, 2.0962861006772973, 2.0964876141729234, 2.1111007445975196, 2.0981718452670908, 2.080577470079253, 2.087220632577244, 2.07186251350596, 2.0751731606978403, 2.080172092099733, 2.0710148766070984, 2.0640145449698726, 2.075000566772268, 2.0451456202736384, 2.068027336386186, 2.067651139029974, 2.049269944806642, 2.0451024997083445, 2.0304618726802777, 2.0460647616205336, 2.0402424561826487, 2.0365529135812688, 2.0365630810773827, 2.024343836156628, 2.027658445925652, 2.0240015078194533, 2.0118893309484553, 2.008141747003869, 2.020929498008535, 2.003258432014079, 2.004659898673432, 2.001826874817474, 1.9952464164057864, 2.003837262527852, 1.9868899282020858, 1.9849152444284173, 1.978363504892663, 1.9772971687437613, 1.970836523212964, 1.97625015053568, 1.9754119477694547, 1.9619137803210487, 1.9629575391358967, 1.966679139982296, 1.9671845451185974, 1.9571236221096184, 1.9589231074610842, 1.9549490952793556, 1.9462956476815139, 1.9525064803376984, 1.9449932771393015, 1.9432522812976112, 1.9428073047082635, 1.9405638975433157, 1.9389684230466433, 1.9358718365053587, 1.9346116509618638, 1.9319219287437728, 1.9333443279507794, 1.9325410867039161, 1.928113216086279, 1.9302441138255446, 1.9287063366250148, 1.9298114595533926, 1.9297142255155346, 1.9257512349116652, 1.9249970897843567, 1.9234461497656907, 1.927131396305712, 1.9222958389716813, 1.925044981739189, 1.9189419354064554, 1.9184889219984222, 1.9176802982257892, 1.9179640887658806, 1.915905397149581, 1.9175839197786548, 1.9178257290321061, 1.9153968774819676, 1.9132774419422391, 1.9165258105797103, 1.9139599860468997, 1.9141295574888397, 1.9137815010698536, 1.9138729979720297, 1.9126861517942404, 1.9125978750518606, 1.9120216626155226, 1.9111233074453813, 1.9104950126213363, 1.9087322799465325, 1.91027211539353, 1.9108102985575228, 1.909389373622363, 1.908342637593233, 1.9121603528155555, 1.9110140015807333, 1.9103749779206287, 1.9076640439938894, 1.907348169556147, 1.9084086931204494, 1.9095245705375188, 1.909795409516443, 1.9091058818599846, 1.9072215572188171, 1.9092365382592889, 1.9083102654807176, 1.9087862229045434, 1.908464464960219, 1.9092845599862593, 1.908888937551764]}, "valid": {"acc": [0.4703125, 0.6421875, 0.70625, 0.7, 0.6890625, 0.6375, 0.659375, 0.6984375, 0.7375, 0.7390625, 0.7421875, 0.7296875, 0.74375, 0.71875, 0.7484375, 0.7671875, 0.68125, 0.75, 0.7171875, 0.7015625, 0.74375, 0.7703125, 0.7078125, 0.76875, 0.771875, 0.75625, 0.75, 0.7609375, 0.775, 0.7796875, 0.7828125, 0.7703125, 0.7875, 0.7671875, 0.8, 0.7859375, 0.76875, 0.7859375, 0.7875, 0.759375, 0.771875, 0.7390625, 0.775, 0.7875, 0.796875, 0.778125, 0.7921875, 0.778125, 0.753125, 0.78125, 0.7796875, 0.7921875, 0.7828125, 0.7796875, 0.8015625, 0.7921875, 0.7875, 0.784375, 0.8015625, 0.7875, 0.790625, 0.7984375, 0.7796875, 0.7921875, 0.80625, 0.796875, 0.80625, 0.784375, 0.796875, 0.8, 0.7953125, 0.7953125, 0.7828125, 0.790625, 0.7984375, 0.8046875, 0.803125, 0.8, 0.796875, 0.790625, 0.8015625, 0.80625, 0.7921875, 0.8, 0.7890625, 0.7890625, 0.7875, 0.7921875, 0.7890625, 0.7953125, 0.7765625, 0.7984375, 0.7890625, 0.7953125, 0.790625, 0.815625, 0.8, 0.7953125, 0.796875, 0.796875, 0.7953125, 0.8078125, 0.7875, 0.80625, 0.8109375, 0.8015625, 0.8078125, 0.79375, 0.8, 0.8015625, 0.80625, 0.809375, 0.8, 0.8015625, 0.8046875, 0.803125, 0.8078125, 0.803125, 0.7953125, 0.803125, 0.7984375, 0.7984375, 0.803125, 0.8046875, 0.803125, 0.8046875, 0.803125, 0.8046875, 0.8015625, 0.803125, 0.80625, 0.796875, 0.80625, 0.8046875, 0.8140625, 0.80625, 0.80625, 0.80625, 0.8078125, 0.8046875, 0.8, 0.8046875, 0.809375, 0.803125, 0.8015625, 0.80625, 0.80625, 0.803125, 0.7984375, 0.803125],