{"precision": 0.726211151106959, "recall": 0.6804740872552739, "f1-score": 0.6954227205666665, "auc": 0.19082736339373507}