{"train": {"acc": [0.5404296875, 0.68515625, 0.7216796875, 0.7501953125, 0.7708984375, 0.7755859375, 0.7970703125, 0.8025390625, 0.812890625, 0.820703125, 0.830859375, 0.832421875, 0.836328125, 0.8404296875, 0.85390625, 0.8529296875, 0.8650390625, 0.862109375, 0.8701171875, 0.871484375, 0.8787109375, 0.884375, 0.88984375, 0.888671875, 0.8919921875, 0.8900390625, 0.90390625, 0.9119140625, 0.9146484375, 0.919140625, 0.9162109375, 0.9162109375, 0.9185546875, 0.926171875, 0.9279296875, 0.923828125, 0.920703125, 0.9279296875, 0.929296875, 0.9314453125, 0.9333984375, 0.9326171875, 0.9341796875, 0.9400390625, 0.9400390625, 0.9427734375, 0.943359375, 0.93984375, 0.944921875, 0.944140625, 0.9451171875, 0.939453125, 0.9419921875, 0.946875, 0.9453125, 0.94921875, 0.949609375, 0.9443359375, 0.947265625, 0.9490234375, 0.953515625, 0.955859375, 0.9544921875, 0.954296875, 0.955078125, 0.954296875, 0.951953125, 0.95703125, 0.95546875, 0.956640625, 0.9595703125, 0.9623046875, 0.9611328125, 0.9599609375, 0.961328125, 0.9609375, 0.9625, 0.9615234375, 0.96171875, 0.96484375, 0.9642578125, 0.9658203125, 0.965625, 0.965625, 0.9669921875, 0.966796875, 0.9666015625, 0.9677734375, 0.9669921875, 0.9669921875, 0.969140625, 0.968359375, 0.96875, 0.968359375, 0.9693359375, 0.96875, 0.9685546875, 0.9701171875, 0.969140625, 0.9703125, 0.969921875, 0.969140625, 0.969921875, 0.96953125, 0.9705078125, 0.9703125, 0.9716796875, 0.9712890625, 0.97109375, 0.970703125, 0.9712890625, 0.9724609375, 0.97265625, 0.9720703125, 0.9724609375, 0.972265625, 0.973046875, 0.97265625, 0.972265625, 0.9720703125, 0.9720703125, 0.973046875, 0.973046875, 0.9736328125, 0.973046875, 0.97265625, 0.9736328125, 0.9724609375, 0.9728515625, 0.972265625, 0.9736328125, 0.9732421875, 0.9728515625, 0.9728515625, 0.9732421875, 0.973046875, 0.9734375, 0.9732421875, 0.973046875, 0.9732421875, 0.9728515625, 0.9732421875, 0.9732421875, 0.973046875, 0.973046875, 0.9734375, 0.973046875, 0.973046875, 0.9734375, 0.9724609375], "loss": [3.9967240683640104, 3.498276227637182, 3.3951150193999085, 3.3013920633098746, 3.2440573776824566, 3.223303393472599, 3.157324537446227, 3.147758332988884, 3.1120220437834534, 3.089295987841449, 3.055739985236639, 3.0514850948430317, 3.039993427976777, 3.0300134194048147, 2.9927036188825777, 2.993477788152574, 2.9532284374478497, 2.963787407814702, 2.9451926388318026, 2.933870964412448, 2.9118845251542105, 2.89808140525335, 2.8832986294468745, 2.883780868747566, 2.874291754976104, 2.8758261535741108, 2.8398602220076548, 2.811563654790951, 2.805434498605849, 2.793996829020826, 2.799337655683107, 2.7997932464261597, 2.7965752052355417, 2.774088207679459, 2.766707468636428, 2.7774844320514536, 2.7871066588389724, 2.7633889898469177, 2.7593420125261137, 2.753614256653605, 2.749388640439963, 2.7470845964890493, 2.747585842881022, 2.7295591740668574, 2.726730343661731, 2.7182961144024813, 2.717189939716194, 2.7277663689625413, 2.713622784312767, 2.7162291792374624, 2.712016120741639, 2.7307732407050795, 2.721164902554283, 2.7080638137044786, 2.7111522457267663, 2.7007988585701472, 2.6977069106283067, 2.712170555621763, 2.7071312590490413, 2.701192744170563, 2.6864953886104534, 2.679072796543942, 2.6847205433664443, 2.68409899216664, 2.682892606228213, 2.682426509977896, 2.689169102077243, 2.6780918248092074, 2.6809004771558542, 2.6769055444982985, 2.668336056455781, 2.6603265472605258, 2.662178413777412, 2.6662528665759897, 2.6633327942860276, 2.6631257171872296, 2.658919415896452, 2.661792637426642, 2.6604314604892005, 2.652490760706648, 2.6533113280429115, 2.648981411245805, 2.648209849490395, 2.6484990904602825, 2.645647749116149, 2.644239950783645, 2.646542606474478, 2.6436264605461797, 2.6450515095191665, 2.6451004366331463, 2.6388029267516315, 2.6414357137076463, 2.6401660623429697, 2.641600545448593, 2.6382231259647804, 2.638476338567613, 2.640128736254535, 2.6359766404840013, 2.6378752098807805, 2.6340199120437044, 2.6352382068392597, 2.6375064246262174, 2.635495152654527, 2.637820286086843, 2.6341552070424528, 2.634843092930468, 2.630607206610185, 2.6311162272586097, 2.632198297524754, 2.632781713823729, 2.6318702848651743, 2.6271338100674786, 2.6280211044263235, 2.6289299077625516, 2.628960183904141, 2.6283342325234713, 2.626589228835287, 2.627328685567349, 2.628190677377242, 2.628431706488887, 2.628823020790197, 2.6259375191942045, 2.626186874848378, 2.6247854836379427, 2.626358922523788, 2.6271570543699627, 2.62461224990555, 2.6268431084065496, 2.626657256597205, 2.6276819494706167, 2.6243991881986206, 2.6260567375376254, 2.626970221724691, 2.6262070227272902, 2.6251104632510414, 2.6261092439482483, 2.6250274815136874, 2.6251440048217773, 2.6263133785392663, 2.6252949358541753, 2.626166385940359, 2.6257763814322557, 2.6251940123642545, 2.6262367496007606, 2.6261258336562143, 2.6245174317420283, 2.626263431355923, 2.626015642021276, 2.6252339308774926, 2.627214845222763]}, "valid": {"acc": [0.621875, 0.7, 0.7125, 0.7359375, 0.7390625, 0.74375, 0.746875, 0.7421875, 0.7609375, 0.7625, 0.740625, 0.771875, 0.7390625, 0.7828125, 0.7546875, 0.7890625, 0.778125, 0.75625, 0.79375, 0.7625, 0.7421875, 0.7828125, 0.78125, 0.7875, 0.771875, 0.7703125, 0.775, 0.7703125, 0.790625, 0.7796875, 0.784375, 0.7734375, 0.7703125, 0.7734375, 0.784375, 0.7703125, 0.775, 0.784375, 0.7828125, 0.7703125, 0.765625, 0.803125, 0.7875, 0.7859375, 0.7921875, 0.803125, 0.7859375, 0.7859375, 0.7796875, 0.7796875, 0.8046875, 0.809375, 0.7921875, 0.796875, 0.7859375, 0.79375, 0.7875, 0.8015625, 0.771875, 0.79375, 0.790625, 0.803125, 0.8, 0.8078125, 0.8015625, 0.8046875, 0.7765625, 0.7984375, 0.7953125, 0.803125, 0.803125, 0.796875, 0.8125, 0.7984375, 0.7953125, 0.7890625, 0.803125, 0.7953125, 0.7828125, 0.803125, 0.821875, 0.828125, 0.81875, 0.809375, 0.8078125, 0.8078125, 0.8015625, 0.821875, 0.8015625, 0.803125, 0.8046875, 0.803125, 0.790625, 0.8, 0.803125, 0.7921875, 0.796875, 0.79375, 0.7921875, 0.796875, 0.8015625, 0.8015625, 0.7921875, 0.8, 0.803125, 0.796875, 0.7984375, 0.7984375, 0.8, 0.796875, 0.8015625, 0.803125, 0.8015625, 0.803125, 0.8109375, 0.8125, 0.8125, 0.809375, 0.809375, 0.8046875, 0.8078125, 0.8078125, 0.8109375, 0.815625, 0.81875, 0.8109375, 0.8125, 0.815625, 0.815625, 0.8125, 0.8140625, 0.81875, 0.8125, 0.8171875, 0.8171875, 0.8140625, 0.8140625, 0.8234375, 0.81875, 0.8203125, 0.81875, 0.81875, 0.8171875, 0.815625, 0.815625, 0.81875, 0.815625, 0.81875, 0.8125, 0.8171875],