{"train": {"acc": [0.554296875, 0.6900390625, 0.723828125, 0.743359375, 0.7615234375, 0.7673828125, 0.7826171875, 0.7908203125, 0.79921875, 0.809765625, 0.819140625, 0.8271484375, 0.834375, 0.845703125, 0.8416015625, 0.8494140625, 0.8533203125, 0.852734375, 0.8583984375, 0.86875, 0.8724609375, 0.8775390625, 0.878515625, 0.88125, 0.8826171875, 0.8833984375, 0.8970703125, 0.8990234375, 0.9029296875, 0.9048828125, 0.9103515625, 0.9091796875, 0.9013671875, 0.9095703125, 0.9107421875, 0.9087890625, 0.9166015625, 0.922265625, 0.9244140625, 0.919921875, 0.9240234375, 0.9251953125, 0.927734375, 0.9267578125, 0.932421875, 0.93125, 0.933203125, 0.937890625, 0.941796875, 0.936328125, 0.940625, 0.9431640625, 0.9421875, 0.940234375, 0.9443359375, 0.943359375, 0.9427734375, 0.9455078125, 0.946875, 0.946875, 0.948046875, 0.946875, 0.9486328125, 0.9482421875, 0.9455078125, 0.9509765625, 0.952734375, 0.9525390625, 0.95078125, 0.9505859375, 0.95546875, 0.9546875, 0.9548828125, 0.9548828125, 0.95546875, 0.9546875, 0.957421875, 0.9556640625, 0.9552734375, 0.9578125, 0.9556640625, 0.958984375, 0.9583984375, 0.960546875, 0.958203125, 0.9609375, 0.9595703125, 0.9609375, 0.9615234375, 0.9607421875, 0.961328125, 0.962890625, 0.962890625, 0.9634765625, 0.9609375, 0.9619140625, 0.9634765625, 0.963671875, 0.9646484375, 0.9630859375, 0.9654296875, 0.9650390625, 0.96484375, 0.9673828125, 0.96640625, 0.9673828125, 0.9671875, 0.9669921875, 0.96796875, 0.9673828125, 0.9693359375, 0.96875, 0.968359375, 0.9689453125, 0.9693359375, 0.9701171875, 0.9705078125, 0.970703125, 0.9703125, 0.969921875, 0.970703125, 0.9716796875, 0.9708984375, 0.971484375, 0.9708984375, 0.9716796875, 0.9708984375, 0.9712890625, 0.9716796875, 0.97109375, 0.9716796875, 0.9716796875, 0.9716796875, 0.9712890625, 0.97109375, 0.97265625, 0.972265625, 0.9712890625, 0.9720703125, 0.9720703125, 0.9720703125, 0.9724609375, 0.97265625, 0.9720703125, 0.9716796875, 0.971875, 0.9724609375, 0.9724609375, 0.97265625, 0.972265625], "loss": [3.957563976698284, 3.487437948395934, 3.3862702725808833, 3.3192981828617145, 3.2782351397260836, 3.251474528373042, 3.205356356463855, 3.178490210183059, 3.156363025496278, 3.1242865399469304, 3.0910278634179997, 3.0705550079104267, 3.0481117646905442, 3.0155325267888324, 3.0285021172294133, 3.0037958984133564, 2.993039254900775, 2.9890222458899776, 2.9719167630883714, 2.9428854049006596, 2.9337162428264376, 2.921429018431072, 2.9132636800596985, 2.9096182901648024, 2.9030595037001596, 2.9004719891125643, 2.860891843143898, 2.854990053780471, 2.8431251592273954, 2.834222899207586, 2.823244731637496, 2.8219868623757662, 2.8455639277832416, 2.8225547211079656, 2.8154715224157405, 2.8208835124969482, 2.8015311941315857, 2.7831241330014, 2.7749873445003845, 2.7911360354363164, 2.776592791834964, 2.7728559337084806, 2.765073969394346, 2.7649372770816467, 2.749937437757661, 2.7539913261993023, 2.747047596339938, 2.7357242439366596, 2.7232600827760334, 2.739178989506975, 2.725801606721516, 2.720379500449458, 2.7213727311242986, 2.726616572730149, 2.713959959488881, 2.717876041991801, 2.718777623357652, 2.7143871059900597, 2.7076578894747962, 2.7072747296924833, 2.7041227274303195, 2.70670881150644, 2.702811730058887, 2.704131352750561, 2.709118314936191, 2.694313882272455, 2.688934063609642, 2.6893721803834167, 2.69632593589493, 2.69618330424345, 2.6811313749868657, 2.6827448259426068, 2.6817346494409104, 2.6834992426860182, 2.680706558348257, 2.6819805012473577, 2.676453204094609, 2.6791513388669945, 2.6805570035041133, 2.6742649923397015, 2.6784331134602994, 2.670221455489533, 2.6712024000626577, 2.666823818713804, 2.671637969680979, 2.662954508503781, 2.665845152697986, 2.6635166301002986, 2.6618308870098257, 2.6636751241321805, 2.6610017366047147, 2.6579308389108394, 2.6582677605785903, 2.65613150294823, 2.6626494806024095, 2.659475317484216, 2.654686351365681, 2.654500731939002, 2.652536941480033, 2.656590977801552, 2.649520958526225, 2.6517430679707585, 2.6499869793276245, 2.643714231780813, 2.646103901199148, 2.643990577021732, 2.644229777251618, 2.643913015534606, 2.6411400656156903, 2.6432237776019907, 2.6372589250154133, 2.639674917052064, 2.640926973729194, 2.6386760669418527, 2.6375875533381596, 2.6358979019937636, 2.6337412610838684, 2.6336106288282175, 2.634853776497177, 2.635537772239009, 2.6341695634624624, 2.6306996405879155, 2.6323790972745873, 2.6314213788962064, 2.6331351557864418, 2.6307100917719586, 2.632186098943783, 2.6305807512017747, 2.6303029271620737, 2.632442290269876, 2.630067034612728, 2.6297360643555847, 2.6305489932434467, 2.630782429176041, 2.631387448009056, 2.6274166771128207, 2.6280525123016742, 2.630488902707643, 2.629120968565156, 2.6295329106004934, 2.6287477408783344, 2.628050897694841, 2.6269819676121577, 2.6288107045089144, 2.6294215117828754, 2.6286802352229253, 2.6280293042146705, 2.627597974825509, 2.6274095094656644, 2.6280258758158626]}, "valid": {"acc": [0.63125, 0.6796875, 0.64375, 0.7265625, 0.75, 0.74375, 0.7484375, 0.7484375, 0.7671875, 0.75625, 0.7515625, 0.7640625, 0.7421875, 0.7796875, 0.73125, 0.771875, 0.75, 0.778125, 0.7859375, 0.7625, 0.7671875, 0.778125, 0.7953125, 0.7796875, 0.796875, 0.7640625, 0.778125, 0.7875, 0.7859375, 0.7671875, 0.7953125, 0.775, 0.7859375, 0.79375, 0.778125, 0.79375, 0.7875, 0.8, 0.7890625, 0.80625, 0.7859375, 0.75625, 0.771875, 0.78125, 0.796875, 0.7984375, 0.796875, 0.8078125, 0.8078125, 0.7953125, 0.7953125, 0.80625, 0.790625, 0.7984375, 0.7890625, 0.8015625, 0.803125, 0.790625, 0.79375, 0.803125, 0.8046875, 0.7890625, 0.80625, 0.7859375, 0.80625, 0.821875, 0.81875, 0.79375, 0.7875, 0.7921875, 0.79375, 0.8046875, 0.8078125, 0.79375, 0.7984375, 0.796875, 0.8015625, 0.790625, 0.8125, 0.8046875, 0.80625, 0.8140625, 0.7921875, 0.8046875, 0.8078125, 0.809375, 0.8, 0.80625, 0.8140625, 0.8046875, 0.809375, 0.803125, 0.8046875, 0.8015625, 0.8015625, 0.8, 0.80625, 0.8046875, 0.8125, 0.8078125, 0.7953125, 0.815625, 0.80625, 0.809375, 0.815625, 0.809375, 0.809375, 0.8203125, 0.8078125, 0.8109375, 0.8125, 0.81875, 0.8203125, 0.80625, 0.809375, 0.8015625, 0.803125, 0.809375, 0.809375, 0.8125, 0.8046875, 0.8078125, 0.8046875, 0.8078125, 0.8140625, 0.8046875, 0.809375, 0.7984375, 0.8046875, 0.809375, 0.809375, 0.80625, 0.8078125, 0.8109375, 0.8140625, 0.8109375, 0.8125, 0.8140625, 0.8140625, 0.815625, 0.809375, 0.815625, 0.815625, 0.8125, 0.8140625, 0.8171875, 0.815625, 0.815625, 0.8125, 0.809375],