{"precision": 0.7179873499205687, "recall": 0.6720389282503954, "f1-score": 0.6869245258983481, "auc": 0.14646251814393407}