{"train": {"acc": [0.5255859375, 0.612890625, 0.6658203125, 0.67265625, 0.7103515625, 0.730859375, 0.73984375, 0.7466796875, 0.7625, 0.758203125, 0.7716796875, 0.772265625, 0.7638671875, 0.7787109375, 0.7796875, 0.7765625, 0.77890625, 0.7892578125, 0.775, 0.785546875, 0.784765625, 0.7845703125, 0.7859375, 0.7994140625, 0.801953125, 0.8, 0.7955078125, 0.81015625, 0.8087890625, 0.797265625, 0.798046875, 0.7974609375, 0.811328125, 0.808984375, 0.816796875, 0.8119140625, 0.8091796875, 0.821484375, 0.8244140625, 0.8326171875, 0.830859375, 0.841796875, 0.8447265625, 0.846484375, 0.8345703125, 0.84453125, 0.8515625, 0.85078125, 0.8580078125, 0.8576171875, 0.85703125, 0.858203125, 0.866015625, 0.8681640625, 0.86953125, 0.871875, 0.868359375, 0.8689453125, 0.877734375, 0.880078125, 0.8783203125, 0.8822265625, 0.88671875, 0.8892578125, 0.8873046875, 0.8888671875, 0.8951171875, 0.8970703125, 0.893359375, 0.898828125, 0.900390625, 0.9064453125, 0.9037109375, 0.90859375, 0.9046875, 0.9123046875, 0.916796875, 0.9158203125, 0.918359375, 0.916796875, 0.9171875, 0.9203125, 0.9244140625, 0.92265625, 0.9212890625, 0.9224609375, 0.922265625, 0.9259765625, 0.926953125, 0.9271484375, 0.92578125, 0.9283203125, 0.93046875, 0.9310546875, 0.9306640625, 0.9310546875, 0.9328125, 0.9330078125, 0.934375, 0.93515625, 0.9353515625, 0.9361328125, 0.93671875, 0.937109375, 0.93515625, 0.937109375, 0.9369140625, 0.9361328125, 0.937109375, 0.9376953125, 0.9361328125, 0.9375, 0.937890625, 0.9384765625, 0.9390625, 0.9396484375, 0.9396484375, 0.9400390625, 0.93984375, 0.9388671875, 0.93984375, 0.9408203125, 0.93984375, 0.940234375, 0.94140625, 0.9408203125, 0.941015625, 0.941796875, 0.94140625, 0.94140625, 0.9431640625, 0.9423828125, 0.942578125, 0.941015625, 0.942578125, 0.9421875, 0.9427734375, 0.94296875, 0.9427734375, 0.943359375, 0.94375, 0.94296875, 0.94296875, 0.94296875, 0.9439453125, 0.943359375, 0.9431640625, 0.9421875, 0.9431640625, 0.9427734375], "loss": [1.8796671885478347, 1.7785009719148468, 1.7255095364172248, 1.7185879553420633, 1.681889288033111, 1.6605003015904487, 1.6506025745898862, 1.644606676282762, 1.6290270648425138, 1.6330459932737713, 1.620240944850294, 1.6184457404704033, 1.6270720717273182, 1.612526077258436, 1.6126955973951123, 1.6148475484002995, 1.6117950858949106, 1.6027669318114655, 1.6160455232934108, 1.6059976167316679, 1.6036034445219403, 1.6077486005010484, 1.6056263552436345, 1.5924268659157088, 1.5887812089316453, 1.5926426815081247, 1.5949688953689383, 1.5813295041458517, 1.5824256079106391, 1.594163278990154, 1.593408525744571, 1.593850258030469, 1.5808108290539513, 1.5817879317682, 1.5731694275819803, 1.5780574988715257, 1.581292328955252, 1.5702316036707238, 1.5660551409178143, 1.55892911892903, 1.5591619980486133, 1.5477949335605283, 1.5457023201109488, 1.5452503192273876, 1.5554148803783368, 1.5464200671715072, 1.538382463817355, 1.539945644668386, 1.53342834907242, 1.5322774754294866, 1.5338533814949324, 1.5323245419731624, 1.5251728975320165, 1.5232404485533508, 1.521272464643551, 1.5190781128557422, 1.5229975211469433, 1.521569952180114, 1.5135970704163177, 1.5105817453770698, 1.512122302115718, 1.5085224411155604, 1.5036136666430702, 1.5016905944558638, 1.5032950156851659, 1.5016095638275146, 1.4958040035223659, 1.4939035750642609, 1.4971318516550185, 1.4918458974814113, 1.4893306373040887, 1.4841974173920065, 1.4863875727110272, 1.4821521692638155, 1.48562066917178, 1.4783193838747242, 1.4735686024533043, 1.4749130372759662, 1.4718310802797727, 1.4734647258927551, 1.4728946565072747, 1.4701396453229687, 1.4658999593952033, 1.4681945933571345, 1.4689504436299772, 1.4681129802631427, 1.467595538006553, 1.4644098085693167, 1.4638568479803544, 1.4625080295755892, 1.464454563358162, 1.462163425699065, 1.459799760504614, 1.4596066505094119, 1.4595338045796262, 1.4588626834410656, 1.4577521417714372, 1.4577854464325724, 1.4563362930394426, 1.4552442318276515, 1.4549890711337705, 1.4541878338101544, 1.4535253183751167, 1.453087957599495, 1.4553795962394038, 1.4530343451077425, 1.453389801556551, 1.4541103009936176, 1.4526398483710954, 1.4526607839367058, 1.453611532344094, 1.4522027335589445, 1.4520165135588827, 1.451269797131985, 1.4515270507788356, 1.4507416034046607, 1.450337325470357, 1.450547357148762, 1.4499187167686751, 1.451083290426037, 1.4501645263237288, 1.4491239152377164, 1.4500662254381784, 1.449612545061715, 1.4491461485247068, 1.4489704566665842, 1.4490962481196923, 1.4483880287484279, 1.4484584920014008, 1.4486128408697587, 1.4468661290180833, 1.4474481434761723, 1.4472391363940662, 1.448775187323365, 1.4473637508440622, 1.4478957622866087, 1.447302745867379, 1.4470075021816204, 1.447147647036782, 1.4466104477266721, 1.4462284091152722, 1.446991983848282, 1.4470797384841532, 1.447199436682689, 1.4463172381437277, 1.4465666119056413, 1.4465254696109626, 1.4475906015951423, 1.446740989443622, 1.447077088718173]}, "valid": {"acc": [0.4296875, 0.4984375, 0.615625, 0.63125, 0.70625, 0.696875, 0.7515625, 0.7265625, 0.7359375, 0.7515625, 0.7609375, 0.7734375, 0.7484375, 0.7390625, 0.775, 0.71875, 0.765625, 0.7828125, 0.7328125, 0.753125, 0.7109375, 0.7484375, 0.76875, 0.7875, 0.79375, 0.7703125, 0.7703125, 0.775, 0.765625, 0.70625, 0.79375, 0.778125, 0.775, 0.7875, 0.7828125, 0.7796875, 0.7875, 0.784375, 0.7828125, 0.796875, 0.7765625, 0.79375, 0.784375, 0.775, 0.784375, 0.7890625, 0.796875, 0.8203125, 0.790625, 0.7984375, 0.7890625, 0.7890625, 0.8, 0.7875, 0.80625, 0.78125, 0.8015625, 0.7875, 0.7734375, 0.7984375, 0.7859375, 0.775, 0.8, 0.8109375, 0.80625, 0.79375, 0.8109375, 0.7984375, 0.79375, 0.7953125, 0.8140625, 0.8046875, 0.81875, 0.8109375, 0.7921875, 0.7984375, 0.7890625, 0.8171875, 0.796875, 0.809375, 0.80625, 0.815625, 0.8046875, 0.809375, 0.809375, 0.7921875, 0.8265625, 0.80625, 0.8140625, 0.803125, 0.80625, 0.8140625, 0.8171875, 0.815625, 0.809375, 0.8109375, 0.8109375, 0.8125, 0.8125, 0.8140625, 0.8203125, 0.8296875, 0.825, 0.81875, 0.8125, 0.8265625, 0.8234375, 0.8015625, 0.8125, 0.8203125, 0.8109375, 0.8203125, 0.815625, 0.815625, 0.809375, 0.7984375, 0.8046875, 0.803125, 0.803125, 0.8140625, 0.809375, 0.8140625, 0.8171875, 0.815625, 0.8171875, 0.815625, 0.815625, 0.8203125, 0.825, 0.8125, 0.81875, 0.8140625, 0.815625, 0.809375, 0.8125, 0.8140625, 0.80625, 0.8140625, 0.8140625, 0.8125, 0.8109375, 0.8109375, 0.821875, 0.809375, 0.81875, 0.8203125, 0.81875, 0.821875, 0.821875, 0.8171875],