{"precision": 0.5068320618992873, "recall": 0.5088703275251321, "f1-score": 0.506466595163898, "auc": 0.29356885330336663}