{"precision": 0.5215825593496058, "recall": 0.5210777623525888, "f1-score": 0.5181776064987356, "auc": 0.4166783724305848}