{"precision": 0.39364564531948565, "recall": 0.33432093066134305, "f1-score": 0.2864703668784207, "auc": 0.45034853497164457}