{"precision": 0.7193925814264515, "recall": 0.6670187107528878, "f1-score": 0.6831104655429489, "auc": 0.20918200121739944}