{"precision": 0.6900818975864995, "recall": 0.6556313681645487, "f1-score": 0.6642026514086297, "auc": 0.21475394484244043}