{"precision": 0.6321821568741974, "recall": 0.5898287850274672, "f1-score": 0.6003015763149572, "auc": 0.22674064709462938}