{"precision": 0.7446279825784449, "recall": 0.6857070422891455, "f1-score": 0.7035572405996198, "auc": 0.17119679730299198}