{"train": {"acc": [0.5455078125, 0.6552734375, 0.677734375, 0.724609375, 0.7314453125, 0.7595703125, 0.7541015625, 0.7568359375, 0.75625, 0.76875, 0.7625, 0.7802734375, 0.79375, 0.788671875, 0.80390625, 0.8015625, 0.8001953125, 0.8048828125, 0.813671875, 0.825390625, 0.8146484375, 0.8068359375, 0.8080078125, 0.8228515625, 0.8216796875, 0.8267578125, 0.83828125, 0.84453125, 0.8380859375, 0.836328125, 0.8431640625, 0.84296875, 0.8541015625, 0.8498046875, 0.85, 0.8669921875, 0.8546875, 0.8685546875, 0.8580078125, 0.8712890625, 0.8701171875, 0.8818359375, 0.8779296875, 0.8798828125, 0.8841796875, 0.8876953125, 0.884765625, 0.891015625, 0.8927734375, 0.894140625, 0.8876953125, 0.8958984375, 0.90078125, 0.9041015625, 0.9095703125, 0.907421875, 0.912109375, 0.916015625, 0.9177734375, 0.922265625, 0.9177734375, 0.921484375, 0.924609375, 0.9216796875, 0.9232421875, 0.92109375, 0.9298828125, 0.928515625, 0.9341796875, 0.9349609375, 0.932421875, 0.934765625, 0.93671875, 0.938671875, 0.9380859375, 0.9396484375, 0.9392578125, 0.941015625, 0.9423828125, 0.944140625, 0.9396484375, 0.9396484375, 0.9427734375, 0.94375, 0.943359375, 0.9455078125, 0.94765625, 0.946875, 0.9482421875, 0.9462890625, 0.9494140625, 0.9484375, 0.9494140625, 0.9505859375, 0.950390625, 0.951953125, 0.951953125, 0.9509765625, 0.9515625, 0.9525390625, 0.9525390625, 0.9541015625, 0.954296875, 0.9552734375, 0.9552734375, 0.9556640625, 0.9556640625, 0.95625, 0.9578125, 0.955078125, 0.9572265625, 0.9583984375, 0.9576171875, 0.956640625, 0.9587890625, 0.958984375, 0.959375, 0.959765625, 0.96015625, 0.960546875, 0.959765625, 0.961328125, 0.9607421875, 0.96015625, 0.9609375, 0.960546875, 0.960546875, 0.9591796875, 0.9609375, 0.9607421875, 0.96015625, 0.96015625, 0.9607421875, 0.9607421875, 0.9609375, 0.9611328125, 0.9611328125, 0.9611328125, 0.960546875, 0.961328125, 0.9603515625, 0.9611328125, 0.9609375, 0.9607421875, 0.9603515625, 0.9615234375, 0.9609375, 0.9609375, 0.9607421875, 0.9615234375], "loss": [4.908532885056507, 4.4334406098232995, 4.332277554499952, 4.14668508119221, 4.1311714287045636, 4.011004936845997, 4.028896262374105, 4.011831238299986, 4.017467613461651, 3.9714850504187087, 3.9940061599393433, 3.9148388965220393, 3.8681660573693772, 3.887344224543511, 3.829432315464261, 3.840826318233828, 3.836277994928481, 3.8238638352744188, 3.785114867777764, 3.7442065432101868, 3.78953053981443, 3.8185975823221328, 3.8044117492965506, 3.7461946191667, 3.7523170634161067, 3.725856693485115, 3.6907476684715173, 3.664388487610636, 3.6881905266001254, 3.6966598486598534, 3.6737361195721205, 3.663985750343226, 3.6227277653126775, 3.6404435151739967, 3.639298958114431, 3.5722348810751225, 3.6179674939264226, 3.565379136725317, 3.5977223191080214, 3.5538660604742507, 3.5580016570755197, 3.5095492707023137, 3.522318864170509, 3.514346901374527, 3.5039199334156663, 3.4872660304926617, 3.4927634800536724, 3.470456509650508, 3.4656695353833933, 3.4646685908112347, 3.4819154679020747, 3.4538228602349004, 3.4359920507744897, 3.418028348608862, 3.3965819274322895, 3.403874125661729, 3.3813455889496624, 3.3700467695163776, 3.3615522897696195, 3.344335462473616, 3.357233011269871, 3.3462013745609718, 3.3353612935995756, 3.3429611876041077, 3.340087712565555, 3.3508696465552608, 3.3118135174618493, 3.3192635276649574, 3.2963439543035964, 3.2918543513817125, 3.3026357934444763, 3.2916923052147973, 3.2848250201985807, 3.2778830558438843, 3.281481803218021, 3.272624767279323, 3.2730506432207327, 3.2680843268768696, 3.2609691951848285, 3.2523352647129493, 3.2713581308533874, 3.272057735467259, 3.261147954795934, 3.2563534990141663, 3.257321876815603, 3.2469951050190984, 3.240401907812191, 3.24173806588861, 3.2376094407673124, 3.2429063108902945, 3.2330550724947, 3.236834571331362, 3.231924902034711, 3.227097390573236, 3.2272733797000934, 3.2238842414904245, 3.2232437918457806, 3.2252059556260892, 3.2212556072428256, 3.220312900181058, 3.218203058725671, 3.213720237152486, 3.2119318624086017, 3.2067332328120366, 3.2064903687827195, 3.207458423662789, 3.2048697139643414, 3.204243804835066, 3.197890683065487, 3.207291032694563, 3.200043445901026, 3.194851024241387, 3.197657407084598, 3.2014956836459003, 3.19376374799994, 3.192156661914874, 3.190866271151772, 3.1894067601312566, 3.187278726432897, 3.187073792083354, 3.1894047863875765, 3.1834114171281644, 3.185292026664637, 3.187546060055117, 3.184663820870315, 3.185779532299766, 3.186646256265761, 3.190136580527583, 3.1838132912599586, 3.1847916102107567, 3.1875524883028827, 3.1872303153895123, 3.1851081033296222, 3.185217597816564, 3.1839851880375343, 3.1837862594218196, 3.183146310757987, 3.183149781408189, 3.184847635558889, 3.1832260572457614, 3.1869770363916325, 3.1831897421728206, 3.18411205991914, 3.183894344522983, 3.1866328867175913, 3.1829150356823885, 3.184054326407517, 3.1845013612433326, 3.1844551593442505, 3.1821186270894883]}, "valid": {"acc": [0.4796875, 0.5796875, 0.6984375, 0.7234375, 0.7546875, 0.7546875, 0.7015625, 0.74375, 0.6921875, 0.7609375, 0.7640625, 0.771875, 0.690625, 0.784375, 0.7796875, 0.7671875, 0.7859375, 0.7828125, 0.7734375, 0.7578125, 0.7484375, 0.778125, 0.7609375, 0.7859375, 0.790625, 0.80625, 0.7796875, 0.7890625, 0.7984375, 0.784375, 0.775, 0.7703125, 0.78125, 0.7796875, 0.803125, 0.81875, 0.7890625, 0.809375, 0.7859375, 0.7921875, 0.7875, 0.8140625, 0.8171875, 0.79375, 0.8109375, 0.8234375, 0.8140625, 0.7875, 0.796875, 0.8078125, 0.8046875, 0.771875, 0.809375, 0.8171875, 0.8, 0.8109375, 0.7921875, 0.7953125, 0.7953125, 0.8, 0.8015625, 0.8171875, 0.80625, 0.8125, 0.8125, 0.8, 0.80625, 0.8234375, 0.821875, 0.803125, 0.81875, 0.8234375, 0.8234375, 0.8203125, 0.8125, 0.796875, 0.8171875, 0.825, 0.828125, 0.815625, 0.8078125, 0.821875, 0.8203125, 0.8203125, 0.821875, 0.809375, 0.8203125, 0.81875, 0.8171875, 0.8203125, 0.8265625, 0.81875, 0.8125, 0.8171875, 0.8203125, 0.80625, 0.815625, 0.825, 0.815625, 0.809375, 0.8125, 0.815625, 0.8109375, 0.8109375, 0.815625, 0.8078125, 0.809375, 0.809375, 0.8015625, 0.80625, 0.815625, 0.81875, 0.809375, 0.81875, 0.815625, 0.8140625, 0.8125, 0.8171875, 0.825, 0.8234375, 0.821875, 0.8203125, 0.821875, 0.8203125, 0.8234375, 0.8203125, 0.8171875, 0.8140625, 0.821875, 0.821875, 0.8171875, 0.8171875, 0.81875, 0.81875, 0.821875, 0.825, 0.8265625, 0.825, 0.825, 0.8296875, 0.8265625, 0.825, 0.8296875, 0.821875, 0.821875, 0.825, 0.825, 0.81875, 0.821875, 0.825],