{"train": {"acc": [0.5576171875, 0.655859375, 0.6880859375, 0.711328125, 0.736328125, 0.7453125, 0.7515625, 0.7626953125, 0.7771484375, 0.7736328125, 0.7822265625, 0.7888671875, 0.774609375, 0.7751953125, 0.8123046875, 0.79609375, 0.811328125, 0.808203125, 0.8111328125, 0.8154296875, 0.813671875, 0.82421875, 0.8181640625, 0.8201171875, 0.822265625, 0.8369140625, 0.8345703125, 0.8384765625, 0.8357421875, 0.8353515625, 0.8521484375, 0.8607421875, 0.8556640625, 0.8556640625, 0.8517578125, 0.85703125, 0.8525390625, 0.8572265625, 0.869921875, 0.8736328125, 0.8748046875, 0.877734375, 0.8787109375, 0.8830078125, 0.8892578125, 0.888671875, 0.8955078125, 0.89296875, 0.8951171875, 0.9, 0.90546875, 0.89921875, 0.8994140625, 0.9056640625, 0.907421875, 0.9087890625, 0.913671875, 0.914453125, 0.908203125, 0.92109375, 0.9140625, 0.9154296875, 0.913671875, 0.9216796875, 0.9255859375, 0.925390625, 0.9294921875, 0.9326171875, 0.930078125, 0.9326171875, 0.9322265625, 0.93203125, 0.9328125, 0.9349609375, 0.9361328125, 0.937890625, 0.9330078125, 0.9314453125, 0.9357421875, 0.933203125, 0.93828125, 0.93984375, 0.9400390625, 0.9416015625, 0.9439453125, 0.943359375, 0.9435546875, 0.94296875, 0.9435546875, 0.9435546875, 0.9462890625, 0.946484375, 0.9439453125, 0.9458984375, 0.94609375, 0.94375, 0.9466796875, 0.946484375, 0.9474609375, 0.9482421875, 0.9498046875, 0.95, 0.95, 0.951953125, 0.95234375, 0.952734375, 0.9521484375, 0.9533203125, 0.9525390625, 0.9533203125, 0.95390625, 0.95390625, 0.9544921875, 0.9544921875, 0.9544921875, 0.9541015625, 0.954296875, 0.9544921875, 0.955078125, 0.95390625, 0.954296875, 0.9537109375, 0.9544921875, 0.95546875, 0.95625, 0.955859375, 0.955859375, 0.95625, 0.9556640625, 0.9560546875, 0.956640625, 0.95625, 0.95703125, 0.9556640625, 0.9568359375, 0.9568359375, 0.9564453125, 0.9568359375, 0.9576171875, 0.9576171875, 0.955859375, 0.9576171875, 0.95703125, 0.957421875, 0.956640625, 0.9572265625, 0.95703125, 0.95703125, 0.957421875, 0.9572265625], "loss": [4.866945067538491, 4.434453116187567, 4.298756026014497, 4.20077890685842, 4.104032525533362, 4.062229871749878, 4.044845055930222, 3.9954410142536405, 3.939890423907509, 3.9530453742304936, 3.918754016296773, 3.888040283058263, 3.9386531884157203, 3.9396744046030165, 3.792939092539534, 3.861684986307651, 3.800898959365072, 3.8081030815462524, 3.7971734759173814, 3.7748236233675025, 3.784044839158843, 3.739921286136289, 3.7693735979780367, 3.7602657215504705, 3.752424209932738, 3.694738861880725, 3.7004260956486568, 3.6808451006684124, 3.698478463329846, 3.6992351314689538, 3.629768024517011, 3.5911453434183627, 3.6160556334483474, 3.61464065539686, 3.627866008613683, 3.6124913119062594, 3.6278307981128934, 3.60667573651181, 3.556816964209834, 3.5397449082966093, 3.5342628654045396, 3.5255833728403987, 3.5216258326663246, 3.502005912080596, 3.4811844161794157, 3.482004108308237, 3.453989756258228, 3.461494460890565, 3.4544402164748953, 3.430408320849455, 3.410379678388185, 3.434142200252678, 3.4353346341772926, 3.4145134762872624, 3.40619680549525, 3.3970720677436153, 3.37996800941757, 3.3741170092474055, 3.3992073173764386, 3.350615694553037, 3.3739552135708966, 3.37266007556191, 3.377110930937755, 3.3470784652082224, 3.3292335166206843, 3.329682434661479, 3.313244490683833, 3.3056932159616976, 3.3117578844480877, 3.300796125508562, 3.301658090156845, 3.3033191946488394, 3.299869742574571, 3.2935687197914607, 3.2868886024137085, 3.2825469668907457, 3.2970135000687613, 3.3047164874740793, 3.289913011502616, 3.298360776297654, 3.2788547865952116, 3.273239491861078, 3.2704372345646724, 3.264285419560686, 3.2555669742294504, 3.256316541116449, 3.257732919499844, 3.260150351101839, 3.255565930016433, 3.2557084198239483, 3.246324554274354, 3.24472652205938, 3.252323425268825, 3.248907312562194, 3.24552978443194, 3.254544457302818, 3.243793559979789, 3.2455052424080764, 3.2396275906623164, 3.2373446693903283, 3.231321636634537, 3.229863157755212, 3.2297623127321655, 3.222678407838073, 3.220470929447609, 3.2192428896698773, 3.2212632698348806, 3.2173951004124897, 3.2196175629579566, 3.216642032695722, 3.213519075248815, 3.2138630528993244, 3.211292849311346, 3.2109687026542955, 3.2107147355622883, 3.213219494759282, 3.2128737093527104, 3.21077594274207, 3.2093543010421945, 3.211902168732655, 3.21175608755667, 3.2133955985684937, 3.2111467198480534, 3.206915906712979, 3.2039973132217985, 3.2059191208851487, 3.2053211157834984, 3.204110359843773, 3.2061951794201815, 3.204676202580899, 3.2021155628976943, 3.203976797152169, 3.201232623450364, 3.204306146766566, 3.2010126566585106, 3.201010848902449, 3.2031884827191317, 3.2009122371673584, 3.1978628212892555, 3.198622507385061, 3.2051670913454853, 3.197817995578428, 3.2015187136734586, 3.198417280293718, 3.2012110963652405, 3.200429418418981, 3.200078348570232, 3.1995799360395987, 3.1993372259260733, 3.2005604399910457]}, "valid": {"acc": [0.5953125, 0.6765625, 0.63125, 0.71875, 0.7171875, 0.7375, 0.7125, 0.7328125, 0.73125, 0.7640625, 0.74375, 0.746875, 0.7671875, 0.78125, 0.7296875, 0.7890625, 0.771875, 0.75625, 0.79375, 0.7609375, 0.7734375, 0.796875, 0.7140625, 0.78125, 0.803125, 0.775, 0.7921875, 0.790625, 0.7609375, 0.771875, 0.7984375, 0.7921875, 0.778125, 0.7921875, 0.7859375, 0.7609375, 0.7796875, 0.79375, 0.796875, 0.8046875, 0.80625, 0.7921875, 0.8046875, 0.8046875, 0.809375, 0.7828125, 0.784375, 0.790625, 0.7953125, 0.8, 0.7921875, 0.8046875, 0.7859375, 0.7921875, 0.80625, 0.8015625, 0.7890625, 0.784375, 0.7953125, 0.7953125, 0.7953125, 0.7828125, 0.79375, 0.8, 0.8015625, 0.7953125, 0.796875, 0.7875, 0.7953125, 0.7953125, 0.8015625, 0.7953125, 0.7953125, 0.8046875, 0.8125, 0.8109375, 0.8109375, 0.7984375, 0.8078125, 0.8078125, 0.8078125, 0.80625, 0.8046875, 0.80625, 0.8234375, 0.8171875, 0.815625, 0.821875, 0.815625, 0.8109375, 0.81875, 0.8171875, 0.809375, 0.809375, 0.8046875, 0.809375, 0.8140625, 0.8078125, 0.81875, 0.8140625, 0.8109375, 0.7984375, 0.8140625, 0.8109375, 0.80625, 0.803125, 0.80625, 0.8140625, 0.7984375, 0.809375, 0.80625, 0.8078125, 0.8109375, 0.815625, 0.80625, 0.8171875, 0.815625, 0.81875, 0.8140625, 0.803125, 0.815625, 0.8078125, 0.8171875, 0.81875, 0.81875, 0.8203125, 0.81875, 0.8140625, 0.8140625, 0.8140625, 0.815625, 0.8125, 0.8171875, 0.8234375, 0.8203125, 0.81875, 0.8171875, 0.8171875, 0.815625, 0.8171875, 0.8203125, 0.81875, 0.8203125, 0.815625, 0.81875, 0.8203125, 0.8203125, 0.815625, 0.815625, 0.8125],