{"precision": 0.7439815705493186, "recall": 0.7413202476347729, "f1-score": 0.7399695867757319, "auc": 0.1726720528395353}