{"precision": 0.6998940665136606, "recall": 0.6813058642848071, "f1-score": 0.6851774699223863, "auc": 0.17410995589161943}