{"precision": 0.5930581196836602, "recall": 0.5749370260958457, "f1-score": 0.5800855418943752, "auc": 0.2680372548178034}