{"train": {"acc": [0.53125, 0.65703125, 0.69296875, 0.7173828125, 0.732421875, 0.7392578125, 0.75078125, 0.756640625, 0.755859375, 0.7658203125, 0.7732421875, 0.7763671875, 0.769921875, 0.7865234375, 0.795703125, 0.7908203125, 0.7888671875, 0.799609375, 0.798828125, 0.8068359375, 0.7974609375, 0.7953125, 0.80546875, 0.8146484375, 0.8177734375, 0.830078125, 0.8259765625, 0.8087890625, 0.8197265625, 0.8248046875, 0.83515625, 0.8267578125, 0.831640625, 0.8361328125, 0.8365234375, 0.848046875, 0.851171875, 0.84921875, 0.850390625, 0.8525390625, 0.8513671875, 0.8685546875, 0.8630859375, 0.868359375, 0.875, 0.878515625, 0.876171875, 0.8771484375, 0.8798828125, 0.889453125, 0.89296875, 0.89375, 0.8958984375, 0.9017578125, 0.9009765625, 0.899609375, 0.8978515625, 0.9025390625, 0.9021484375, 0.9025390625, 0.90703125, 0.905859375, 0.9130859375, 0.91484375, 0.913671875, 0.9244140625, 0.9212890625, 0.92578125, 0.9244140625, 0.9232421875, 0.927734375, 0.9275390625, 0.9279296875, 0.9271484375, 0.9271484375, 0.930078125, 0.9310546875, 0.9326171875, 0.9349609375, 0.9357421875, 0.934375, 0.937109375, 0.940625, 0.941796875, 0.9412109375, 0.940625, 0.9404296875, 0.94140625, 0.9416015625, 0.9423828125, 0.944140625, 0.9447265625, 0.9419921875, 0.9470703125, 0.947265625, 0.9466796875, 0.9474609375, 0.9455078125, 0.948828125, 0.949609375, 0.9490234375, 0.948828125, 0.9494140625, 0.9509765625, 0.95, 0.950390625, 0.951171875, 0.950390625, 0.950390625, 0.9513671875, 0.9515625, 0.952734375, 0.953125, 0.952734375, 0.9537109375, 0.9533203125, 0.9537109375, 0.9533203125, 0.9544921875, 0.953515625, 0.954296875, 0.9533203125, 0.9533203125, 0.954296875, 0.9544921875, 0.9541015625, 0.9541015625, 0.95390625, 0.9544921875, 0.954296875, 0.9548828125, 0.955078125, 0.9537109375, 0.9548828125, 0.9546875, 0.955078125, 0.955859375, 0.9544921875, 0.9552734375, 0.9556640625, 0.95546875, 0.9544921875, 0.95546875, 0.9544921875, 0.9556640625, 0.9548828125, 0.95546875, 0.9560546875, 0.9564453125, 0.9556640625], "loss": [3.983027500442312, 3.585037816928912, 3.4756740044943895, 3.4035006776640686, 3.3607306570946416, 3.331448449364191, 3.302148305917088, 3.2872626147692716, 3.2866750729234915, 3.256626264958442, 3.2324145896525325, 3.221997454196592, 3.244076001493237, 3.1934797854363164, 3.1676301020610182, 3.1826458580886263, 3.1815871226636667, 3.1554957160466834, 3.1518470727944674, 3.1355574131011963, 3.163386722154255, 3.1644820412503014, 3.1375436662118648, 3.106910974164552, 3.099969809568381, 3.063108006610146, 3.0761861680429194, 3.1231439536130883, 3.0922207349463355, 3.0759109515178054, 3.045303857779201, 3.0659736711767653, 3.0591092351116713, 3.044046881832654, 3.0406069725374634, 3.0088807329346863, 2.9994558744792696, 3.003229986263227, 2.998557712458357, 2.9932555790188946, 2.9984124642384202, 2.949332448500621, 2.9624156438851657, 2.9511036812504634, 2.9259932312784316, 2.9167427533789527, 2.9240347222436833, 2.9206829614277128, 2.9085840364045734, 2.884441255014154, 2.8742774709870544, 2.8661342240587064, 2.8602222853069064, 2.8453396634210515, 2.8459625727013695, 2.8530866194374953, 2.854378757597525, 2.8476167600366136, 2.8424771133857436, 2.8405678875838656, 2.8299614175965515, 2.8292249244979666, 2.80956380578536, 2.8058039478108854, 2.8065976402427575, 2.7760067257700087, 2.7858855784693852, 2.772633057606371, 2.7761780581896818, 2.7782646462887146, 2.7669089715692063, 2.7663698166231567, 2.7657213180880005, 2.771775284899941, 2.767799649057509, 2.7600031562998324, 2.7537858969048608, 2.750480860094481, 2.745039224624634, 2.7387049288689336, 2.744621165191071, 2.736743498452102, 2.727696639073046, 2.721658018570912, 2.7252570556688913, 2.724483993989003, 2.7260649898384193, 2.721866692168803, 2.722559111027778, 2.7196632397325735, 2.7151626212687434, 2.712319114540197, 2.721471101422853, 2.7067628299133686, 2.705733709697482, 2.7058749681786645, 2.7062041367156597, 2.7109895114657245, 2.7004276559322693, 2.699988084503367, 2.700176070008097, 2.6999896568588064, 2.700211265419103, 2.695266548591324, 2.6969959766049927, 2.696339233012139, 2.6935592482361614, 2.6950968488862244, 2.6958834008325505, 2.6927590128741685, 2.6922522074059594, 2.689444523823412, 2.687260328968869, 2.688969880719728, 2.686511163470111, 2.686893269985537, 2.685944871057438, 2.6866607575476924, 2.68478373937969, 2.6870791640462754, 2.684072995487648, 2.6865832715094844, 2.687775657146792, 2.683326057240933, 2.6829328325730337, 2.6844669987883747, 2.684562619728378, 2.684570164620122, 2.682487466667272, 2.6831787568104417, 2.6817951021315176, 2.681895397886445, 2.684036128128631, 2.681870149660714, 2.6817221158667457, 2.6815311184412316, 2.6789050011695186, 2.6824367016176636, 2.68083149571962, 2.6798168586779245, 2.680577018592931, 2.6828714986390705, 2.6799735660794415, 2.682596345491047, 2.6798499173755888, 2.6822424689425697, 2.681063434745692, 2.6785608213159104, 2.6775795568393757, 2.679550297652619]}, "valid": {"acc": [0.5953125, 0.6203125, 0.6921875, 0.6671875, 0.7078125, 0.734375, 0.7515625, 0.728125, 0.7546875, 0.7578125, 0.7515625, 0.7671875, 0.7453125, 0.784375, 0.765625, 0.75, 0.76875, 0.7796875, 0.7828125, 0.7703125, 0.73125, 0.7828125, 0.7703125, 0.7703125, 0.809375, 0.803125, 0.7453125, 0.7203125, 0.8109375, 0.790625, 0.80625, 0.7671875, 0.790625, 0.8125, 0.7890625, 0.7921875, 0.7984375, 0.8046875, 0.7921875, 0.7984375, 0.79375, 0.815625, 0.8078125, 0.7765625, 0.8046875, 0.8078125, 0.7984375, 0.815625, 0.7921875, 0.8046875, 0.8, 0.796875, 0.815625, 0.796875, 0.790625, 0.8, 0.790625, 0.8015625, 0.796875, 0.7984375, 0.8015625, 0.8171875, 0.8078125, 0.80625, 0.8203125, 0.7984375, 0.8109375, 0.821875, 0.815625, 0.8, 0.796875, 0.796875, 0.7875, 0.7828125, 0.80625, 0.7984375, 0.7984375, 0.8109375, 0.8, 0.8109375, 0.80625, 0.7984375, 0.8078125, 0.8140625, 0.8015625, 0.8078125, 0.8109375, 0.809375, 0.8015625, 0.8015625, 0.8046875, 0.80625, 0.7921875, 0.8109375, 0.8078125, 0.803125, 0.8015625, 0.803125, 0.80625, 0.8125, 0.8078125, 0.8140625, 0.8125, 0.8125, 0.8109375, 0.8109375, 0.80625, 0.7953125, 0.8046875, 0.8078125, 0.80625, 0.8078125, 0.803125, 0.8046875, 0.80625, 0.8, 0.803125, 0.80625, 0.8125, 0.809375, 0.80625, 0.8203125, 0.8109375, 0.8015625, 0.803125, 0.7984375, 0.8, 0.8, 0.7984375, 0.8046875, 0.80625, 0.7984375, 0.7984375, 0.796875, 0.7984375, 0.7984375, 0.8015625, 0.8, 0.8, 0.8015625, 0.8, 0.8015625, 0.8015625, 0.803125, 0.8, 0.8015625, 0.7984375, 0.7984375, 0.803125, 0.803125],