{"precision": 0.314986026096455, "recall": 0.2920814099271067, "f1-score": 0.2797218724868737, "auc": 0.23274938988436467}