{"precision": 0.5898596649252388, "recall": 0.5666593826670343, "f1-score": 0.5707098238466027, "auc": 0.2439375080475557}