{"precision": 0.6491047109654262, "recall": 0.5906100284983877, "f1-score": 0.6064125379156508, "auc": 0.2137001588050989}