{"precision": 0.6945125392526396, "recall": 0.6832240206016864, "f1-score": 0.6859087580110022, "auc": 0.2765634845620668}