{"precision": 0.7071953772339913, "recall": 0.7088352643295635, "f1-score": 0.705284456273027, "auc": 0.29429544738500313}