{"precision": 0.546263390853325, "recall": 0.4043619213753765, "f1-score": 0.43772207529641355, "auc": 0.18656359979889392}