{"precision": 0.608430849702415, "recall": 0.5731676962180374, "f1-score": 0.5845887083620939, "auc": 0.17488948023520323}