{"precision": 0.5464966889293315, "recall": 0.523087451990466, "f1-score": 0.5275300658055354, "auc": 0.2756556075368042}