{"train": {"acc": [0.540625, 0.6453125, 0.6638671875, 0.662109375, 0.7150390625, 0.71796875, 0.734375, 0.73125, 0.7259765625, 0.7416015625, 0.7408203125, 0.756640625, 0.760546875, 0.7595703125, 0.757421875, 0.7681640625, 0.7740234375, 0.78671875, 0.7802734375, 0.784765625, 0.7896484375, 0.7890625, 0.79140625, 0.7921875, 0.784765625, 0.80546875, 0.8021484375, 0.8138671875, 0.803515625, 0.8119140625, 0.8109375, 0.81484375, 0.81953125, 0.8220703125, 0.8310546875, 0.8416015625, 0.8419921875, 0.8353515625, 0.8267578125, 0.8447265625, 0.8455078125, 0.8478515625, 0.8486328125, 0.8443359375, 0.850390625, 0.86328125, 0.8591796875, 0.85390625, 0.8537109375, 0.859765625, 0.86640625, 0.8728515625, 0.8697265625, 0.855859375, 0.8583984375, 0.8787109375, 0.880078125, 0.882421875, 0.884375, 0.8935546875, 0.891796875, 0.896875, 0.8947265625, 0.89921875, 0.9021484375, 0.9033203125, 0.904296875, 0.9095703125, 0.9009765625, 0.9017578125, 0.9076171875, 0.9076171875, 0.9125, 0.9064453125, 0.91484375, 0.9171875, 0.92109375, 0.919921875, 0.925, 0.926953125, 0.9212890625, 0.926953125, 0.924609375, 0.9251953125, 0.9287109375, 0.9302734375, 0.928125, 0.9318359375, 0.9318359375, 0.9361328125, 0.9345703125, 0.935546875, 0.9384765625, 0.9376953125, 0.937109375, 0.937890625, 0.9396484375, 0.9404296875, 0.940625, 0.9435546875, 0.94296875, 0.94296875, 0.94375, 0.9453125, 0.9447265625, 0.94453125, 0.9474609375, 0.9478515625, 0.946875, 0.947265625, 0.9458984375, 0.948828125, 0.9462890625, 0.9484375, 0.94921875, 0.95078125, 0.95234375, 0.9501953125, 0.951171875, 0.9513671875, 0.951171875, 0.9521484375, 0.952734375, 0.9517578125, 0.953515625, 0.9525390625, 0.9525390625, 0.953125, 0.95390625, 0.9529296875, 0.9517578125, 0.9529296875, 0.9525390625, 0.953125, 0.9537109375, 0.95390625, 0.9529296875, 0.95390625, 0.953515625, 0.95390625, 0.9541015625, 0.9521484375, 0.95390625, 0.9533203125, 0.9525390625, 0.95234375, 0.9537109375, 0.954296875, 0.952734375, 0.9533203125], "loss": [2.5810221991961515, 2.3870650635489934, 2.3525756401351736, 2.3562447692774517, 2.270400530175318, 2.263780934901177, 2.239354012887689, 2.240670173983031, 2.250703214090082, 2.2263213592239572, 2.22702466385274, 2.200517444670955, 2.1929198080980323, 2.19442206696619, 2.2000504505785208, 2.1796577112584172, 2.1728896626943275, 2.151768233202681, 2.1608430765852145, 2.153108614909498, 2.1466646873498263, 2.1472647597518146, 2.143486689917649, 2.14360790011249, 2.1536350536950026, 2.123324102993253, 2.124028106279011, 2.10913574846485, 2.12333217451844, 2.1093713346915908, 2.1117038017586816, 2.1052724711502653, 2.099181048477752, 2.0932028625584858, 2.079017720644987, 2.0630679990671856, 2.0632731144941308, 2.0716766209541997, 2.0870097166375268, 2.057164388366892, 2.0561221143867394, 2.051602568807481, 2.0489523214629934, 2.059254519547088, 2.0475101727473586, 2.024766037735758, 2.0340973878208595, 2.0415209561963623, 2.0420520652698566, 2.0322220355649536, 2.021665969981423, 2.0107469272009935, 2.017702202253704, 2.0375105746184725, 2.034843935242182, 2.0014853281310843, 1.998555150213121, 1.994127709654313, 1.9895913495293147, 1.9774674312977851, 1.980773177327989, 1.970399705669548, 1.9749679610699038, 1.96747169766245, 1.9617464150054544, 1.9599671303471433, 1.959007830559453, 1.9499635666231565, 1.962589546094967, 1.9628843627398527, 1.9540062267569047, 1.9519026686873617, 1.945419361319723, 1.954643575451042, 1.9419970814185807, 1.9365924883492385, 1.9311231148393848, 1.93215875233276, 1.9251397848129272, 1.9220012682902663, 1.9313997105707097, 1.9212628738789619, 1.9258487586733661, 1.9248468634448475, 1.9185964683943157, 1.9159059871601154, 1.9205846318715736, 1.9136692994757543, 1.9135352705098405, 1.9057902173150945, 1.909213982050932, 1.906979449187653, 1.9026712646967248, 1.903362192685091, 1.9048928112923345, 1.9029604513433915, 1.9006690360322784, 1.898742935325526, 1.899586004546926, 1.8935640944710261, 1.894732541675809, 1.895017346249351, 1.8933013571968562, 1.890619821186307, 1.8908319231830066, 1.8928526473950735, 1.8877625540841985, 1.8865956354744826, 1.889110483700716, 1.8875975744633735, 1.8889635514609422, 1.8853555631033982, 1.8880414344087433, 1.885965134524092, 1.8840538353859624, 1.8822859329513357, 1.880536281609837, 1.883010536809511, 1.88122361219382, 1.8806791049015672, 1.8811728637429732, 1.8793298971803882, 1.8789097493207907, 1.8806231625472443, 1.8773012281973152, 1.879214636887176, 1.8790415268910081, 1.8780403122117248, 1.8769537949863868, 1.8780565639085407, 1.8803281286094762, 1.8778350971922089, 1.8792509655409222, 1.8778906004338325, 1.8767366439481326, 1.876497208317624, 1.8779104269003566, 1.8770684169817575, 1.8778143502488922, 1.8768131748030457, 1.876141148277476, 1.8793459164945385, 1.8765568491778797, 1.8778645298149013, 1.8785060070738007, 1.8791137088703205, 1.8770675463012503, 1.8766447924360443, 1.8785229423378087, 1.8776316944556901]}, "valid": {"acc": [0.534375, 0.61875, 0.6390625, 0.7125, 0.6671875, 0.7046875, 0.7015625, 0.70625, 0.734375, 0.7390625, 0.728125, 0.7359375, 0.5875, 0.7421875, 0.7609375, 0.75625, 0.7578125, 0.7671875, 0.76875, 0.7734375, 0.7703125, 0.7671875, 0.7859375, 0.75, 0.7921875, 0.7703125, 0.7828125, 0.7890625, 0.7890625, 0.7828125, 0.7765625, 0.771875, 0.7765625, 0.790625, 0.8015625, 0.7953125, 0.79375, 0.7796875, 0.8109375, 0.7875, 0.79375, 0.7984375, 0.7859375, 0.8, 0.803125, 0.8078125, 0.8015625, 0.7765625, 0.80625, 0.790625, 0.784375, 0.784375, 0.7890625, 0.7859375, 0.7796875, 0.7984375, 0.790625, 0.771875, 0.7921875, 0.7828125, 0.784375, 0.8046875, 0.8046875, 0.8, 0.79375, 0.8, 0.7921875, 0.8125, 0.79375, 0.7953125, 0.7953125, 0.796875, 0.8, 0.796875, 0.80625, 0.815625, 0.796875, 0.8015625, 0.8109375, 0.8125, 0.790625, 0.8078125, 0.7875, 0.7953125, 0.7953125, 0.80625, 0.8046875, 0.7984375, 0.8078125, 0.8203125, 0.809375, 0.8125, 0.815625, 0.8234375, 0.8109375, 0.8, 0.8046875, 0.8078125, 0.809375, 0.809375, 0.8078125, 0.8046875, 0.8078125, 0.8015625, 0.8, 0.8109375, 0.7984375, 0.8109375, 0.809375, 0.8078125, 0.809375, 0.803125, 0.80625, 0.80625, 0.8109375, 0.8109375, 0.803125, 0.8015625, 0.8125, 0.80625, 0.8046875, 0.8125, 0.8171875, 0.815625, 0.8109375, 0.8125, 0.809375, 0.8125, 0.80625, 0.8171875, 0.8046875, 0.809375, 0.8125, 0.80625, 0.809375, 0.80625, 0.8109375, 0.803125, 0.8046875, 0.8078125, 0.80625, 0.803125, 0.8125, 0.80625, 0.8046875, 0.8109375, 0.80625, 0.809375, 0.8078125, 0.8046875],