{"train": {"acc": [0.539453125, 0.611328125, 0.6453125, 0.6806640625, 0.6806640625, 0.701171875, 0.692578125, 0.7298828125, 0.7212890625, 0.7390625, 0.7501953125, 0.7572265625, 0.7662109375, 0.7666015625, 0.7509765625, 0.7767578125, 0.78046875, 0.7873046875, 0.7689453125, 0.75625, 0.77421875, 0.79140625, 0.78046875, 0.7712890625, 0.78671875, 0.7810546875, 0.794140625, 0.8021484375, 0.78359375, 0.8068359375, 0.8029296875, 0.812890625, 0.8111328125, 0.812109375, 0.8220703125, 0.8208984375, 0.8064453125, 0.8205078125, 0.8236328125, 0.827734375, 0.8328125, 0.83359375, 0.8333984375, 0.835546875, 0.83515625, 0.8369140625, 0.84140625, 0.8490234375, 0.83515625, 0.8501953125, 0.8455078125, 0.858203125, 0.859765625, 0.864453125, 0.8666015625, 0.8681640625, 0.8689453125, 0.86796875, 0.8728515625, 0.868359375, 0.8751953125, 0.8767578125, 0.8818359375, 0.890234375, 0.8904296875, 0.8916015625, 0.892578125, 0.890625, 0.8919921875, 0.8876953125, 0.8943359375, 0.8998046875, 0.901953125, 0.9048828125, 0.9029296875, 0.907421875, 0.9091796875, 0.908203125, 0.917578125, 0.9140625, 0.918359375, 0.9208984375, 0.9197265625, 0.92109375, 0.922265625, 0.916796875, 0.917578125, 0.921875, 0.920703125, 0.9208984375, 0.92265625, 0.9271484375, 0.9287109375, 0.927734375, 0.92890625, 0.930859375, 0.929296875, 0.9294921875, 0.930078125, 0.9326171875, 0.933203125, 0.9341796875, 0.93671875, 0.93125, 0.9337890625, 0.93671875, 0.9369140625, 0.93828125, 0.9384765625, 0.9384765625, 0.9404296875, 0.94140625, 0.9431640625, 0.942578125, 0.9419921875, 0.9431640625, 0.943359375, 0.9451171875, 0.9443359375, 0.9443359375, 0.9447265625, 0.9451171875, 0.94453125, 0.9455078125, 0.94453125, 0.946484375, 0.9455078125, 0.945703125, 0.9478515625, 0.9466796875, 0.9466796875, 0.948046875, 0.94765625, 0.9484375, 0.9482421875, 0.9490234375, 0.9486328125, 0.94921875, 0.95078125, 0.948046875, 0.9478515625, 0.9478515625, 0.95, 0.949609375, 0.9482421875, 0.948828125, 0.948828125, 0.9498046875, 0.9501953125, 0.950390625], "loss": [2.5763338940053044, 2.4413153129287912, 2.3847191786464257, 2.325927824913701, 2.325147876256629, 2.293991623045523, 2.3063265628452543, 2.248364312739312, 2.2588126719752446, 2.2293322282501413, 2.2101112166537513, 2.198460829408863, 2.1862293828891803, 2.1862326241746732, 2.2097074231014977, 2.168443212026282, 2.1632735442511644, 2.151557107514973, 2.1825898734829092, 2.2021330745914316, 2.171466164951083, 2.145882232279717, 2.161801754673825, 2.1761630215222323, 2.1526134074488774, 2.161116166959835, 2.138897050785113, 2.128407399865645, 2.157086461405211, 2.1197667680209196, 2.1238921397848975, 2.109335535689245, 2.112081337578689, 2.109789849836615, 2.09481292887579, 2.095466586607921, 2.1202397044700914, 2.098285075984424, 2.0920301479629324, 2.0844906281821336, 2.0760511190076416, 2.074571084372605, 2.0746702755553814, 2.0726998214480243, 2.0723370811607262, 2.0677110862128343, 2.063015258764919, 2.049936866458458, 2.071675440933131, 2.0463658073280433, 2.0526843312420424, 2.03319253348097, 2.032895720457729, 2.0262723346299762, 2.021941858001902, 2.0193827303150034, 2.016807500320145, 2.0182409195960322, 2.010010420521603, 2.0181388160850426, 2.005881567544575, 2.0039930886860136, 1.996596088892297, 1.981575742552552, 1.9816821330710301, 1.9810767279395574, 1.9799152461788323, 1.981636050381238, 1.9790451421013362, 1.9857735045348541, 1.9746582176111922, 1.9658438525622404, 1.9635778333567366, 1.9585240611547157, 1.960815369328366, 1.9535432737084883, 1.9515527079376993, 1.951771392097956, 1.9377906971339938, 1.9421788152260115, 1.9352948303464093, 1.9321362595014935, 1.9341331463825853, 1.9308914700640907, 1.929535336132291, 1.9373135868507096, 1.9373380458807643, 1.9291941153852246, 1.932035034215903, 1.9319551096686833, 1.929904839660548, 1.921592410606674, 1.9178908927531182, 1.9202267504945587, 1.9177151179011864, 1.9147403692897362, 1.9173494577407837, 1.9173143181619765, 1.9157565107828454, 1.911946661864655, 1.9104492030566251, 1.9097641359401654, 1.905830200714401, 1.913580428195905, 1.9093073199066934, 1.9051858760133575, 1.903798672217357, 1.9023643882968757, 1.9021695852279663, 1.9023417536216447, 1.8987283329420452, 1.8975014354609236, 1.8946757301499573, 1.8951919395712358, 1.89611309238627, 1.89417057701304, 1.8940791042545173, 1.8915889564948747, 1.8927171471752697, 1.892520993570738, 1.8915073117123375, 1.8911611611330057, 1.8921882593179051, 1.8909798905819277, 1.8922305755977389, 1.8892699117901959, 1.8900812728495537, 1.8896513437922997, 1.8867852597296992, 1.8883731350114075, 1.8882216154774534, 1.886505347263964, 1.8871134368679192, 1.885917595670193, 1.8859981781319728, 1.8846903511240511, 1.8857900145687634, 1.8847395709798307, 1.8829396902760374, 1.8867220063752765, 1.886021544661703, 1.8857936104641686, 1.8835195921644379, 1.883953082410595, 1.8855918374242662, 1.8846684241596656, 1.8854912383646905, 1.883321750013134, 1.8834460596495037, 1.8830194956139674]}, "valid": {"acc": [0.465625, 0.6125, 0.6484375, 0.6578125, 0.65, 0.6625, 0.6984375, 0.6375, 0.7375, 0.7265625, 0.7609375, 0.74375, 0.74375, 0.7328125, 0.725, 0.765625, 0.7296875, 0.7109375, 0.7375, 0.746875, 0.7578125, 0.753125, 0.7453125, 0.7375, 0.725, 0.740625, 0.7546875, 0.78125, 0.7640625, 0.7765625, 0.76875, 0.7859375, 0.775, 0.778125, 0.790625, 0.7796875, 0.7734375, 0.775, 0.784375, 0.784375, 0.79375, 0.803125, 0.7796875, 0.7921875, 0.78125, 0.79375, 0.80625, 0.8125, 0.784375, 0.78125, 0.8, 0.8015625, 0.79375, 0.7859375, 0.790625, 0.79375, 0.803125, 0.7890625, 0.7890625, 0.7984375, 0.790625, 0.8015625, 0.790625, 0.8015625, 0.7828125, 0.8046875, 0.7984375, 0.790625, 0.8015625, 0.790625, 0.8109375, 0.8109375, 0.8046875, 0.8046875, 0.7921875, 0.8015625, 0.7984375, 0.8125, 0.803125, 0.8171875, 0.8109375, 0.81875, 0.8, 0.8109375, 0.8, 0.8078125, 0.815625, 0.8078125, 0.7984375, 0.790625, 0.80625, 0.815625, 0.8046875, 0.8015625, 0.7984375, 0.8109375, 0.8015625, 0.8078125, 0.796875, 0.796875, 0.803125, 0.8, 0.796875, 0.7984375, 0.8015625, 0.803125, 0.7875, 0.8, 0.8015625, 0.7921875, 0.7984375, 0.796875, 0.80625, 0.8015625, 0.7984375, 0.8, 0.8, 0.8015625, 0.796875, 0.80625, 0.809375, 0.80625, 0.8046875, 0.809375, 0.8046875, 0.803125, 0.803125, 0.79375, 0.8046875, 0.8015625, 0.80625, 0.8046875, 0.803125, 0.8, 0.803125, 0.80625, 0.8046875, 0.8078125, 0.8078125, 0.80625, 0.8046875, 0.8078125, 0.8015625, 0.8078125, 0.809375, 0.80625, 0.8046875, 0.8046875, 0.8109375, 0.8015625],