{"train": {"acc": [0.5416015625, 0.6466796875, 0.6767578125, 0.7064453125, 0.723828125, 0.7251953125, 0.728125, 0.740234375, 0.7470703125, 0.7515625, 0.7552734375, 0.7609375, 0.7775390625, 0.7650390625, 0.764453125, 0.7693359375, 0.7734375, 0.7791015625, 0.7734375, 0.77734375, 0.7796875, 0.78828125, 0.787109375, 0.7775390625, 0.7908203125, 0.793359375, 0.8005859375, 0.803515625, 0.8, 0.8015625, 0.794140625, 0.79140625, 0.8056640625, 0.8126953125, 0.8171875, 0.8060546875, 0.809765625, 0.8146484375, 0.816015625, 0.81953125, 0.8248046875, 0.8294921875, 0.825, 0.8337890625, 0.828125, 0.830859375, 0.8390625, 0.8435546875, 0.8470703125, 0.8427734375, 0.85, 0.8451171875, 0.8548828125, 0.855859375, 0.85, 0.86328125, 0.8658203125, 0.8642578125, 0.8705078125, 0.86953125, 0.8599609375, 0.87265625, 0.8654296875, 0.8763671875, 0.876953125, 0.8685546875, 0.8763671875, 0.8822265625, 0.8875, 0.8919921875, 0.892578125, 0.894140625, 0.89453125, 0.8998046875, 0.899609375, 0.9001953125, 0.8978515625, 0.9052734375, 0.903515625, 0.9076171875, 0.907421875, 0.9125, 0.911328125, 0.913671875, 0.9123046875, 0.916015625, 0.91953125, 0.9205078125, 0.91953125, 0.9193359375, 0.917578125, 0.9240234375, 0.9234375, 0.923046875, 0.9263671875, 0.92734375, 0.9287109375, 0.93125, 0.93125, 0.93046875, 0.93203125, 0.9326171875, 0.93203125, 0.93359375, 0.9326171875, 0.936328125, 0.933203125, 0.936328125, 0.9369140625, 0.9359375, 0.939453125, 0.9349609375, 0.937890625, 0.9392578125, 0.9392578125, 0.9388671875, 0.938671875, 0.937890625, 0.940625, 0.940625, 0.9396484375, 0.9408203125, 0.9412109375, 0.9404296875, 0.9404296875, 0.940625, 0.94140625, 0.941015625, 0.9421875, 0.9416015625, 0.9412109375, 0.9419921875, 0.9423828125, 0.9427734375, 0.9431640625, 0.9419921875, 0.9427734375, 0.9423828125, 0.9431640625, 0.9431640625, 0.9427734375, 0.943359375, 0.94296875, 0.94296875, 0.9423828125, 0.943359375, 0.94296875, 0.9431640625, 0.9421875, 0.94375], "loss": [2.573236851752559, 2.38295808321313, 2.3319130849234666, 2.2839283067968825, 2.2559474208686927, 2.255673023718822, 2.2468959772134127, 2.230666528774213, 2.2176275147667415, 2.2101137909708144, 2.2026838109463074, 2.1934914377671255, 2.1661815930016433, 2.18853354906734, 2.1868663241591633, 2.180819280539887, 2.173756350444842, 2.1640630688848375, 2.176112291179126, 2.1664900583556936, 2.163727191430104, 2.1494784928575346, 2.1493556197685533, 2.164350397979157, 2.1460071123099027, 2.14007013658934, 2.128062794480143, 2.122707388069056, 2.131392902965787, 2.1302363525463055, 2.140220432341853, 2.1442108969145184, 2.1195770336102835, 2.1080649970453, 2.102599638926832, 2.11938016927695, 2.1144594301151325, 2.1040549821491483, 2.104829213287257, 2.098347757436052, 2.08877875533285, 2.0819116966633855, 2.0896686466434335, 2.07673852654952, 2.0842580629300467, 2.078904329975949, 2.066212898568262, 2.058105348031732, 2.053415764736224, 2.0608396922485737, 2.047338215610649, 2.0554519725751272, 2.040296491188339, 2.038354538664033, 2.0467789203305786, 2.0259149859223187, 2.021989049790781, 2.025403449806986, 2.0157710057270677, 2.017142046855975, 2.031907736500607, 2.010782619065876, 2.0218833081329923, 2.0043987473355065, 2.0035531098329566, 2.0162282789809796, 2.005109385599064, 1.9949812617483018, 1.985878262338759, 1.9785603541362136, 1.9771970450123655, 1.9746992542773862, 1.9747766422320017, 1.9664392637301096, 1.9661560435838337, 1.9656088005138348, 1.9683820597733124, 1.9580082561396346, 1.9597538996346389, 1.9545566598071327, 1.9515101502213297, 1.9451958544646637, 1.9465772502029999, 1.9436453248881087, 1.9455833042724222, 1.9391756374624711, 1.9338647066792356, 1.9320287146145785, 1.9331454823288736, 1.9343495746202106, 1.9369139007375211, 1.927316021315659, 1.9273628192611887, 1.9273766264130798, 1.923450546928599, 1.9207825042024445, 1.9188493656206735, 1.9144243680978124, 1.9164511961273, 1.9152663870702815, 1.9125877724418157, 1.9120455150362812, 1.9131499619423589, 1.910554670080354, 1.911150509798074, 1.906366129464741, 1.9099575356592107, 1.9061108842680725, 1.9050590735447557, 1.9069112931625753, 1.9009617174728006, 1.9071692892267733, 1.9033894252173509, 1.9013581215580808, 1.9010354114484183, 1.9016458641124676, 1.902292221407347, 1.9029040125351917, 1.898640128630626, 1.8980585231056697, 1.9005186437051507, 1.898436635355406, 1.8983318820784363, 1.8988614806646034, 1.8991559638252742, 1.898374059532262, 1.8975524570368514, 1.898152855378163, 1.8961573341224767, 1.8975072254108478, 1.8971407549290717, 1.8966404576844806, 1.8954837141157705, 1.8950247477881517, 1.8943915608563, 1.8959310356574723, 1.8949756803391855, 1.895654320716858, 1.8950703083714353, 1.894848800912688, 1.8949401438990725, 1.894202795209764, 1.8944674866108955, 1.8951667049263097, 1.8952375167532811, 1.894080175629145, 1.8950055218950104, 1.8944989804980121, 1.8948483512371401, 1.8937360727334325]}, "valid": {"acc": [0.59375, 0.6328125, 0.671875, 0.7171875, 0.721875, 0.6859375, 0.7390625, 0.7390625, 0.7234375, 0.7375, 0.75, 0.775, 0.7078125, 0.7359375, 0.753125, 0.7578125, 0.7421875, 0.7671875, 0.7640625, 0.734375, 0.7734375, 0.784375, 0.7625, 0.7828125, 0.7875, 0.7515625, 0.7609375, 0.7703125, 0.75625, 0.76875, 0.7578125, 0.76875, 0.790625, 0.7890625, 0.759375, 0.7453125, 0.7609375, 0.7625, 0.796875, 0.7875, 0.79375, 0.7875, 0.7921875, 0.7953125, 0.78125, 0.796875, 0.8, 0.7765625, 0.790625, 0.796875, 0.803125, 0.7921875, 0.79375, 0.7796875, 0.8140625, 0.7875, 0.790625, 0.778125, 0.790625, 0.79375, 0.790625, 0.790625, 0.7765625, 0.8046875, 0.7953125, 0.784375, 0.803125, 0.79375, 0.790625, 0.7890625, 0.790625, 0.7953125, 0.79375, 0.8015625, 0.8015625, 0.8, 0.7921875, 0.8, 0.7859375, 0.796875, 0.8046875, 0.803125, 0.7921875, 0.8015625, 0.7859375, 0.7921875, 0.7875, 0.79375, 0.803125, 0.8015625, 0.8171875, 0.809375, 0.796875, 0.7875, 0.8078125, 0.8015625, 0.8140625, 0.8, 0.7953125, 0.8015625, 0.8, 0.803125, 0.7890625, 0.7859375, 0.79375, 0.79375, 0.7921875, 0.7984375, 0.7921875, 0.7875, 0.79375, 0.8015625, 0.7984375, 0.7921875, 0.790625, 0.7890625, 0.79375, 0.79375, 0.7921875, 0.79375, 0.8, 0.796875, 0.8, 0.7984375, 0.803125, 0.8, 0.8015625, 0.8046875, 0.80625, 0.8046875, 0.809375, 0.80625, 0.803125, 0.8046875, 0.7984375, 0.8015625, 0.803125, 0.80625, 0.8, 0.803125, 0.803125, 0.8046875, 0.8046875, 0.8, 0.803125, 0.8046875, 0.803125, 0.8046875, 0.803125, 0.803125],