{"precision": 0.65286311007444, "recall": 0.6224079630872431, "f1-score": 0.6338756310926696, "auc": 0.15347225202798404}