{"precision": 0.6260649652280877, "recall": 0.5852004599164022, "f1-score": 0.5967524483518691, "auc": 0.1919502982960642}