{"precision": 0.7593698972835489, "recall": 0.7578638586503672, "f1-score": 0.7558205476309874, "auc": 0.21464402653009823}