{"precision": 0.5893330652832094, "recall": 0.5440923425180344, "f1-score": 0.5548328684824123, "auc": 0.1686231168719688}