{"precision": 0.620850664513245, "recall": 0.5858671390621009, "f1-score": 0.5975199275846855, "auc": 0.20565260311601358}