{"precision": 0.38510635753375405, "recall": 0.36863053340524615, "f1-score": 0.3680749898854881, "auc": 0.20355187620794704}