{"precision": 0.5835429807422684, "recall": 0.5876156971642391, "f1-score": 0.5809513566377784, "auc": 0.2641288749975428}