{"precision": 0.7437832141742926, "recall": 0.6924276491926538, "f1-score": 0.709870282079454, "auc": 0.18280891510980007}