{"precision": 0.6962414461405774, "recall": 0.6688554001350419, "f1-score": 0.6760448999906696, "auc": 0.1984126984126984}