{"precision": 0.6550370874145149, "recall": 0.646623686981791, "f1-score": 0.6482677355362946, "auc": 0.1288804607388678}