{"precision": 0.5224217046994662, "recall": 0.458565771235582, "f1-score": 0.4651454937155789, "auc": 0.20267196003211704}