{"precision": 0.5148248473044149, "recall": 0.5092578434995876, "f1-score": 0.5091789647891021, "auc": 0.34232155886518734}