{"precision": 0.17131679221179685, "recall": 0.16838851133753058, "f1-score": 0.14084236455852298, "auc": 0.5609253616035023}