{"precision": 0.44459794414779574, "recall": 0.4376370683673634, "f1-score": 0.4246218043010289, "auc": 0.43837718357011035}