{"precision": 0.2589482267452592, "recall": 0.29691769709178917, "f1-score": 0.24800757992625305, "auc": 0.6771964461994077}