{"precision": 0.6989278540590765, "recall": 0.7070784655402355, "f1-score": 0.6941645507326789, "auc": 0.36393352236925014}