{"precision": 0.4714347088653614, "recall": 0.4229471784857899, "f1-score": 0.43157532037716356, "auc": 0.17263713270219802}