{"train": {"acc": [0.42656434474616295, 0.43116883116883115, 0.4242030696576151, 0.3894923258559622, 0.45855962219598584, 0.461038961038961, 0.44958677685950416, 0.45962219598583237, 0.46080283353010626, 0.45938606847697755, 0.44214876033057854, 0.44639905548996456, 0.44911452184179457, 0.4409681227863046, 0.4384887839433294, 0.43471074380165287, 0.433530106257379, 0.4332939787485242, 0.43896103896103894, 0.4380165289256198, 0.43600944510035416, 0.4328217237308146, 0.43518299881936245, 0.43518299881936245], "loss": [2.261303068110437, 2.2558346237197067, 2.2245429907784318, 2.352145182363915, 2.1182318817485464, 2.1044082912531765, 2.1223672646464724, 2.098372283306989, 2.1044692144249426, 2.0982827246189117, 2.1529531054424518, 2.14364337108352, 2.116341766082879, 2.1396377917492027, 2.134601531606732, 2.156693663560983, 2.1574765118685635, 2.1607079659447526, 2.1498644216494127, 2.1467125199057837, 2.161516900315429, 2.1546365158124403, 2.1603066388404732, 2.156792668682156]}, "valid": {"acc": [0.45986779981114256, 0.4627006610009443, 0.17752596789423986, 0.45892351274787535, 0.4721435316336166, 0.46458923512747874, 0.4740321057601511, 0.4721435316336166, 0.46175637393767704, 0.45797922568460814, 0.4542020774315392, 0.46081208687440983, 0.4438149197355996, 0.45042492917847027, 0.449480642115203, 0.43153918791312557, 0.4457034938621341, 0.4409820585457979, 0.4513692162417375, 0.4428706326723324, 0.44192634560906513, 0.43531633616619453, 0.43342776203966005, 0.4428706326723324], "loss": [1.7309989914551573, 1.5439996256269444, 1.8368207734000705, 1.5505760600526302, 1.5123763010046658, 1.5254592702271583, 1.5199554736086913, 1.5146128218656225, 1.5381897705376486, 1.5424825051669138, 1.5525825971804403, 1.531030507980087, 1.5602393877078093, 1.5450721943648866, 1.5395038021422063, 1.5592965179445162, 1.556019604713119, 1.5525106713879988, 1.5481511229378064, 1.547373046158392, 1.5511557259271185, 1.5504746215667977, 1.55273283992688, 1.5487777625680645]}}