{"train": {"acc": [0.415112160566706, 0.399409681227863, 0.35974025974025975, 0.3920897284533648, 0.42739079102715466, 0.42042502951593863, 0.38524203069657614, 0.4080283353010626, 0.38229043683589137, 0.4067296340023613, 0.39173553719008264, 0.36233766233766235, 0.3642266824085006, 0.3685950413223141, 0.36576151121605666, 0.3654073199527745, 0.36576151121605666, 0.36623376623376624, 0.36587957497048407, 0.366469893742621, 0.36835891381345925, 0.3690672963400236, 0.36871310507674143, 0.36847697756788667], "loss": [2.310150036306092, 2.307665369727395, 2.3884793095516437, 2.3032394593412224, 2.2051835267832787, 2.2140328504822473, 2.3316118229519236, 2.2731090928568984, 2.3188932492877496, 2.2711919383569197, 2.302967092304519, 2.3779511018232866, 2.3517063422636553, 2.4093370365374014, 2.435697974580707, 2.420802632967631, 2.417953644738053, 2.4110183282331987, 2.41263890988899, 2.404363493124644, 2.389387967008533, 2.389984779285662, 2.396084574135867, 2.3962411735997056]}, "valid": {"acc": [0.4098205854579792, 0.37488196411709157, 0.34560906515580736, 0.40793201133144474, 0.43909348441926344, 0.4173748819641171, 0.4202077431539188, 0.39660056657223797, 0.41076487252124644, 0.4173748819641171, 0.3814919735599622, 0.36732766761095376, 0.3654390934844193, 0.36732766761095376, 0.36827195467422097, 0.3692162417374882, 0.37016052880075545, 0.37110481586402266, 0.37110481586402266, 0.3720491029272899, 0.37299338999055714, 0.37299338999055714, 0.37299338999055714, 0.37299338999055714], "loss": [1.7133481239157047, 1.6954741601344543, 1.7219072616393265, 1.6426795789785331, 1.5591003747202723, 1.663571573836141, 1.65340131966288, 1.6876239491545635, 1.6566089416496694, 1.6131487675222422, 1.6658010379127834, 1.70380616542973, 1.6719655427229652, 1.7467827876371336, 1.7233148074668387, 1.7218508948563178, 1.7192511147271934, 1.715479683673224, 1.7153698916921993, 1.7258917051587528, 1.712993679740704, 1.7090570229213045, 1.7079467735691647, 1.7084505942796264]}}