{"precision": 0.5424094701746661, "recall": 0.5195808393261134, "f1-score": 0.5286754241099774, "auc": 0.13136765099473638}