{"precision": 0.7197092572795643, "recall": 0.6672603876465854, "f1-score": 0.679512480482577, "auc": 0.20900641475862713}