{"precision": 0.305072629300428, "recall": 0.29963933962623485, "f1-score": 0.2815862996481877, "auc": 0.24158275870540835}