{"precision": 0.734726542274573, "recall": 0.7399324457202587, "f1-score": 0.7334060654536491, "auc": 0.17592537988244775}