{"precision": 0.10056668556668558, "recall": 0.025896105652180965, "f1-score": 0.030594769667876033, "auc": 0.5660436070217605}