{"precision": 0.49313606062306703, "recall": 0.38852153982159265, "f1-score": 0.412077097482678, "auc": 0.17548565652326137}