{"precision": 0.4087427649977812, "recall": 0.3088712209389481, "f1-score": 0.29522314712642383, "auc": 0.477640595463138}