{"precision": 0.36875473731178954, "recall": 0.35468703302479115, "f1-score": 0.32549243629257946, "auc": 0.47415524574669193}