{"precision": 0.3720379217563353, "recall": 0.27055009114988116, "f1-score": 0.2587132461630507, "auc": 0.4510672652804033}