{"train": {"acc": [0.527734375, 0.611328125, 0.6591796875, 0.66953125, 0.6986328125, 0.73125, 0.7154296875, 0.715234375, 0.73671875, 0.7376953125, 0.7498046875, 0.751953125, 0.7712890625, 0.765234375, 0.7681640625, 0.7564453125, 0.76875, 0.785546875, 0.77890625, 0.7869140625, 0.79453125, 0.79375, 0.7994140625, 0.799609375, 0.8001953125, 0.7958984375, 0.8072265625, 0.7998046875, 0.798828125, 0.8078125, 0.8041015625, 0.810546875, 0.8146484375, 0.8140625, 0.8171875, 0.7984375, 0.815625, 0.824609375, 0.822265625, 0.823046875, 0.83203125, 0.83046875, 0.840625, 0.8353515625, 0.831640625, 0.844140625, 0.83671875, 0.84921875, 0.841015625, 0.8369140625, 0.85, 0.8474609375, 0.85703125, 0.8576171875, 0.866796875, 0.8658203125, 0.8642578125, 0.859765625, 0.85703125, 0.8671875, 0.864453125, 0.8630859375, 0.86953125, 0.871875, 0.86484375, 0.8740234375, 0.8828125, 0.8814453125, 0.8830078125, 0.884765625, 0.8908203125, 0.8935546875, 0.8962890625, 0.8943359375, 0.8986328125, 0.9015625, 0.903515625, 0.9076171875, 0.9130859375, 0.9130859375, 0.9125, 0.9119140625, 0.91640625, 0.916796875, 0.9197265625, 0.915234375, 0.9212890625, 0.9224609375, 0.9251953125, 0.9263671875, 0.9224609375, 0.925390625, 0.9267578125, 0.930078125, 0.928125, 0.9294921875, 0.928125, 0.93046875, 0.9314453125, 0.93046875, 0.9337890625, 0.9318359375, 0.936328125, 0.933984375, 0.9359375, 0.938671875, 0.93671875, 0.9353515625, 0.9349609375, 0.93671875, 0.9373046875, 0.93984375, 0.9384765625, 0.9396484375, 0.9384765625, 0.9423828125, 0.9408203125, 0.9408203125, 0.941015625, 0.9408203125, 0.9408203125, 0.9419921875, 0.9435546875, 0.9427734375, 0.9427734375, 0.9439453125, 0.944140625, 0.9439453125, 0.94453125, 0.9443359375, 0.9435546875, 0.944921875, 0.9447265625, 0.94453125, 0.9439453125, 0.94453125, 0.944140625, 0.9453125, 0.944140625, 0.94609375, 0.9458984375, 0.9455078125, 0.9455078125, 0.9462890625, 0.9447265625, 0.9451171875, 0.945703125, 0.9453125, 0.944921875, 0.9455078125], "loss": [2.589500765257244, 2.4441931277890747, 2.3597590229179284, 2.34680501116982, 2.2941376408444176, 2.2446623814256887, 2.2697084342377094, 2.267241088649895, 2.237293358090558, 2.2312735666202594, 2.2115963501266287, 2.209801859493497, 2.1766978788979445, 2.1899493434761146, 2.183805808236327, 2.2015403509140015, 2.181704329538949, 2.1527750235569627, 2.162821013716203, 2.153231584573094, 2.1406051539167574, 2.14102582690082, 2.1305961065654513, 2.1309183021134968, 2.130519289004652, 2.1368196885797044, 2.118766574919978, 2.127859491336195, 2.132212104676645, 2.116385072092467, 2.1222978920876225, 2.1133647538438627, 2.104506122915051, 2.108586756488945, 2.10035958018484, 2.1322611902333515, 2.104481381706045, 2.089646677427654, 2.0931740787964834, 2.0918671390678307, 2.0778125871585895, 2.07908358754991, 2.063589962222908, 2.0723763523222525, 2.0785057559798035, 2.057372835618031, 2.068045537683028, 2.0502873447876944, 2.06295202955415, 2.0702737765976145, 2.0490689790701566, 2.051320866693424, 2.036096206194238, 2.0358810153188585, 2.0214418021938467, 2.0216342059871817, 2.0259444819221013, 2.031564564644536, 2.036012240603, 2.0200940868522546, 2.0231709812260883, 2.0263734512691256, 2.0165852821325956, 2.010874598841124, 2.0212387555762183, 2.0079809366902217, 1.9936935750744011, 1.9953294026700756, 1.9942648727682573, 1.9918620163881327, 1.9812539272670504, 1.9758706273911875, 1.9707573229753519, 1.9745573061930983, 1.9672941014736514, 1.963137309762496, 1.9602040686184847, 1.9535082397581656, 1.9458060400395454, 1.943946806690361, 1.9451194533818885, 1.9460350124141839, 1.9401417517963844, 1.937977974927878, 1.9341187371483333, 1.940019670921036, 1.9303775467450106, 1.9282510612584367, 1.9251505996607527, 1.9233766990371897, 1.9282488626769827, 1.9242632343799253, 1.921765564363214, 1.9167487757115425, 1.9194933628734154, 1.9180278657357903, 1.9190346228925488, 1.9165440752536436, 1.9144200328030163, 1.9155490624753735, 1.9103415283975722, 1.913328870942321, 1.906802015968516, 1.9097173711921596, 1.9063667345650588, 1.9029805162284947, 1.9051730632781982, 1.907539972776099, 1.9079449554032917, 1.9052202445042283, 1.9039647669731816, 1.9007799836653698, 1.9017204227326792, 1.8999758204327355, 1.9021845980535579, 1.8964645289167572, 1.898267474355577, 1.8982441712029372, 1.8974173748040501, 1.898573161680487, 1.8982744050931326, 1.8959596971922283, 1.893614272528057, 1.8954675273050237, 1.894988156572173, 1.8934442770632007, 1.8928557589084287, 1.8930465360231037, 1.8921491360362572, 1.8926461723786365, 1.8927223908750317, 1.8919681008858016, 1.8916174444971205, 1.8917525433286835, 1.8927427907533283, 1.8927909528152853, 1.893127809596967, 1.8910632088214536, 1.8923396234270893, 1.8904945065703573, 1.890073273755327, 1.8905525690392604, 1.8907036404066448, 1.889597029625615, 1.8920101153699658, 1.8909379047683523, 1.8906408669073371, 1.8907223562651043, 1.8910370054124277, 1.890527172933651]}, "valid": {"acc": [0.56875, 0.559375, 0.6390625, 0.6921875, 0.68125, 0.6828125, 0.7015625, 0.6875, 0.7, 0.6984375, 0.6921875, 0.759375, 0.765625, 0.7546875, 0.6703125, 0.7609375, 0.7734375, 0.7609375, 0.75625, 0.7765625, 0.7640625, 0.7578125, 0.759375, 0.7765625, 0.8046875, 0.7859375, 0.7625, 0.784375, 0.7765625, 0.76875, 0.7546875, 0.775, 0.7765625, 0.7953125, 0.76875, 0.7625, 0.771875, 0.784375, 0.7796875, 0.790625, 0.8, 0.7671875, 0.7796875, 0.790625, 0.7875, 0.775, 0.7890625, 0.78125, 0.778125, 0.790625, 0.8, 0.79375, 0.79375, 0.7796875, 0.79375, 0.7875, 0.796875, 0.778125, 0.796875, 0.809375, 0.7953125, 0.7765625, 0.78125, 0.78125, 0.7890625, 0.790625, 0.7984375, 0.8125, 0.803125, 0.80625, 0.8015625, 0.8125, 0.803125, 0.8078125, 0.80625, 0.803125, 0.8078125, 0.8109375, 0.821875, 0.815625, 0.81875, 0.8125, 0.8140625, 0.8078125, 0.825, 0.803125, 0.8078125, 0.8125, 0.803125, 0.815625, 0.8125, 0.8046875, 0.821875, 0.821875, 0.815625, 0.821875, 0.821875, 0.8234375, 0.8296875, 0.809375, 0.8078125, 0.8171875, 0.8109375, 0.8109375, 0.8140625, 0.809375, 0.7984375, 0.8078125, 0.8046875, 0.803125, 0.80625, 0.803125, 0.80625, 0.8015625, 0.7984375, 0.7984375, 0.803125, 0.8015625, 0.8015625, 0.8046875, 0.8015625, 0.8046875, 0.8078125, 0.8046875, 0.809375, 0.8046875, 0.80625, 0.8171875, 0.8125, 0.8078125, 0.8078125, 0.815625, 0.809375, 0.809375, 0.8109375, 0.809375, 0.8046875, 0.8078125, 0.8046875, 0.809375, 0.80625, 0.8078125, 0.809375, 0.80625, 0.8078125, 0.8078125, 0.8078125, 0.8078125, 0.803125, 0.809375],