{"train": {"acc": [0.49609375, 0.6109375, 0.6677734375, 0.6888671875, 0.70859375, 0.7150390625, 0.71953125, 0.72421875, 0.7541015625, 0.75390625, 0.7525390625, 0.763671875, 0.7798828125, 0.78828125, 0.7861328125, 0.78203125, 0.7806640625, 0.788671875, 0.794140625, 0.7892578125, 0.794921875, 0.7966796875, 0.7923828125, 0.807421875, 0.803515625, 0.8109375, 0.81953125, 0.82578125, 0.8287109375, 0.8091796875, 0.82109375, 0.828515625, 0.8236328125, 0.8150390625, 0.8189453125, 0.836328125, 0.83828125, 0.84140625, 0.85234375, 0.8470703125, 0.852734375, 0.860546875, 0.8556640625, 0.8611328125, 0.856640625, 0.8619140625, 0.8693359375, 0.875, 0.8681640625, 0.862890625, 0.8642578125, 0.876171875, 0.8771484375, 0.8794921875, 0.884765625, 0.889453125, 0.8861328125, 0.8822265625, 0.887109375, 0.8875, 0.8947265625, 0.89765625, 0.9068359375, 0.9076171875, 0.90234375, 0.9056640625, 0.9125, 0.909375, 0.9154296875, 0.915234375, 0.916015625, 0.9185546875, 0.921484375, 0.9236328125, 0.9185546875, 0.9283203125, 0.9240234375, 0.92890625, 0.9263671875, 0.9287109375, 0.9341796875, 0.930859375, 0.9349609375, 0.9283203125, 0.93359375, 0.935546875, 0.9337890625, 0.9404296875, 0.94140625, 0.9408203125, 0.9400390625, 0.94140625, 0.9421875, 0.9451171875, 0.9453125, 0.9462890625, 0.9462890625, 0.947265625, 0.946875, 0.947265625, 0.9486328125, 0.9478515625, 0.9494140625, 0.9490234375, 0.949609375, 0.9498046875, 0.9494140625, 0.95078125, 0.9490234375, 0.95078125, 0.95078125, 0.9515625, 0.9513671875, 0.951953125, 0.9521484375, 0.951953125, 0.951171875, 0.95078125, 0.9513671875, 0.953125, 0.9529296875, 0.9533203125, 0.9537109375, 0.953125, 0.953125, 0.9525390625, 0.953515625, 0.954296875, 0.953515625, 0.9541015625, 0.953515625, 0.9544921875, 0.9541015625, 0.9548828125, 0.9546875, 0.9537109375, 0.9541015625, 0.9556640625, 0.9546875, 0.953515625, 0.9546875, 0.9548828125, 0.955078125, 0.955078125, 0.9548828125, 0.9556640625, 0.95546875, 0.95390625, 0.9548828125, 0.954296875], "loss": [2.6432069645652287, 2.4355139883258676, 2.3471513428265536, 2.3123284533054016, 2.2807510382012475, 2.268949122368535, 2.2628343120405945, 2.2571256975584393, 2.2057943042320542, 2.205573412436473, 2.2067434651942195, 2.1895707664610464, 2.1648721106444735, 2.1492052349863173, 2.151092784314216, 2.1593889088570317, 2.162954478324214, 2.1500644864915293, 2.139486928529377, 2.1456100548369976, 2.138430660284018, 2.133476088318644, 2.141964503481418, 2.117977620680121, 2.1239230346076097, 2.110329919223544, 2.097126259079462, 2.0875824780403813, 2.0841126698481887, 2.1161792444277414, 2.0943592077569115, 2.082449680642237, 2.0898843264277978, 2.1033495181723487, 2.0974897583828698, 2.070874031585983, 2.0660458259944674, 2.0611801690693143, 2.042880476275577, 2.05156575124475, 2.043043215063554, 2.0308927388130864, 2.036636094503765, 2.0288377034513254, 2.0368926313859, 2.0284519225736206, 2.016413533234898, 2.00657613367974, 2.01829488367974, 2.026106630699544, 2.026627597929556, 2.0043143290507643, 2.002300595935387, 1.9980623359921612, 1.99090967299063, 1.9848929839798166, 1.986914388741119, 1.993998901753486, 1.9875159203251707, 1.9859280933307697, 1.9739341781109194, 1.9699801131139827, 1.9541956141025205, 1.9538709936262686, 1.9612986800036853, 1.955600744561304, 1.9445919054972975, 1.9481190925912013, 1.9399337029155297, 1.94113013412379, 1.9393353100064434, 1.9348089513899405, 1.931899733181241, 1.9257741366760641, 1.9353458700300772, 1.919516821450825, 1.9253839344917973, 1.918669347521625, 1.9219755221016799, 1.9184705879114852, 1.9102808719948878, 1.914622720283798, 1.9088760282419905, 1.917655179772196, 1.9096964371355274, 1.9072536380985115, 1.9098955438106875, 1.8995202870308598, 1.897174341769158, 1.8979258808908583, 1.9007017733175544, 1.898384539386894, 1.8957310733915884, 1.892405070836031, 1.8904838562011719, 1.8889042093783994, 1.8890915867648548, 1.8874305184883406, 1.8885846711412262, 1.88823532605473, 1.8854220683061624, 1.8863035696971266, 1.884092329423639, 1.884508983998359, 1.884120247032069, 1.883535766903358, 1.8846638549732257, 1.8820098502726494, 1.8843744238720666, 1.881795056258576, 1.8822156236141543, 1.8813431700573693, 1.8812057443811923, 1.8801887865307965, 1.8794733014287828, 1.8799987442885773, 1.8814005368872533, 1.8812215162228934, 1.880243870276439, 1.8780263466171072, 1.8783823900584933, 1.8776824519604067, 1.8773951892611347, 1.8776755136779593, 1.8780605551562732, 1.8785755770115913, 1.8773092680339571, 1.8761749825900114, 1.877395186243178, 1.8764460267899912, 1.8772034690349917, 1.8755468160291262, 1.8763946838016752, 1.8754281409179108, 1.8750337814982934, 1.8767419781865953, 1.876052906241598, 1.873251813876478, 1.875143813181527, 1.8769295547581926, 1.875282515453387, 1.874677958367746, 1.874605906160572, 1.8747533076926122, 1.87445673308795, 1.873700374289404, 1.8741078346590452, 1.876306782794904, 1.875152587890625, 1.8758932578412792]}, "valid": {"acc": [0.48125, 0.603125, 0.6859375, 0.6953125, 0.7, 0.7, 0.65, 0.7359375, 0.715625, 0.6765625, 0.753125, 0.69375, 0.721875, 0.7453125, 0.75, 0.734375, 0.7640625, 0.784375, 0.759375, 0.784375, 0.728125, 0.7609375, 0.778125, 0.7921875, 0.7625, 0.7640625, 0.76875, 0.778125, 0.753125, 0.76875, 0.778125, 0.7765625, 0.784375, 0.7609375, 0.7828125, 0.7765625, 0.80625, 0.7765625, 0.7859375, 0.79375, 0.7828125, 0.7890625, 0.790625, 0.8046875, 0.796875, 0.8, 0.80625, 0.7828125, 0.8, 0.79375, 0.7921875, 0.796875, 0.8078125, 0.796875, 0.7875, 0.809375, 0.7796875, 0.8, 0.79375, 0.796875, 0.7890625, 0.80625, 0.8171875, 0.8046875, 0.809375, 0.809375, 0.8046875, 0.79375, 0.80625, 0.80625, 0.803125, 0.8078125, 0.80625, 0.80625, 0.8078125, 0.80625, 0.815625, 0.7984375, 0.803125, 0.809375, 0.796875, 0.8078125, 0.809375, 0.7953125, 0.7953125, 0.79375, 0.8046875, 0.8046875, 0.7953125, 0.8, 0.80625, 0.81875, 0.796875, 0.8140625, 0.8109375, 0.8171875, 0.815625, 0.815625, 0.8046875, 0.80625, 0.8046875, 0.8140625, 0.81875, 0.815625, 0.821875, 0.8109375, 0.815625, 0.8109375, 0.8109375, 0.8046875, 0.8109375, 0.8, 0.8109375, 0.8171875, 0.809375, 0.8015625, 0.8140625, 0.81875, 0.8078125, 0.8125, 0.809375, 0.81875, 0.8203125, 0.8140625, 0.815625, 0.815625, 0.8109375, 0.815625, 0.815625, 0.8203125, 0.8171875, 0.8171875, 0.8171875, 0.821875, 0.8203125, 0.8203125, 0.815625, 0.81875, 0.8140625, 0.81875, 0.8171875, 0.8171875, 0.8171875, 0.815625, 0.8171875, 0.81875, 0.8171875, 0.8140625, 0.8140625, 0.815625],