{"precision": 0.6527224412468671, "recall": 0.6467905688956503, "f1-score": 0.6466067459156383, "auc": 0.24532333018273472}