{"precision": 0.5683428344232839, "recall": 0.5526686288243323, "f1-score": 0.5575951949813267, "auc": 0.241136958667754}