{"precision": 0.6652584196197748, "recall": 0.6323921013270177, "f1-score": 0.6414747417195392, "auc": 0.2662420632580449}