{"precision": 0.6806243749015175, "recall": 0.6622971310797175, "f1-score": 0.6667740855346911, "auc": 0.1465078335397378}