{"precision": 0.706616934870461, "recall": 0.6967947349994696, "f1-score": 0.699599669383627, "auc": 0.207308682746555}