{"precision": 0.7515824266250792, "recall": 0.7191152998404882, "f1-score": 0.7318294005124337, "auc": 0.16107408936329146}