{"precision": 0.7602857921435291, "recall": 0.7498982865048944, "f1-score": 0.7500543460453221, "auc": 0.2123247418352783}