{"precision": 0.7863748149600215, "recall": 0.7757436407102146, "f1-score": 0.7787401776337698, "auc": 0.2281399546637562}