{"precision": 0.7829408257562716, "recall": 0.7615204478578343, "f1-score": 0.7660438168226116, "auc": 0.21567248761648897}