{"precision": 0.8067150756877584, "recall": 0.8079085664294617, "f1-score": 0.8056129107920086, "auc": 0.24667324322055245}