{"precision": 0.7639056422441979, "recall": 0.7675952188790007, "f1-score": 0.7648986963321804, "auc": 0.22401561581731172}