{"precision": 0.548108307419733, "recall": 0.5192992382037445, "f1-score": 0.5293744598355137, "auc": 0.19748639486127215}