{"precision": 0.7560006117225779, "recall": 0.7649760306343452, "f1-score": 0.7571384919118436, "auc": 0.19194629553183545}