{"precision": 0.7162840422440597, "recall": 0.7210765352765397, "f1-score": 0.714565317260459, "auc": 0.2235949755263313}