{"precision": 0.7261761438362692, "recall": 0.7253311477787636, "f1-score": 0.7219282446410985, "auc": 0.1784612057950502}