{"precision": 0.7368914576031098, "recall": 0.7357584573835658, "f1-score": 0.7343297360821107, "auc": 0.16252874918912544}