{"precision": 0.7188798744720243, "recall": 0.7192433537773735, "f1-score": 0.7161758600444414, "auc": 0.23462286961136997}