{"precision": 0.7544467584157175, "recall": 0.7476065775696666, "f1-score": 0.744637380015808, "auc": 0.19178903501012365}