{"precision": 0.7363986231002112, "recall": 0.747410589509045, "f1-score": 0.7375390795008184, "auc": 0.1761809282302294}