{"precision": 0.7579950813315165, "recall": 0.7373699773424139, "f1-score": 0.7458966491649628, "auc": 0.1712763657093433}