{"precision": 0.744346451039645, "recall": 0.7429036536966266, "f1-score": 0.740482392180838, "auc": 0.19632993257455134}