{"precision": 0.7599205843199943, "recall": 0.7521649693339605, "f1-score": 0.7538755818132621, "auc": 0.1604548760590513}