{"precision": 0.7208016621363028, "recall": 0.7379186182894732, "f1-score": 0.7247372221059456, "auc": 0.16114289084154038}