{"precision": 0.7434182885736949, "recall": 0.7345867701149842, "f1-score": 0.7376162464042841, "auc": 0.17880521318629478}