{"precision": 0.7188262431824117, "recall": 0.7110142321187999, "f1-score": 0.7095305722766166, "auc": 0.15814511214640953}