{"precision": 0.7349617426469278, "recall": 0.7433926708523104, "f1-score": 0.7341381213249494, "auc": 0.18308073362033378}