{"precision": 0.7628304499259717, "recall": 0.7509151087709636, "f1-score": 0.7541967925705075, "auc": 0.16937941066619489}