{"precision": 0.7291972696722206, "recall": 0.7184321374958191, "f1-score": 0.7186256826292403, "auc": 0.1584596331898331}