{"precision": 0.7685861828123491, "recall": 0.7438376005297621, "f1-score": 0.7528926894922425, "auc": 0.1912287944015254}