{"precision": 0.7428322048429176, "recall": 0.743130639988919, "f1-score": 0.7416641455618255, "auc": 0.1717874624049065}