{"precision": 0.7491941755611006, "recall": 0.7502081011010975, "f1-score": 0.7461766201894668, "auc": 0.1643470739714179}