{"precision": 0.7387148823771885, "recall": 0.7289810333131357, "f1-score": 0.7318843631973633, "auc": 0.17553222857816833}