{"precision": 0.7295383518458604, "recall": 0.7300873167433717, "f1-score": 0.7263691366950062, "auc": 0.17122722179630834}