{"precision": 0.7213955426620483, "recall": 0.7224221582088565, "f1-score": 0.7196459072820354, "auc": 0.21173163491969885}