{"precision": 0.7416935089077138, "recall": 0.7474297653630065, "f1-score": 0.7402815448007249, "auc": 0.1780582257081638}