{"precision": 0.737252464639336, "recall": 0.7371939655008369, "f1-score": 0.7340733468121643, "auc": 0.17051954944860528}