{"precision": 0.7488600714228021, "recall": 0.7553617988130463, "f1-score": 0.7476615910681512, "auc": 0.14674372432230542}