{"precision": 0.7594345659929161, "recall": 0.7464092506020211, "f1-score": 0.7475136132984493, "auc": 0.17712449136050012}