{"precision": 0.7386862744191509, "recall": 0.7340675095033569, "f1-score": 0.7335245650981661, "auc": 0.1781958286646616}