{"precision": 0.7472987949814275, "recall": 0.7296374642735048, "f1-score": 0.7362219828159724, "auc": 0.1775667865778145}