{"precision": 0.7398814163194456, "recall": 0.737825083541682, "f1-score": 0.7358927074395107, "auc": 0.14425704232273792}