{"precision": 0.7635416929378009, "recall": 0.7678078779010676, "f1-score": 0.7634628828866556, "auc": 0.18118377857718546}