{"precision": 0.7321027553715085, "recall": 0.7395179250575474, "f1-score": 0.7328062021935982, "auc": 0.20096911796504885}