{"precision": 0.7384584874132436, "recall": 0.7223264961337676, "f1-score": 0.7274753607844548, "auc": 0.16978239075308132}