{"precision": 0.7603660617236905, "recall": 0.7592436092294517, "f1-score": 0.7563141510846305, "auc": 0.1552456212773486}