{"precision": 0.7189878130774858, "recall": 0.7266047265375479, "f1-score": 0.7194546585071824, "auc": 0.22148178726582926}