{"precision": 0.7409577334817855, "recall": 0.7480566968198217, "f1-score": 0.7428254294971697, "auc": 0.19937685518271708}