{"precision": 0.7330148419488661, "recall": 0.7340519700326857, "f1-score": 0.7313493092063702, "auc": 0.16009121110259283}