{"precision": 0.728778173932924, "recall": 0.7322470398144494, "f1-score": 0.7275636130291488, "auc": 0.1584596331898331}