{"precision": 0.7547187542440533, "recall": 0.7414409798402182, "f1-score": 0.7440710360816007, "auc": 0.17974877631656544}