{"precision": 0.7407019968038857, "recall": 0.7268504339008751, "f1-score": 0.7307217112490254, "auc": 0.1556289437990211}