{"precision": 0.7646272948917855, "recall": 0.7178085546457974, "f1-score": 0.7338071844364973, "auc": 0.1802991881425567}