{"precision": 0.7480193830465006, "recall": 0.7587405357324875, "f1-score": 0.747688794952323, "auc": 0.16135912405889405}