{"precision": 0.7484956730708291, "recall": 0.7294491408720252, "f1-score": 0.7353913234288315, "auc": 0.1576143578856323}