{"precision": 0.7463420241456531, "recall": 0.7365847884798157, "f1-score": 0.7382517727707937, "auc": 0.14652749110495175}