{"precision": 0.7762827455867369, "recall": 0.7720080052496788, "f1-score": 0.772477599083644, "auc": 0.1430284444968646}