{"precision": 0.7341475463988301, "recall": 0.7381254772587986, "f1-score": 0.7326695480232565, "auc": 0.16999862397043505}