{"precision": 0.7373526360797409, "recall": 0.7274765722425338, "f1-score": 0.730059192629994, "auc": 0.12912071710797898}