{"precision": 0.7471788537470975, "recall": 0.7609997876894918, "f1-score": 0.7501514526225742, "auc": 0.18266792475084037}