{"precision": 0.7701747691174006, "recall": 0.7411885934964172, "f1-score": 0.7502183938515583, "auc": 0.14803129484382063}