{"precision": 0.7480870131531167, "recall": 0.730369233724516, "f1-score": 0.7319428656911339, "auc": 0.1672858799709068}