{"precision": 0.7532473221406629, "recall": 0.7457667823552847, "f1-score": 0.747364125425758, "auc": 0.15766350179866723}