{"precision": 0.7815080514983812, "recall": 0.78886709362164, "f1-score": 0.7830647153557371, "auc": 0.21941902443119804}