{"precision": 0.7568105612614883, "recall": 0.75216981447053, "f1-score": 0.7524967802781204, "auc": 0.23359709512215598}