{"precision": 0.7550299396415316, "recall": 0.7425776864225873, "f1-score": 0.7448533030154821, "auc": 0.21997523297791952}