{"precision": 0.7694587542429855, "recall": 0.7595490147672813, "f1-score": 0.7636488129205788, "auc": 0.267767189992444}