{"precision": 0.7713334777590956, "recall": 0.766904505404836, "f1-score": 0.7670244393398901, "auc": 0.22287171522122412}