{"precision": 0.6096687949808064, "recall": 0.5845477058026634, "f1-score": 0.5928194797710307, "auc": 0.22965577921799218}