{"precision": 0.5483071139231626, "recall": 0.5301219147967272, "f1-score": 0.5369603849129911, "auc": 0.1913279539894416}