{"precision": 0.22738900219391017, "recall": 0.12403691313850937, "f1-score": 0.0960448788598878, "auc": 0.5500033781570413}