{"train": {"acc": [0.55546875, 0.6931640625, 0.7244140625, 0.7337890625, 0.7521484375, 0.7740234375, 0.7703125, 0.7759765625, 0.79375, 0.795703125, 0.8015625, 0.81015625, 0.8076171875, 0.8140625, 0.8208984375, 0.8267578125, 0.8310546875, 0.8341796875, 0.840234375, 0.841796875, 0.845703125, 0.85234375, 0.8568359375, 0.8591796875, 0.8615234375, 0.86171875, 0.871875, 0.87109375, 0.8701171875, 0.878125, 0.8787109375, 0.8810546875, 0.8791015625, 0.882421875, 0.89375, 0.8931640625, 0.896875, 0.8966796875, 0.899609375, 0.898828125, 0.905078125, 0.904296875, 0.9109375, 0.9166015625, 0.9150390625, 0.925, 0.9177734375, 0.917578125, 0.921484375, 0.915625, 0.92734375, 0.929296875, 0.9279296875, 0.9279296875, 0.9267578125, 0.9322265625, 0.9291015625, 0.9283203125, 0.9361328125, 0.934375, 0.9318359375, 0.9330078125, 0.9341796875, 0.937890625, 0.940234375, 0.9404296875, 0.9419921875, 0.9412109375, 0.9431640625, 0.9419921875, 0.94140625, 0.9421875, 0.9478515625, 0.9462890625, 0.9455078125, 0.9474609375, 0.9486328125, 0.9498046875, 0.9521484375, 0.951953125, 0.951171875, 0.9537109375, 0.949609375, 0.9529296875, 0.951953125, 0.9533203125, 0.95546875, 0.9546875, 0.95625, 0.956640625, 0.9544921875, 0.95234375, 0.9552734375, 0.9568359375, 0.958203125, 0.95859375, 0.95859375, 0.9599609375, 0.958984375, 0.959375, 0.9603515625, 0.9603515625, 0.96015625, 0.9607421875, 0.96171875, 0.9603515625, 0.9607421875, 0.96171875, 0.96171875, 0.962890625, 0.9625, 0.9634765625, 0.962890625, 0.9640625, 0.96328125, 0.96328125, 0.9640625, 0.96328125, 0.9650390625, 0.965234375, 0.962890625, 0.9646484375, 0.9658203125, 0.965625, 0.9646484375, 0.965625, 0.96484375, 0.9654296875, 0.9654296875, 0.966015625, 0.9662109375, 0.9662109375, 0.96640625, 0.9662109375, 0.96640625, 0.9662109375, 0.96484375, 0.965625, 0.9662109375, 0.965625, 0.9666015625, 0.96640625, 0.9658203125, 0.9666015625, 0.9673828125, 0.96640625, 0.966796875, 0.9666015625, 0.966796875, 0.9662109375], "loss": [2.571583572822281, 2.3091717943360535, 2.2542200179039678, 2.2385985730569575, 2.210398918465723, 2.1763330200050452, 2.1795606371722642, 2.1685747300522236, 2.140042997613738, 2.139731120459641, 2.126781285563602, 2.115256317054169, 2.1178913674777067, 2.1049379427221755, 2.095186349711841, 2.0860565251941923, 2.0802679348595534, 2.072377822067164, 2.064168302318718, 2.0614360404919974, 2.055035802382457, 2.046081118945834, 2.0380654440650456, 2.0341526737696007, 2.0292578090595295, 2.0300227780885334, 2.012368203718451, 2.0128805712808537, 2.0138227034218703, 2.00220298616192, 2.001906161066852, 1.9956325217138362, 2.000092427941817, 1.9935773505440242, 1.9773728651336477, 1.9786435169509695, 1.9704484305804288, 1.9716217608391484, 1.9666241060329388, 1.9689536517179465, 1.9577150752272787, 1.9585832991177523, 1.9476780242557767, 1.9381534012058113, 1.9413245086428486, 1.9252066038831879, 1.9369276656380183, 1.9361984986293166, 1.9313288911988464, 1.9385254579254343, 1.9218766976006423, 1.917554951921294, 1.9205922114698193, 1.920247032672544, 1.9209429493433312, 1.9133668111849436, 1.9170933011211926, 1.9198726340185237, 1.9079180804989007, 1.9082551319387895, 1.913374562806721, 1.910529785518405, 1.909735991984983, 1.9030146025404144, 1.8994055624249615, 1.8992007352128815, 1.8960729988315437, 1.8998137350323834, 1.8951470942436894, 1.8970929852014855, 1.8968753633619864, 1.8964851687226114, 1.8866760926910593, 1.8886721285083625, 1.8902742591085313, 1.8873803223235697, 1.8861180015757113, 1.8830148705953285, 1.878765647924399, 1.8799208644070202, 1.881421381914163, 1.87744500667234, 1.8831042790714698, 1.879106944120383, 1.879761975022811, 1.8773119223268726, 1.8741560057748723, 1.8755414093597025, 1.8731865565988082, 1.8724716388726537, 1.87594913832749, 1.8791993026491962, 1.8743792817562441, 1.8716485243809373, 1.8690207925023912, 1.8693049180356762, 1.8686914247802542, 1.8669195824031588, 1.868998347958432, 1.8677058672603173, 1.8664973808240286, 1.8660557556755935, 1.866215710398517, 1.865857863728004, 1.8637580705594412, 1.8653584130202667, 1.8654373008993608, 1.8635954962501042, 1.8630435406407224, 1.8618111700951299, 1.862315223186831, 1.8607809860495073, 1.8617325643949871, 1.8602093443085876, 1.861327107948593, 1.860748205003859, 1.8597984540311596, 1.860891416103025, 1.858258479758154, 1.8582291935063615, 1.8616431891163694, 1.8590398091304152, 1.8572531410410433, 1.8575490366054486, 1.8581789324555216, 1.8573608820951437, 1.8581446514853948, 1.8574272016935711, 1.8573340841486483, 1.8565790306163739, 1.856467773642721, 1.8566111658192888, 1.8560362556312657, 1.8559323066397557, 1.8561729132374631, 1.8562437265734129, 1.8580514117132259, 1.8566414147992678, 1.8561831742902346, 1.8567862223975267, 1.855588804317426, 1.8559132135367091, 1.856996074507508, 1.8555920380580275, 1.8545262013809591, 1.8560532059850572, 1.8556794788264022, 1.8556894637361359, 1.8553372500817986, 1.8563856173165236]}, "valid": {"acc": [0.575, 0.66875, 0.715625, 0.709375, 0.75, 0.646875, 0.74375, 0.75, 0.7625, 0.7421875, 0.74375, 0.7765625, 0.784375, 0.775, 0.765625, 0.7890625, 0.78125, 0.7890625, 0.759375, 0.775, 0.703125, 0.7640625, 0.7328125, 0.7734375, 0.7546875, 0.784375, 0.775, 0.784375, 0.796875, 0.78125, 0.7875, 0.7859375, 0.7875, 0.784375, 0.7828125, 0.7671875, 0.7859375, 0.7875, 0.7953125, 0.7984375, 0.7953125, 0.7890625, 0.7875, 0.7984375, 0.8140625, 0.796875, 0.790625, 0.778125, 0.775, 0.8, 0.8015625, 0.7984375, 0.79375, 0.79375, 0.778125, 0.7734375, 0.7796875, 0.7796875, 0.79375, 0.7953125, 0.7953125, 0.7890625, 0.79375, 0.790625, 0.8015625, 0.784375, 0.8046875, 0.7921875, 0.8046875, 0.7875, 0.7828125, 0.7890625, 0.8015625, 0.803125, 0.7921875, 0.79375, 0.796875, 0.7984375, 0.7984375, 0.8046875, 0.7921875, 0.790625, 0.803125, 0.790625, 0.79375, 0.7953125, 0.7953125, 0.8015625, 0.7921875, 0.8015625, 0.7921875, 0.8078125, 0.8078125, 0.796875, 0.809375, 0.8015625, 0.8046875, 0.8015625, 0.8109375, 0.7953125, 0.80625, 0.803125, 0.8078125, 0.7984375, 0.7921875, 0.8, 0.796875, 0.7953125, 0.8, 0.803125, 0.7984375, 0.7921875, 0.803125, 0.8015625, 0.8046875, 0.803125, 0.7953125, 0.8, 0.8, 0.8015625, 0.8, 0.8015625, 0.79375, 0.796875, 0.8015625, 0.8, 0.79375, 0.7953125, 0.7953125, 0.7984375, 0.796875, 0.8, 0.8015625, 0.796875, 0.8015625, 0.803125, 0.803125, 0.8046875, 0.8015625, 0.8015625, 0.8015625, 0.8, 0.8015625, 0.8, 0.7984375, 0.8015625, 0.8, 0.7984375, 0.8, 0.803125],