{"train": {"acc": [0.54296875, 0.6875, 0.715234375, 0.75234375, 0.758984375, 0.7818359375, 0.79375, 0.794140625, 0.816015625, 0.815234375, 0.827734375, 0.8310546875, 0.84453125, 0.84765625, 0.848046875, 0.8611328125, 0.86171875, 0.8646484375, 0.878515625, 0.88125, 0.876171875, 0.8810546875, 0.8826171875, 0.8908203125, 0.896875, 0.89609375, 0.90390625, 0.8982421875, 0.9080078125, 0.9091796875, 0.9083984375, 0.9166015625, 0.91171875, 0.9189453125, 0.92265625, 0.92265625, 0.9248046875, 0.9296875, 0.92578125, 0.93203125, 0.93125, 0.93515625, 0.9326171875, 0.9291015625, 0.9310546875, 0.933984375, 0.940234375, 0.9447265625, 0.9400390625, 0.9443359375, 0.9431640625, 0.946875, 0.947265625, 0.9455078125, 0.9484375, 0.94921875, 0.9474609375, 0.948828125, 0.9486328125, 0.95390625, 0.9490234375, 0.95078125, 0.9521484375, 0.9513671875, 0.952734375, 0.953125, 0.9498046875, 0.9515625, 0.9541015625, 0.9580078125, 0.9533203125, 0.958203125, 0.95859375, 0.9587890625, 0.9599609375, 0.959765625, 0.9607421875, 0.9591796875, 0.960546875, 0.9609375, 0.9583984375, 0.9578125, 0.961328125, 0.9615234375, 0.9626953125, 0.957421875, 0.9595703125, 0.96171875, 0.962109375, 0.963671875, 0.964453125, 0.96328125, 0.9646484375, 0.9642578125, 0.9654296875, 0.965234375, 0.964453125, 0.9654296875, 0.965625, 0.9662109375, 0.9666015625, 0.966015625, 0.9681640625, 0.9669921875, 0.9673828125, 0.967578125, 0.968359375, 0.9681640625, 0.9673828125, 0.96796875, 0.96796875, 0.9693359375, 0.9693359375, 0.9693359375, 0.9697265625, 0.9697265625, 0.9701171875, 0.9703125, 0.9701171875, 0.9705078125, 0.970703125, 0.97109375, 0.9701171875, 0.9708984375, 0.97109375, 0.9712890625, 0.9708984375, 0.97109375, 0.9708984375, 0.9712890625, 0.9705078125, 0.9712890625, 0.9712890625, 0.971875, 0.971875, 0.9716796875, 0.972265625, 0.971484375, 0.9716796875, 0.971484375, 0.971484375, 0.972265625, 0.9716796875, 0.9716796875, 0.972265625, 0.971875, 0.9720703125, 0.971875, 0.972265625, 0.9716796875], "loss": [4.959620626666878, 4.309480953820144, 4.172254514090622, 4.036812703820724, 3.998939127861699, 3.9122046669827233, 3.873394739778736, 3.863369567484795, 3.7759235448475126, 3.7812989150421528, 3.7256226056738746, 3.7143823768519146, 3.661887633649609, 3.647638275653501, 3.648684616330304, 3.596053980573823, 3.5952863874314707, 3.576810269416133, 3.5296436653861516, 3.513308057302161, 3.5300854127618333, 3.512721589848965, 3.511683684361132, 3.475369891033897, 3.445518913148325, 3.457441070411779, 3.422321965422811, 3.4380347547651846, 3.4014182211477544, 3.3998364225218567, 3.398401707033568, 3.368445834027061, 3.383081119271773, 3.3558326039133193, 3.3443688833260836, 3.3408913280390484, 3.3335753452928762, 3.3088004045848605, 3.326693746108043, 3.3052353557152085, 3.3051993213122404, 3.2917849504494967, 3.2988491511043114, 3.3139381559589243, 3.3033661480191387, 3.295136874235129, 3.266726336901701, 3.252259348012224, 3.2689595554448383, 3.2555698684499235, 3.2589293974864333, 3.24285238905798, 3.243686344050154, 3.248660908469671, 3.237113620661482, 3.23621487315697, 3.2395095402681373, 3.2362401394904414, 3.2342855236198327, 3.2144979193240784, 3.2325677750985835, 3.2275998139683204, 3.222825340077847, 3.225023643879951, 3.2184181635892846, 3.21838246417951, 3.227997885474676, 3.22221136696731, 3.2120519619953782, 3.1978726115407823, 3.2140854521642757, 3.1977996313119235, 3.1953682235524625, 3.1941930040528503, 3.191679411296603, 3.190029117125499, 3.1850877200500873, 3.1920703906047194, 3.186049672621715, 3.1841242554821547, 3.191758222217801, 3.19478440284729, 3.1824440714679185, 3.182206760478925, 3.176798087132128, 3.1985268472116206, 3.1881280186810073, 3.179742118980311, 3.1794922502734995, 3.175264277035677, 3.170878422411182, 3.1729709981363032, 3.1692978611475304, 3.1710384706907635, 3.1661105970793133, 3.167205083219311, 3.1688757033287724, 3.166867153554023, 3.1645596570606473, 3.1628139290628554, 3.161249694944937, 3.162255869636053, 3.156365868411487, 3.158438595035408, 3.156754312635977, 3.157056554963317, 3.154021429110177, 3.1541913430902024, 3.157426468933685, 3.154526140116438, 3.1546925985360446, 3.1495406597475464, 3.149581897107861, 3.1499008921128286, 3.1466878033891508, 3.146590631219405, 3.144587166701691, 3.144917663139633, 3.1465189517298833, 3.144634527496145, 3.143640503098693, 3.1426974851873855, 3.145452650287483, 3.142868793463405, 3.142192282254183, 3.1407498166530945, 3.1430981581724144, 3.1413395284097407, 3.1419373524339895, 3.141175405888618, 3.14430601687371, 3.1396858903426157, 3.1406478036808063, 3.138317346572876, 3.1389223050467576, 3.1393324212182927, 3.137111521974395, 3.1400803765164147, 3.140170381039004, 3.14094450503965, 3.1392805998838402, 3.137641840343234, 3.1396657515175734, 3.1401509031464783, 3.137704749650593, 3.1394018975994253, 3.138430746295784, 3.139161713515656, 3.136681906784637, 3.138284933717945]}, "valid": {"acc": [0.5671875, 0.6765625, 0.7328125, 0.725, 0.7296875, 0.7375, 0.728125, 0.75625, 0.7640625, 0.7609375, 0.7734375, 0.775, 0.7625, 0.7984375, 0.7671875, 0.7828125, 0.7859375, 0.7671875, 0.7734375, 0.7703125, 0.7578125, 0.759375, 0.734375, 0.775, 0.7859375, 0.778125, 0.778125, 0.765625, 0.7671875, 0.771875, 0.765625, 0.7734375, 0.79375, 0.8, 0.78125, 0.7890625, 0.78125, 0.7734375, 0.7984375, 0.7828125, 0.7984375, 0.7859375, 0.7765625, 0.778125, 0.7859375, 0.8046875, 0.7828125, 0.7921875, 0.80625, 0.78125, 0.7953125, 0.7859375, 0.78125, 0.7984375, 0.790625, 0.796875, 0.7796875, 0.7875, 0.79375, 0.7859375, 0.7796875, 0.784375, 0.7859375, 0.7859375, 0.7875, 0.7921875, 0.80625, 0.778125, 0.7953125, 0.790625, 0.790625, 0.7921875, 0.7953125, 0.8, 0.8046875, 0.80625, 0.796875, 0.803125, 0.8046875, 0.79375, 0.8, 0.7984375, 0.7953125, 0.8015625, 0.78125, 0.7890625, 0.7875, 0.7828125, 0.7921875, 0.8, 0.7984375, 0.7921875, 0.790625, 0.7953125, 0.7921875, 0.784375, 0.79375, 0.7890625, 0.790625, 0.778125, 0.7859375, 0.796875, 0.8, 0.8015625, 0.7984375, 0.8, 0.7953125, 0.7890625, 0.7984375, 0.7875, 0.79375, 0.796875, 0.8015625, 0.7984375, 0.7953125, 0.79375, 0.7921875, 0.79375, 0.7953125, 0.8015625, 0.8046875, 0.796875, 0.8015625, 0.8, 0.7984375, 0.7921875, 0.803125, 0.790625, 0.8, 0.79375, 0.790625, 0.7953125, 0.8, 0.7953125, 0.7984375, 0.796875, 0.796875, 0.803125, 0.796875, 0.7984375, 0.8015625, 0.8, 0.7953125, 0.7984375, 0.7953125, 0.796875, 0.7984375, 0.8015625, 0.7984375, 0.803125],