{"train": {"acc": [0.5314453125, 0.6689453125, 0.72109375, 0.733203125, 0.750390625, 0.7677734375, 0.785546875, 0.78828125, 0.796484375, 0.807421875, 0.8119140625, 0.8208984375, 0.8357421875, 0.839453125, 0.844140625, 0.8490234375, 0.8564453125, 0.871484375, 0.8724609375, 0.8775390625, 0.8712890625, 0.876171875, 0.8673828125, 0.879296875, 0.8826171875, 0.883203125, 0.8947265625, 0.9, 0.896484375, 0.901171875, 0.9041015625, 0.8951171875, 0.908203125, 0.90546875, 0.9115234375, 0.9150390625, 0.9216796875, 0.92734375, 0.9251953125, 0.92265625, 0.929296875, 0.9326171875, 0.9314453125, 0.9361328125, 0.9357421875, 0.9349609375, 0.9408203125, 0.940625, 0.9419921875, 0.944140625, 0.9447265625, 0.9412109375, 0.9453125, 0.9447265625, 0.9455078125, 0.948046875, 0.9482421875, 0.9470703125, 0.9482421875, 0.949609375, 0.951953125, 0.948828125, 0.951171875, 0.9505859375, 0.9564453125, 0.95546875, 0.9541015625, 0.953515625, 0.949609375, 0.9556640625, 0.9583984375, 0.9587890625, 0.958984375, 0.959765625, 0.961328125, 0.9595703125, 0.955859375, 0.95859375, 0.9611328125, 0.961328125, 0.9623046875, 0.9623046875, 0.9634765625, 0.964453125, 0.9646484375, 0.9638671875, 0.9638671875, 0.96484375, 0.96484375, 0.966796875, 0.965234375, 0.966796875, 0.967578125, 0.9685546875, 0.968359375, 0.9689453125, 0.9685546875, 0.9693359375, 0.9697265625, 0.9701171875, 0.9693359375, 0.968359375, 0.968359375, 0.970703125, 0.9697265625, 0.9712890625, 0.9712890625, 0.971484375, 0.9705078125, 0.9708984375, 0.971484375, 0.97265625, 0.9708984375, 0.9720703125, 0.9720703125, 0.9724609375, 0.9724609375, 0.97265625, 0.9732421875, 0.9712890625, 0.9724609375, 0.9728515625, 0.9728515625, 0.973046875, 0.9736328125, 0.971484375, 0.9728515625, 0.973046875, 0.9728515625, 0.9728515625, 0.9734375, 0.973828125, 0.9736328125, 0.97421875, 0.9734375, 0.9740234375, 0.9736328125, 0.9744140625, 0.973828125, 0.9736328125, 0.97265625, 0.973828125, 0.9740234375, 0.9744140625, 0.9740234375, 0.97421875, 0.9736328125, 0.9734375, 0.973828125, 0.97421875], "loss": [5.006029098848753, 4.380698895152611, 4.167611215688005, 4.109967032565346, 4.034919847415972, 3.9775149339362037, 3.9031966396524935, 3.889211096341097, 3.8548981358733356, 3.810966208011289, 3.794853729537771, 3.759955104393295, 3.6987560851664485, 3.6827142027359976, 3.662263399438013, 3.639093993585321, 3.6094677538811406, 3.555584273760832, 3.54479623142677, 3.5349941072584707, 3.5505190770837327, 3.5317335762555087, 3.5651511512225187, 3.524659024009222, 3.5066443968422805, 3.500815995131867, 3.4610882499549964, 3.4377878104584125, 3.4500890170471576, 3.4311713448053673, 3.4138225633886794, 3.451626895349237, 3.400016679039484, 3.4124779550335074, 3.388127028187619, 3.3702757358551025, 3.3469264869448505, 3.3248498983021024, 3.329163907449457, 3.3392766789544988, 3.3147119660920734, 3.2995107204099243, 3.306748701047294, 3.288590367836288, 3.28783490687986, 3.2904778552960745, 3.269610712799845, 3.2684971803351295, 3.263943479030947, 3.253463841691802, 3.2489752286597144, 3.264780681344527, 3.250904732112643, 3.248507182809371, 3.2449341484262972, 3.2402441471437866, 3.238977616346335, 3.2402268663237366, 3.2388484296919424, 3.233851450908033, 3.221538920945759, 3.2332055206540264, 3.224670989603936, 3.2264723264718356, 3.2027647314192373, 3.2057705861103685, 3.2119367937498455, 3.2160118199601957, 3.229653983176509, 3.2062291676485084, 3.195478535905669, 3.1954653021655504, 3.194331479977958, 3.189676604693449, 3.1820528658130502, 3.189510149291799, 3.2040149531786954, 3.195097699950013, 3.1833589046816284, 3.1842815996725347, 3.1798018413253977, 3.17933040027377, 3.1731543782391127, 3.1710226173642315, 3.169470524486107, 3.174560070037842, 3.171136681037613, 3.1681002604810495, 3.169387102127075, 3.1592806170258343, 3.1665557366383226, 3.161528834813758, 3.1575690462619446, 3.154127027415022, 3.1525860285457177, 3.1519302295733103, 3.154426538491551, 3.1514847127697134, 3.1477313011507446, 3.146910951107363, 3.1494479269921025, 3.154632815831824, 3.153788732576974, 3.1451101695434955, 3.147864646549466, 3.1416267594204674, 3.1412283921543556, 3.140475876723664, 3.1455131542833548, 3.1433501364309575, 3.1398862736134587, 3.136627345145503, 3.1422756291642973, 3.1390030233165884, 3.138443328157256, 3.1368010225175302, 3.1356407932088346, 3.136060071896903, 3.1337684196761892, 3.1415289082104647, 3.1356440375122845, 3.134758022767079, 3.1344324395626404, 3.1338399452499197, 3.1320237328734577, 3.140251702900174, 3.1343279367760766, 3.134462284136422, 3.134023747866667, 3.135384945929805, 3.132706174367591, 3.1318427550641794, 3.1329234883755066, 3.1299632259562045, 3.1323020488401, 3.131412871276276, 3.131653272652928, 3.1292657882352417, 3.1304330916344365, 3.131879417202141, 3.1345142654225797, 3.1314976336080815, 3.1297491954851755, 3.129080319706398, 3.130092554454562, 3.1300129075593586, 3.131640180756774, 3.132763802250729, 3.13152388983135, 3.1291977061501033]}, "valid": {"acc": [0.490625, 0.6703125, 0.6375, 0.7203125, 0.721875, 0.721875, 0.746875, 0.73125, 0.746875, 0.76875, 0.765625, 0.7734375, 0.7796875, 0.7671875, 0.7828125, 0.765625, 0.7765625, 0.7859375, 0.79375, 0.7765625, 0.7671875, 0.75, 0.7671875, 0.775, 0.765625, 0.76875, 0.78125, 0.7796875, 0.775, 0.796875, 0.7625, 0.7703125, 0.7859375, 0.7765625, 0.7796875, 0.7796875, 0.796875, 0.7890625, 0.7734375, 0.7703125, 0.78125, 0.784375, 0.7796875, 0.7765625, 0.7859375, 0.784375, 0.7671875, 0.7859375, 0.790625, 0.765625, 0.7703125, 0.771875, 0.790625, 0.7875, 0.7890625, 0.7703125, 0.7765625, 0.7765625, 0.76875, 0.771875, 0.7890625, 0.7796875, 0.790625, 0.7828125, 0.7953125, 0.7859375, 0.771875, 0.7828125, 0.7953125, 0.7984375, 0.7828125, 0.7828125, 0.7890625, 0.7890625, 0.79375, 0.7796875, 0.7796875, 0.7890625, 0.76875, 0.7859375, 0.778125, 0.7890625, 0.7765625, 0.7765625, 0.790625, 0.7796875, 0.7765625, 0.771875, 0.7875, 0.7828125, 0.784375, 0.7765625, 0.790625, 0.7875, 0.7859375, 0.775, 0.78125, 0.7890625, 0.7890625, 0.790625, 0.7953125, 0.778125, 0.78125, 0.7875, 0.775, 0.775, 0.784375, 0.7875, 0.7890625, 0.7859375, 0.784375, 0.778125, 0.784375, 0.7796875, 0.778125, 0.778125, 0.7828125, 0.7765625, 0.778125, 0.7796875, 0.7828125, 0.79375, 0.796875, 0.790625, 0.7875, 0.790625, 0.790625, 0.7859375, 0.7921875, 0.7859375, 0.7828125, 0.790625, 0.7890625, 0.7875, 0.7859375, 0.7921875, 0.7875, 0.7859375, 0.7875, 0.7859375, 0.7875, 0.7875, 0.79375, 0.7921875, 0.7859375, 0.7890625, 0.784375, 0.7875, 0.7890625, 0.7890625],