{"train": {"acc": [0.5541015625, 0.654296875, 0.695703125, 0.713671875, 0.72578125, 0.746875, 0.7451171875, 0.7595703125, 0.770703125, 0.778515625, 0.78046875, 0.7884765625, 0.783203125, 0.7908203125, 0.801953125, 0.79921875, 0.8044921875, 0.7927734375, 0.80859375, 0.8015625, 0.821484375, 0.814453125, 0.8208984375, 0.825390625, 0.831640625, 0.8255859375, 0.8314453125, 0.8375, 0.832421875, 0.8328125, 0.834375, 0.83671875, 0.8470703125, 0.8615234375, 0.85625, 0.8689453125, 0.857421875, 0.8697265625, 0.8728515625, 0.87578125, 0.87421875, 0.87265625, 0.87734375, 0.8763671875, 0.881640625, 0.8822265625, 0.8888671875, 0.89375, 0.893359375, 0.8984375, 0.9046875, 0.9037109375, 0.906640625, 0.9072265625, 0.908984375, 0.9072265625, 0.9123046875, 0.91640625, 0.9234375, 0.918359375, 0.9216796875, 0.9197265625, 0.9244140625, 0.9208984375, 0.916796875, 0.9185546875, 0.926171875, 0.927734375, 0.93359375, 0.9302734375, 0.932421875, 0.9349609375, 0.9345703125, 0.932421875, 0.938671875, 0.9408203125, 0.9419921875, 0.940234375, 0.9369140625, 0.9419921875, 0.943359375, 0.9458984375, 0.9447265625, 0.9455078125, 0.9478515625, 0.9498046875, 0.94609375, 0.943359375, 0.9462890625, 0.9490234375, 0.951171875, 0.9521484375, 0.9505859375, 0.9505859375, 0.953515625, 0.950390625, 0.9533203125, 0.9529296875, 0.953515625, 0.95390625, 0.9544921875, 0.9544921875, 0.9546875, 0.95546875, 0.9556640625, 0.9564453125, 0.9568359375, 0.95625, 0.9578125, 0.95703125, 0.9556640625, 0.957421875, 0.9580078125, 0.958203125, 0.9580078125, 0.957421875, 0.9578125, 0.9583984375, 0.9583984375, 0.95859375, 0.958203125, 0.957421875, 0.9591796875, 0.9587890625, 0.958984375, 0.958203125, 0.95859375, 0.959375, 0.9587890625, 0.959375, 0.9599609375, 0.959375, 0.9595703125, 0.959765625, 0.9599609375, 0.9599609375, 0.9591796875, 0.9595703125, 0.959765625, 0.9599609375, 0.959375, 0.9595703125, 0.958984375, 0.9599609375, 0.959375, 0.96015625, 0.9599609375, 0.9599609375, 0.9595703125, 0.959375], "loss": [3.920477498935748, 3.597141244743444, 3.4674428565592708, 3.408756980413123, 3.3795438808730887, 3.3178278132330012, 3.3237897866888892, 3.2790139626853074, 3.2447020373766935, 3.2176635144632075, 3.2144201405440707, 3.191425314432458, 3.2018416923812674, 3.1812244910228102, 3.1500302115573158, 3.1576496257057673, 3.1346337342564063, 3.1779123861578444, 3.1273088032686256, 3.1462755474863173, 3.0866703534428077, 3.1096272166771226, 3.084510824348353, 3.0736831743505935, 3.0587064193773874, 3.072464692441723, 3.0606984186776076, 3.0411083517195303, 3.048148701462565, 3.050460501562191, 3.0457604927352713, 3.0391422072543373, 3.0076286521139024, 2.9670048906833313, 2.984989537468439, 2.946302000480362, 2.978414921820918, 2.9429370542115803, 2.935914042629773, 2.924141953263102, 2.930523096760617, 2.932696091977856, 2.9163749580141864, 2.922975896280023, 2.9043666803384127, 2.9034426876261263, 2.885558731948273, 2.8686832566804523, 2.869276958175852, 2.8518812203709083, 2.837195520159564, 2.8370903413507005, 2.8288078428823735, 2.827815025667601, 2.8217155450507057, 2.8299759339682664, 2.811937428727935, 2.800347270844858, 2.781270301794704, 2.796042234082765, 2.78291979922524, 2.792002756384355, 2.774955339069608, 2.7876117983950843, 2.79819199405139, 2.7909218963188462, 2.7679511535016794, 2.7640463098695007, 2.7475972658471215, 2.755887369566326, 2.7508049735540077, 2.7436492956137357, 2.743000078804885, 2.751291437994076, 2.733482885964309, 2.7252825694748117, 2.722872396058674, 2.7241836167589017, 2.737223398836353, 2.7214280110371263, 2.7180975751031804, 2.7108051867424687, 2.714124338536323, 2.7107407080976267, 2.703938079785697, 2.6994513227969787, 2.7089054071450533, 2.7167576053474525, 2.7067368211625498, 2.700742833222015, 2.693691054476967, 2.691579420355302, 2.6939065335672114, 2.6953345159941082, 2.687688124330738, 2.6950423777857915, 2.687095258809343, 2.6880097751375995, 2.686881306805188, 2.685456091844583, 2.684005402311494, 2.683821638928184, 2.6829836247842525, 2.680639861505243, 2.6800091930582552, 2.67683418189423, 2.676981093008307, 2.677289383320869, 2.67395248895959, 2.674925689455829, 2.679010394253308, 2.67431934875778, 2.6726758842226825, 2.6718496250200876, 2.6726986818675753, 2.674394369125366, 2.673095811771441, 2.671834683116478, 2.6715202784236474, 2.671102246151695, 2.6712707567818557, 2.6742066220392156, 2.6687973692447327, 2.6709822944447965, 2.6695601276204557, 2.671455193169509, 2.670116095603267, 2.66751504849784, 2.669803824605821, 2.668105674695365, 2.6664750817455825, 2.6679873587209966, 2.6674828287921373, 2.667335621918304, 2.666605825665631, 2.6663852552824383, 2.668406960330432, 2.6668955585624596, 2.667153445980217, 2.666621337963056, 2.6679407131822805, 2.6668343936340717, 2.6689846002602877, 2.6659738957127437, 2.6686649956280672, 2.6653244163416607, 2.666052745867379, 2.665753376634815, 2.667361193065402, 2.6676254906231844]}, "valid": {"acc": [0.6078125, 0.609375, 0.7109375, 0.71875, 0.7375, 0.709375, 0.71875, 0.753125, 0.73125, 0.7359375, 0.7609375, 0.7703125, 0.7828125, 0.759375, 0.753125, 0.740625, 0.778125, 0.7671875, 0.759375, 0.784375, 0.7640625, 0.784375, 0.75625, 0.7734375, 0.7734375, 0.79375, 0.753125, 0.7671875, 0.7703125, 0.765625, 0.7625, 0.79375, 0.8078125, 0.7640625, 0.7796875, 0.775, 0.78125, 0.79375, 0.765625, 0.803125, 0.76875, 0.7921875, 0.78125, 0.7765625, 0.7703125, 0.7828125, 0.7890625, 0.76875, 0.7984375, 0.790625, 0.778125, 0.784375, 0.8, 0.8, 0.7703125, 0.7859375, 0.7921875, 0.8046875, 0.7734375, 0.79375, 0.7875, 0.8, 0.8015625, 0.7734375, 0.8, 0.76875, 0.7796875, 0.7921875, 0.784375, 0.7875, 0.79375, 0.7875, 0.7796875, 0.7828125, 0.8046875, 0.7953125, 0.7828125, 0.7875, 0.7859375, 0.796875, 0.7828125, 0.7921875, 0.79375, 0.79375, 0.7859375, 0.7859375, 0.803125, 0.7765625, 0.7984375, 0.796875, 0.7953125, 0.7984375, 0.803125, 0.8125, 0.8, 0.8078125, 0.7953125, 0.790625, 0.8, 0.7984375, 0.7875, 0.8, 0.8015625, 0.8015625, 0.809375, 0.8015625, 0.8109375, 0.8015625, 0.803125, 0.8140625, 0.80625, 0.8125, 0.8140625, 0.8046875, 0.8078125, 0.8046875, 0.809375, 0.803125, 0.8, 0.809375, 0.8140625, 0.81875, 0.809375, 0.8078125, 0.809375, 0.8125, 0.8046875, 0.8046875, 0.809375, 0.8078125, 0.8109375, 0.8078125, 0.815625, 0.815625, 0.8140625, 0.815625, 0.809375, 0.8109375, 0.8078125, 0.809375, 0.8078125, 0.809375, 0.8015625, 0.8078125, 0.8078125, 0.803125, 0.8078125, 0.803125, 0.8078125, 0.80625],