{"precision": 0.7404041025779098, "recall": 0.7234982830668738, "f1-score": 0.7276160801366398, "auc": 0.17651510683886695}