{"train": {"acc": [0.564453125, 0.7333984375, 0.7904296875, 0.81640625, 0.8396484375, 0.866015625, 0.8796875, 0.8990234375, 0.90390625, 0.90859375, 0.917578125, 0.9228515625, 0.934375, 0.9396484375, 0.9435546875, 0.9419921875, 0.9525390625, 0.946484375, 0.944921875, 0.9578125, 0.9541015625, 0.9521484375, 0.957421875, 0.9560546875, 0.961328125, 0.96328125, 0.9630859375, 0.9658203125, 0.9646484375, 0.96328125, 0.9693359375, 0.972265625, 0.973828125, 0.9728515625, 0.975, 0.9734375, 0.975, 0.977734375, 0.97578125, 0.978125, 0.9775390625, 0.9791015625, 0.98203125, 0.97890625, 0.97578125, 0.9791015625, 0.97890625, 0.974609375, 0.980078125, 0.9822265625, 0.9765625, 0.9787109375, 0.983203125, 0.9794921875, 0.97890625, 0.982421875, 0.9822265625, 0.9818359375, 0.9791015625, 0.9814453125, 0.98515625, 0.9826171875, 0.9830078125, 0.9853515625, 0.9873046875, 0.98671875, 0.9880859375, 0.9880859375, 0.9890625, 0.990625, 0.9892578125, 0.9875, 0.9884765625, 0.9888671875, 0.9884765625, 0.989453125, 0.9888671875, 0.9900390625, 0.9904296875, 0.9916015625, 0.9912109375, 0.9896484375, 0.9912109375, 0.990625, 0.9890625, 0.987109375, 0.98984375, 0.98984375, 0.98984375, 0.9908203125, 0.991015625, 0.99140625, 0.9916015625, 0.9912109375, 0.991015625, 0.991015625, 0.9923828125, 0.9921875, 0.9921875, 0.9921875, 0.9921875, 0.9919921875, 0.9923828125, 0.9921875, 0.992578125, 0.9927734375, 0.9927734375, 0.993359375, 0.9931640625, 0.9931640625, 0.99375, 0.9935546875, 0.9939453125, 0.9935546875, 0.99375, 0.9943359375, 0.99375, 0.99375, 0.9935546875, 0.9935546875, 0.9943359375, 0.9939453125, 0.9939453125, 0.99375, 0.994140625, 0.9935546875, 0.994140625, 0.994140625, 0.99375, 0.9939453125, 0.9943359375, 0.99453125, 0.99453125, 0.99453125, 0.99453125, 0.99453125, 0.9943359375, 0.99453125, 0.9947265625, 0.9939453125, 0.9943359375, 0.9943359375, 0.9939453125, 0.9947265625, 0.99453125, 0.9935546875, 0.99453125, 0.99453125, 0.9943359375, 0.9943359375], "loss": [465.68662696548654, 322.55535598948035, 278.8203994171529, 258.51431834546827, 238.24247297455992, 215.34546535829955, 204.5261081743844, 190.16219281546677, 184.23504097854035, 179.95945739746094, 173.46785823001136, 169.9373557175262, 159.50578771663618, 157.50251673444916, 152.17663748053056, 152.7370733912987, 145.75708712807184, 150.02196502685547, 150.1923544195634, 142.38251900974709, 144.20352530177635, 143.6863554942457, 141.29670512525342, 141.60204315185547, 137.95032520535625, 136.4270713902727, 135.4159428077408, 134.18624375741692, 133.76301352585418, 135.3647285171702, 130.58841174161887, 128.24008651926547, 127.1373682142813, 128.4242982502225, 126.48271671729752, 127.57914019234573, 126.45108331607867, 124.29322650764561, 124.60794212244734, 123.61190158505983, 124.22392524043217, 123.15217126773882, 120.74108625967291, 122.68960542316678, 123.78014209602452, 122.63766392575035, 122.23471783988083, 125.35103356083737, 122.18220635909069, 120.80043821696994, 123.64297321174718, 122.8613119004648, 119.44130156311807, 121.86304618738875, 122.57349405409414, 119.51845222183421, 119.96013177799273, 120.20969806139982, 121.8258785778963, 119.60203368754327, 118.23197376878956, 119.21338141718998, 118.41246245178995, 117.07131648969046, 115.90510694286492, 115.76202788534043, 114.90418011629129, 115.1986246229727, 113.93060157872453, 113.30369210545021, 114.15819037715092, 115.3899222265316, 114.58973829052117, 114.09515033190763, 114.5557726123665, 113.93531268156028, 114.00591703004474, 113.64442791516268, 113.24028778076172, 112.23827815961234, 112.45015900044501, 113.37336257741421, 112.5778815353973, 112.83487711073477, 113.60747827457476, 115.41451350344887, 113.46743813043908, 113.33233893672123, 113.5910273684731, 112.48643764061264, 112.71315079701098, 112.22241848329955, 112.30155201199689, 112.5411606800707, 112.50996331323552, 112.50868505164038, 111.40289200408549, 111.70400633993027, 111.52482093135013, 111.46018325226217, 111.52629147300237, 111.63222745098645, 111.56066768984252, 111.29831473435027, 111.0923377894148, 110.99036639249778, 111.12161670153654, 110.63513222223595, 110.64943588836283, 110.6113753499864, 110.31877638418463, 110.33519580696202, 110.09609106522572, 110.44538116455078, 110.04019696199441, 109.78807212733015, 110.17723324932629, 110.16168019741396, 110.3301272814787, 110.20424700386917, 109.78765376610092, 109.85290218304984, 110.0105540601513, 110.03996923905385, 109.83519339259666, 110.04469820819324, 109.81104210962224, 109.67823395547988, 109.90921445436115, 109.79057804542252, 109.7204003635841, 109.58122784578347, 109.50708819039261, 109.40390864505044, 109.47256122057951, 109.51350673240951, 109.61926105354405, 109.40354455875445, 109.29912547823749, 109.85953927341896, 109.62133103382739, 109.65878614594665, 109.85800634456587, 109.34907512423358, 109.52706696715536, 110.03062245815615, 109.43009002299249, 109.49007676522943, 109.64424056041089, 109.74163615552685]}, "valid": {"acc": [0.6265625, 0.7, 0.734375, 0.75625, 0.76875, 0.76875, 0.753125, 0.7546875, 0.75625, 0.75, 0.76875, 0.7546875, 0.765625, 0.7296875, 0.765625, 0.753125, 0.771875, 0.7671875, 0.775, 0.7859375, 0.771875, 0.7375, 0.759375, 0.7484375, 0.753125, 0.76875, 0.765625, 0.7765625, 0.7546875, 0.778125, 0.7953125, 0.775, 0.7828125, 0.7671875, 0.7921875, 0.7765625, 0.7671875, 0.7875, 0.7796875, 0.765625, 0.7546875, 0.7671875, 0.7546875, 0.7671875, 0.7828125, 0.7765625, 0.771875, 0.765625, 0.7828125, 0.7703125, 0.7859375, 0.7890625, 0.765625, 0.7796875, 0.7640625, 0.790625, 0.7703125, 0.7828125, 0.7734375, 0.7796875, 0.790625, 0.7875, 0.7765625, 0.796875, 0.7953125, 0.7875, 0.7859375, 0.78125, 0.7953125, 0.778125, 0.7859375, 0.790625, 0.7828125, 0.7765625, 0.7921875, 0.7875, 0.78125, 0.79375, 0.7875, 0.778125, 0.7859375, 0.78125, 0.7953125, 0.7875, 0.796875, 0.784375, 0.78125, 0.790625, 0.8, 0.7796875, 0.7953125, 0.803125, 0.8046875, 0.80625, 0.7921875, 0.7984375, 0.8015625, 0.79375, 0.7828125, 0.7953125, 0.79375, 0.7921875, 0.7921875, 0.784375, 0.784375, 0.784375, 0.78125, 0.7828125, 0.775, 0.7734375, 0.7875, 0.78125, 0.78125, 0.790625, 0.7875, 0.784375, 0.79375, 0.796875, 0.7875, 0.796875, 0.79375, 0.7953125, 0.79375, 0.796875, 0.7984375, 0.79375, 0.796875, 0.790625, 0.7875, 0.79375, 0.7984375, 0.7984375, 0.7921875, 0.7890625, 0.790625, 0.7921875, 0.79375, 0.796875, 0.79375, 0.79375, 0.7984375, 0.790625, 0.790625, 0.79375, 0.7875, 0.79375, 0.7875, 0.7953125, 0.790625, 0.790625],