{"train": {"acc": [0.553125, 0.6974609375, 0.7380859375, 0.7646484375, 0.7689453125, 0.796875, 0.8123046875, 0.8294921875, 0.841796875, 0.8369140625, 0.859375, 0.858984375, 0.8625, 0.8740234375, 0.876171875, 0.8833984375, 0.8818359375, 0.8953125, 0.9025390625, 0.9029296875, 0.9134765625, 0.9193359375, 0.9203125, 0.919140625, 0.9173828125, 0.9173828125, 0.92109375, 0.9228515625, 0.9283203125, 0.929296875, 0.937890625, 0.9376953125, 0.9421875, 0.9451171875, 0.9486328125, 0.94375, 0.9466796875, 0.94453125, 0.9443359375, 0.9470703125, 0.9470703125, 0.9515625, 0.95703125, 0.958203125, 0.9609375, 0.9595703125, 0.955859375, 0.9556640625, 0.9548828125, 0.95703125, 0.957421875, 0.959375, 0.959375, 0.955859375, 0.9626953125, 0.9615234375, 0.96171875, 0.9640625, 0.9634765625, 0.96640625, 0.967578125, 0.9646484375, 0.9646484375, 0.9609375, 0.9658203125, 0.9666015625, 0.9650390625, 0.96640625, 0.9693359375, 0.969921875, 0.969921875, 0.9708984375, 0.9716796875, 0.971875, 0.9720703125, 0.972265625, 0.97109375, 0.9736328125, 0.9732421875, 0.9732421875, 0.9724609375, 0.9748046875, 0.9736328125, 0.975, 0.9744140625, 0.973828125, 0.974609375, 0.973828125, 0.9751953125, 0.975390625, 0.973046875, 0.973828125, 0.975390625, 0.97734375, 0.97734375, 0.9748046875, 0.9771484375, 0.9787109375, 0.977734375, 0.9783203125, 0.97734375, 0.978515625, 0.9787109375, 0.978515625, 0.9783203125, 0.9791015625, 0.97890625, 0.97890625, 0.9783203125, 0.978515625, 0.9791015625, 0.9791015625, 0.9802734375, 0.977734375, 0.980078125, 0.9796875, 0.980078125, 0.980078125, 0.9798828125, 0.9806640625, 0.9796875, 0.98046875, 0.98046875, 0.9802734375, 0.98046875, 0.98046875, 0.9806640625, 0.9806640625, 0.980859375, 0.9798828125, 0.9810546875, 0.980859375, 0.9802734375, 0.980859375, 0.9810546875, 0.9814453125, 0.9810546875, 0.9810546875, 0.98125, 0.98046875, 0.9806640625, 0.9810546875, 0.98046875, 0.980859375, 0.980859375, 0.9806640625, 0.9810546875, 0.98125, 0.98125, 0.980859375], "loss": [16.4123508115358, 13.488478346715999, 12.768427257296405, 12.268016078804113, 12.135219079029712, 11.669142324713212, 11.348229046109356, 11.063145082208175, 10.82985455476785, 10.884634935403172, 10.496534745904464, 10.50050079973438, 10.430238373671905, 10.206897095788884, 10.165220043327235, 10.06668566450288, 10.020541553255878, 9.816591154170942, 9.707337584676623, 9.680722007268592, 9.492338313332088, 9.35932201675222, 9.333581972725783, 9.372142164013054, 9.3945985262907, 9.410777949079682, 9.30401773090604, 9.301798446268975, 9.177241228803803, 9.162004881267306, 9.016575300240818, 8.98610391496103, 8.935974622074562, 8.875788911988463, 8.813643606403206, 8.87943791135957, 8.842779956286467, 8.876860751381404, 8.883115943474106, 8.823561366600327, 8.816946041734912, 8.75749368909039, 8.645863201044783, 8.621771118308924, 8.590424048749707, 8.606737414492837, 8.668649854539316, 8.660538697544533, 8.671842587145068, 8.648005298421353, 8.628722317611114, 8.602290775202498, 8.593439210819293, 8.654684410819524, 8.53202185449721, 8.550154040131387, 8.54748540588572, 8.50782458993453, 8.519030468373359, 8.46375918086571, 8.438968670519092, 8.494881485081926, 8.490700359585919, 8.554335817506042, 8.476750639420521, 8.452687142770502, 8.480621712117255, 8.459695278843746, 8.4207475275933, 8.39832620379291, 8.396552562713623, 8.385809735406804, 8.36709985250159, 8.367373212983336, 8.36341873603531, 8.360860540897031, 8.377123247219037, 8.335948322392717, 8.342286019385616, 8.341158534907088, 8.349604721310772, 8.307519677319105, 8.320578279374521, 8.308682695219789, 8.318033260635183, 8.318185709699799, 8.303543060640745, 8.327646430534653, 8.294560396218602, 8.299321271196197, 8.336619703075554, 8.31687309168562, 8.290523873099797, 8.2613624077809, 8.256964363629304, 8.291210657433618, 8.255431561530392, 8.234987771963771, 8.25067734416527, 8.244726114635226, 8.250894130030765, 8.24041129365752, 8.231273198429543, 8.237187886539894, 8.232607135289832, 8.219853020921539, 8.222968789595592, 8.227772525594204, 8.239030493965632, 8.223127184034903, 8.22030654738221, 8.221679464171205, 8.202530365955981, 8.237343812290627, 8.201027387305151, 8.204811235017415, 8.20552562158319, 8.20240073867991, 8.205495411836647, 8.195909065536306, 8.2117011939423, 8.194923787177364, 8.196501749980298, 8.19850368137601, 8.191378460654729, 8.197184562683105, 8.19069731386402, 8.187374477145038, 8.189706391926054, 8.19895907293392, 8.18433657175378, 8.185074721710592, 8.196524233757694, 8.186837546433075, 8.183749066123479, 8.177504708495322, 8.181836037696163, 8.183064617688142, 8.181297628185417, 8.190563129473336, 8.190515409542035, 8.184562689141382, 8.189386892922316, 8.187843956524812, 8.190457567383971, 8.185760220394858, 8.180456535725654, 8.18007753468767, 8.177880691576608, 8.183783277680602]}, "valid": {"acc": [0.584375, 0.6765625, 0.73125, 0.6859375, 0.715625, 0.7515625, 0.7515625, 0.7609375, 0.778125, 0.771875, 0.7625, 0.7625, 0.75, 0.7359375, 0.7703125, 0.7375, 0.7578125, 0.775, 0.7765625, 0.775, 0.7890625, 0.7859375, 0.7609375, 0.7890625, 0.7796875, 0.784375, 0.7640625, 0.740625, 0.790625, 0.7453125, 0.79375, 0.7515625, 0.775, 0.790625, 0.784375, 0.784375, 0.7875, 0.796875, 0.7859375, 0.7890625, 0.76875, 0.7875, 0.7796875, 0.7875, 0.78125, 0.7640625, 0.7796875, 0.7796875, 0.76875, 0.771875, 0.78125, 0.790625, 0.7890625, 0.8046875, 0.8015625, 0.8015625, 0.81875, 0.7984375, 0.8015625, 0.8, 0.784375, 0.79375, 0.771875, 0.7890625, 0.8015625, 0.80625, 0.7875, 0.784375, 0.790625, 0.809375, 0.7828125, 0.8109375, 0.803125, 0.7984375, 0.7890625, 0.8, 0.7890625, 0.7890625, 0.7875, 0.7765625, 0.8015625, 0.8046875, 0.790625, 0.79375, 0.80625, 0.7984375, 0.796875, 0.790625, 0.79375, 0.7921875, 0.79375, 0.7890625, 0.7953125, 0.78125, 0.796875, 0.7921875, 0.7890625, 0.7859375, 0.7859375, 0.7921875, 0.7828125, 0.790625, 0.7859375, 0.7953125, 0.7921875, 0.7984375, 0.7921875, 0.7984375, 0.8015625, 0.7875, 0.7921875, 0.7953125, 0.79375, 0.803125, 0.8015625, 0.7953125, 0.79375, 0.796875, 0.7953125, 0.7984375, 0.796875, 0.7984375, 0.7953125, 0.7890625, 0.796875, 0.8, 0.7921875, 0.790625, 0.79375, 0.7921875, 0.790625, 0.790625, 0.790625, 0.79375, 0.7953125, 0.796875, 0.796875, 0.7921875, 0.79375, 0.7953125, 0.7984375, 0.7953125, 0.7921875, 0.7953125, 0.7953125, 0.796875, 0.7921875, 0.7921875, 0.7921875, 0.78125],