{"precision": 0.6370014798533543, "recall": 0.6003567107576914, "f1-score": 0.6131768397306627, "auc": 0.21337266470009833}