{"precision": 0.7614990031746769, "recall": 0.7265665839903975, "f1-score": 0.7386814813386782, "auc": 0.14558392797468106}