{"precision": 0.517580905234531, "recall": 0.5041152694832953, "f1-score": 0.5094647753337044, "auc": 0.17018690338121154}