{"precision": 0.7150973540882589, "recall": 0.6586852284541781, "f1-score": 0.673125738925148, "auc": 0.23392798614037552}