{"precision": 0.6440826425729065, "recall": 0.5986148932390367, "f1-score": 0.6079675961193749, "auc": 0.24174857290012447}