{"precision": 0.7124727257812435, "recall": 0.666183047192196, "f1-score": 0.6830559454776028, "auc": 0.18907529930686828}