{"precision": 0.7272829993850146, "recall": 0.6750064961668798, "f1-score": 0.690340549149225, "auc": 0.228847684599897}