{"precision": 0.7115455797115066, "recall": 0.6639009170940723, "f1-score": 0.6784287666231934, "auc": 0.17754132134663106}