{"precision": 0.7381927308473346, "recall": 0.7248643698455385, "f1-score": 0.7282333110711094, "auc": 0.15053763440860216}