{"precision": 0.6997076496056129, "recall": 0.6056409745643763, "f1-score": 0.6260878817553837, "auc": 0.24064337525215673}