{"train": {"acc": [0.5533203125, 0.646484375, 0.6841796875, 0.703125, 0.7125, 0.7142578125, 0.7189453125, 0.7494140625, 0.7505859375, 0.75234375, 0.7576171875, 0.7626953125, 0.7755859375, 0.7748046875, 0.7794921875, 0.78359375, 0.7904296875, 0.784765625, 0.7810546875, 0.79296875, 0.7958984375, 0.7890625, 0.7939453125, 0.79296875, 0.80625, 0.803125, 0.793359375, 0.79765625, 0.8130859375, 0.81328125, 0.8189453125, 0.81484375, 0.81484375, 0.809375, 0.80859375, 0.8181640625, 0.82421875, 0.832421875, 0.83515625, 0.8396484375, 0.8416015625, 0.84296875, 0.851953125, 0.8474609375, 0.8521484375, 0.8474609375, 0.8505859375, 0.85390625, 0.8619140625, 0.8654296875, 0.8662109375, 0.8630859375, 0.8654296875, 0.8646484375, 0.8681640625, 0.8685546875, 0.876171875, 0.8861328125, 0.878515625, 0.8779296875, 0.8880859375, 0.890625, 0.88984375, 0.8880859375, 0.8826171875, 0.898046875, 0.8998046875, 0.90078125, 0.9083984375, 0.9091796875, 0.9072265625, 0.911328125, 0.9072265625, 0.9154296875, 0.9169921875, 0.917578125, 0.9203125, 0.922265625, 0.92265625, 0.919921875, 0.92109375, 0.92265625, 0.9208984375, 0.925390625, 0.926171875, 0.928125, 0.9234375, 0.93125, 0.93125, 0.930078125, 0.9353515625, 0.934375, 0.9369140625, 0.9345703125, 0.937109375, 0.9369140625, 0.9384765625, 0.9404296875, 0.93984375, 0.93984375, 0.9416015625, 0.941015625, 0.9412109375, 0.943359375, 0.9431640625, 0.9447265625, 0.9443359375, 0.9447265625, 0.9453125, 0.9470703125, 0.9470703125, 0.9478515625, 0.947265625, 0.9466796875, 0.948828125, 0.94765625, 0.9482421875, 0.94765625, 0.94921875, 0.949609375, 0.949609375, 0.9484375, 0.9494140625, 0.950390625, 0.950390625, 0.949609375, 0.9505859375, 0.95, 0.9513671875, 0.9513671875, 0.9509765625, 0.9501953125, 0.9490234375, 0.95078125, 0.9517578125, 0.950390625, 0.9517578125, 0.95078125, 0.9515625, 0.9515625, 0.952734375, 0.9515625, 0.9517578125, 0.9509765625, 0.9525390625, 0.9515625, 0.9515625, 0.9521484375, 0.951171875, 0.9525390625], "loss": [2.550942876670934, 2.3829502878309805, 2.3218918661527996, 2.2862565773951857, 2.274994708314727, 2.270850679542445, 2.2623406814623483, 2.212766719769828, 2.2122350131409076, 2.205425908293905, 2.1984958799579477, 2.1935706983638714, 2.168756611739533, 2.172815030134177, 2.1629123476487173, 2.158272207537784, 2.146273080306717, 2.1549306127089487, 2.1596522844290433, 2.142532407482968, 2.138970479180541, 2.1483954674080956, 2.1379161997686458, 2.1415169767186613, 2.1189648954174185, 2.125959606110295, 2.140590216540083, 2.1329750562015968, 2.1071686925767343, 2.1079594228841083, 2.09964595565313, 2.105320978768264, 2.1060867762263817, 2.115240730816805, 2.1153969040399865, 2.1002714694300786, 2.0916446190846116, 2.0750598168071313, 2.0725704356084895, 2.0629941104333613, 2.0607402249227595, 2.061833265461499, 2.0445136812668814, 2.053140107589432, 2.044751879535144, 2.0516521040397353, 2.0470287498039537, 2.0411269755303105, 2.0282762925836106, 2.0217854976654053, 2.020164187950424, 2.027643731877774, 2.0228652712665025, 2.0235473521148104, 2.018545422372939, 2.016585470754889, 2.003436444680902, 1.9885049771658982, 2.0018251349654377, 2.0018233377722243, 1.98564696010155, 1.9816461876977849, 1.9822645247737063, 1.9845951493782332, 1.9926726742635799, 1.9682290448418147, 1.9664668750159349, 1.965036452571048, 1.9506337355963792, 1.9511390441580663, 1.9542287271234053, 1.9472455510610267, 1.9531096446363232, 1.9396962259389177, 1.938429165490066, 1.9377401659760294, 1.9315847022623955, 1.929396386387982, 1.9283798299258268, 1.9328630800488629, 1.930297626724726, 1.9292324977585031, 1.9302963531469997, 1.9245190454434744, 1.9232505092137977, 1.9193820470496068, 1.925650400451467, 1.9142983382261252, 1.9147654500188707, 1.9149786218812195, 1.9076407468771632, 1.909441715554346, 1.9063029500502575, 1.907951840871497, 1.9049872009060052, 1.9049810699269742, 1.9026038903224318, 1.8990464421767224, 1.8992593077164661, 1.9002911169317704, 1.897477008119414, 1.8979751686506634, 1.8981821974621544, 1.8944904230817963, 1.8944804034655607, 1.8917532268958757, 1.892937651163415, 1.8919413285919382, 1.8906017330628406, 1.888565203811549, 1.888264745096617, 1.8864686564554143, 1.8879514857183528, 1.8883118161672279, 1.8856292359436615, 1.886967399452306, 1.8860151254678075, 1.8870314435113835, 1.8844981902762303, 1.8841303088996983, 1.8836560385136665, 1.8853558724439596, 1.8838553715355788, 1.882412854629227, 1.8827354968348635, 1.8837260143666328, 1.8823139229907264, 1.8829799000220964, 1.8807905791681023, 1.8808780863315244, 1.8816654893416394, 1.8820476200007186, 1.8838227851481377, 1.8822776516781579, 1.8803114181832423, 1.8824076335641402, 1.8805449687981908, 1.8815510906750643, 1.8804805957818334, 1.8804312582257428, 1.8786193041861812, 1.8801896391035635, 1.8802654939361765, 1.881214487401745, 1.8792240529120723, 1.880991644497159, 1.8809441584575026, 1.880047520504722, 1.880804929552199, 1.8791329936136174]}, "valid": {"acc": [0.6, 0.5265625, 0.665625, 0.6609375, 0.7140625, 0.565625, 0.7140625, 0.7453125, 0.715625, 0.7703125, 0.7578125, 0.75, 0.771875, 0.7703125, 0.7359375, 0.7609375, 0.7546875, 0.7671875, 0.7796875, 0.784375, 0.7765625, 0.7859375, 0.75625, 0.76875, 0.765625, 0.7828125, 0.7765625, 0.7734375, 0.790625, 0.7875, 0.778125, 0.7890625, 0.771875, 0.7921875, 0.7921875, 0.8015625, 0.8015625, 0.784375, 0.8078125, 0.7859375, 0.78125, 0.803125, 0.7796875, 0.8140625, 0.8140625, 0.8, 0.7890625, 0.7953125, 0.8140625, 0.8046875, 0.7984375, 0.8203125, 0.81875, 0.8078125, 0.7921875, 0.7984375, 0.8125, 0.8046875, 0.78125, 0.8015625, 0.7875, 0.8109375, 0.8109375, 0.7859375, 0.825, 0.8078125, 0.8125, 0.803125, 0.815625, 0.815625, 0.784375, 0.803125, 0.8046875, 0.81875, 0.803125, 0.8078125, 0.803125, 0.815625, 0.803125, 0.8125, 0.796875, 0.7953125, 0.8078125, 0.803125, 0.8046875, 0.7984375, 0.7859375, 0.8140625, 0.7921875, 0.7921875, 0.8046875, 0.809375, 0.8, 0.790625, 0.7984375, 0.8109375, 0.8109375, 0.79375, 0.8015625, 0.796875, 0.7984375, 0.7984375, 0.796875, 0.7984375, 0.7875, 0.79375, 0.7953125, 0.809375, 0.8046875, 0.796875, 0.79375, 0.7921875, 0.8, 0.803125, 0.8046875, 0.803125, 0.8, 0.7953125, 0.7921875, 0.7921875, 0.796875, 0.803125, 0.803125, 0.80625, 0.8078125, 0.803125, 0.8, 0.7984375, 0.8015625, 0.8015625, 0.7984375, 0.7953125, 0.803125, 0.80625, 0.8078125, 0.803125, 0.8078125, 0.8015625, 0.8, 0.7953125, 0.8078125, 0.8046875, 0.80625, 0.803125, 0.8046875, 0.803125, 0.803125, 0.796875, 0.796875, 0.80625],