{"train": {"acc": [0.545703125, 0.6333984375, 0.658984375, 0.6736328125, 0.6888671875, 0.7228515625, 0.735546875, 0.741015625, 0.746875, 0.751171875, 0.7537109375, 0.7646484375, 0.7646484375, 0.778515625, 0.7775390625, 0.784765625, 0.78828125, 0.7861328125, 0.7869140625, 0.7970703125, 0.7939453125, 0.7876953125, 0.7865234375, 0.788671875, 0.7935546875, 0.7876953125, 0.7984375, 0.809765625, 0.8091796875, 0.8162109375, 0.8130859375, 0.81640625, 0.8216796875, 0.8201171875, 0.812109375, 0.81328125, 0.834375, 0.8357421875, 0.8244140625, 0.8349609375, 0.8228515625, 0.8291015625, 0.831640625, 0.830078125, 0.83828125, 0.8513671875, 0.8453125, 0.85, 0.8525390625, 0.8498046875, 0.8576171875, 0.862109375, 0.8591796875, 0.8623046875, 0.866015625, 0.8669921875, 0.863671875, 0.867578125, 0.8712890625, 0.8751953125, 0.878125, 0.88046875, 0.88203125, 0.8810546875, 0.8822265625, 0.8822265625, 0.8865234375, 0.8953125, 0.8970703125, 0.89453125, 0.8953125, 0.8990234375, 0.9001953125, 0.9033203125, 0.9021484375, 0.902734375, 0.9076171875, 0.909375, 0.9072265625, 0.91484375, 0.9123046875, 0.9146484375, 0.9123046875, 0.90625, 0.9095703125, 0.914453125, 0.91484375, 0.916015625, 0.919921875, 0.9205078125, 0.92421875, 0.9220703125, 0.923046875, 0.925390625, 0.9220703125, 0.9283203125, 0.9251953125, 0.9283203125, 0.92734375, 0.926953125, 0.92890625, 0.9310546875, 0.93125, 0.930859375, 0.9322265625, 0.93203125, 0.9326171875, 0.9328125, 0.9359375, 0.9349609375, 0.93359375, 0.935546875, 0.935546875, 0.935546875, 0.9365234375, 0.9357421875, 0.93828125, 0.939453125, 0.93984375, 0.9375, 0.9396484375, 0.938671875, 0.93984375, 0.9404296875, 0.9408203125, 0.9421875, 0.941796875, 0.9427734375, 0.94296875, 0.941796875, 0.9431640625, 0.9431640625, 0.9423828125, 0.9421875, 0.9427734375, 0.9431640625, 0.94296875, 0.9439453125, 0.9412109375, 0.9419921875, 0.942578125, 0.94375, 0.9421875, 0.9431640625, 0.94140625, 0.9427734375, 0.9439453125, 0.94375, 0.9439453125, 0.9435546875], "loss": [2.563994564587557, 2.404539301425596, 2.361950340150278, 2.338554466827006, 2.3101144953619075, 2.258395988729936, 2.234403181679641, 2.2272436890421035, 2.2172172763679603, 2.2097220903710473, 2.205007216598414, 2.187873955014386, 2.187704618973068, 2.1650589417807664, 2.1685618871374976, 2.156026038942458, 2.1493028462687627, 2.152457772930966, 2.1509422471251667, 2.1371954422962816, 2.1429678292214116, 2.151339865938018, 2.152638586261604, 2.1494343190253535, 2.1401840493648865, 2.150615489935573, 2.1293525967416884, 2.1139988476717018, 2.114317937742306, 2.1026705080949806, 2.108869380588773, 2.1006995635696604, 2.0940052633044086, 2.099053088622757, 2.111768536929843, 2.1081024740315693, 2.075779087935822, 2.0722715899914124, 2.0897854898549335, 2.07176150702223, 2.0918996530243112, 2.0847107669975182, 2.075935691217833, 2.080392647393142, 2.0667960794666147, 2.0450570251368267, 2.055966045283064, 2.048972431617447, 2.0460188253016414, 2.047173611725433, 2.0368271040011057, 2.0287771345693852, 2.033248748960374, 2.026294666000559, 2.020207641999933, 2.022550993327853, 2.025269472146336, 2.0181151115441622, 2.011062824273411, 2.0061760748488995, 2.002784940260875, 1.9971747353107114, 1.995759527894515, 1.9984320915198024, 1.9955235266987281, 1.9936448954328705, 1.9871300655075266, 1.9743144210380843, 1.9701121472105194, 1.9755569620977473, 1.9720982343335696, 1.9669029456150682, 1.9659511982640134, 1.9605898479872113, 1.963189755813985, 1.9623145151741896, 1.9516413030745108, 1.950669613065599, 1.954381751108773, 1.9417304192917257, 1.9458039018172253, 1.941818256921406, 1.9467059222957757, 1.9555553529835954, 1.949063773396649, 1.9423021545893029, 1.9413068339794497, 1.9389878466159483, 1.9328755185573916, 1.9315997513034675, 1.9252723576147346, 1.9294177806830104, 1.9279412332969377, 1.9251948761034616, 1.929298339010794, 1.9197979908955247, 1.924129674706278, 1.9192737612543227, 1.9203348612483544, 1.9211826746976828, 1.917464386058759, 1.9142806228203109, 1.9147846728940554, 1.9145975399620925, 1.9130633843095997, 1.9134764837313303, 1.9112454682965823, 1.911109741730026, 1.9072670680058152, 1.9087313685236098, 1.9101910485497005, 1.907337819473653, 1.9065229756922661, 1.9068285422989084, 1.9053760027583642, 1.9070135445534429, 1.9028198009804835, 1.9005064315433744, 1.8998677866368354, 1.9040764992750143, 1.900499926337713, 1.9018072553827792, 1.9003373082680037, 1.8987607699406297, 1.898671325249008, 1.8963073507139954, 1.8972555791275412, 1.8954892264136785, 1.8951811820645876, 1.8965040249160574, 1.8943957980675032, 1.8944309421732455, 1.896253223660626, 1.896236578120461, 1.895034251333792, 1.8946601408946364, 1.8945236281503606, 1.8929763609849954, 1.8973805059360553, 1.89576631859888, 1.8951972511750232, 1.89335919030105, 1.8959381037120577, 1.8946807203413565, 1.8969467289840118, 1.8952292626417135, 1.8931930729105502, 1.8937757060497622, 1.8935888688775557, 1.8938961708092992]}, "valid": {"acc": [0.565625, 0.5875, 0.609375, 0.6203125, 0.7046875, 0.7109375, 0.6828125, 0.7109375, 0.70625, 0.7265625, 0.721875, 0.7484375, 0.7734375, 0.746875, 0.7765625, 0.78125, 0.7703125, 0.7734375, 0.784375, 0.76875, 0.775, 0.7515625, 0.7546875, 0.8015625, 0.74375, 0.775, 0.75625, 0.7890625, 0.7921875, 0.79375, 0.7859375, 0.771875, 0.78125, 0.784375, 0.74375, 0.778125, 0.8, 0.7953125, 0.809375, 0.7765625, 0.7609375, 0.7953125, 0.796875, 0.790625, 0.803125, 0.80625, 0.7859375, 0.8125, 0.8296875, 0.7953125, 0.8, 0.8125, 0.8171875, 0.8234375, 0.7921875, 0.8125, 0.796875, 0.8234375, 0.8, 0.8015625, 0.80625, 0.81875, 0.803125, 0.8, 0.7953125, 0.825, 0.821875, 0.815625, 0.8140625, 0.828125, 0.8203125, 0.8265625, 0.8109375, 0.8171875, 0.815625, 0.821875, 0.8125, 0.8234375, 0.815625, 0.81875, 0.815625, 0.8046875, 0.809375, 0.8265625, 0.8171875, 0.821875, 0.8046875, 0.8046875, 0.828125, 0.809375, 0.8046875, 0.8234375, 0.8125, 0.8109375, 0.8203125, 0.83125, 0.8125, 0.815625, 0.821875, 0.821875, 0.825, 0.81875, 0.8140625, 0.8140625, 0.8171875, 0.828125, 0.81875, 0.8171875, 0.8109375, 0.8234375, 0.821875, 0.825, 0.821875, 0.821875, 0.8296875, 0.828125, 0.8265625, 0.8296875, 0.8296875, 0.8265625, 0.8265625, 0.8171875, 0.8234375, 0.8203125, 0.8203125, 0.815625, 0.828125, 0.821875, 0.8234375, 0.821875, 0.8203125, 0.8203125, 0.8171875, 0.8125, 0.815625, 0.8203125, 0.8203125, 0.821875, 0.8203125, 0.8171875, 0.8234375, 0.821875, 0.821875, 0.81875, 0.8203125, 0.821875, 0.821875, 0.821875, 0.8234375, 0.8203125],