{"train": {"acc": [0.519140625, 0.6400390625, 0.6890625, 0.7109375, 0.713671875, 0.7259765625, 0.732421875, 0.7470703125, 0.752734375, 0.7521484375, 0.766796875, 0.7578125, 0.781640625, 0.7912109375, 0.77734375, 0.781640625, 0.783984375, 0.79296875, 0.78515625, 0.791796875, 0.8044921875, 0.798828125, 0.8119140625, 0.7974609375, 0.8048828125, 0.817578125, 0.7990234375, 0.8109375, 0.802734375, 0.8, 0.8060546875, 0.8234375, 0.8076171875, 0.82265625, 0.8162109375, 0.818359375, 0.8255859375, 0.8208984375, 0.83046875, 0.833203125, 0.83203125, 0.84296875, 0.8470703125, 0.8474609375, 0.858984375, 0.8556640625, 0.8576171875, 0.867578125, 0.867578125, 0.871484375, 0.8763671875, 0.8771484375, 0.873828125, 0.8779296875, 0.879296875, 0.8828125, 0.87890625, 0.8787109375, 0.883984375, 0.8939453125, 0.892578125, 0.8994140625, 0.8884765625, 0.8974609375, 0.9025390625, 0.9001953125, 0.9046875, 0.9025390625, 0.9072265625, 0.9064453125, 0.9072265625, 0.9103515625, 0.91171875, 0.9125, 0.911328125, 0.9203125, 0.9203125, 0.91953125, 0.9189453125, 0.9240234375, 0.9228515625, 0.92734375, 0.92890625, 0.9275390625, 0.93125, 0.9296875, 0.93203125, 0.931640625, 0.93046875, 0.9337890625, 0.9333984375, 0.93359375, 0.9333984375, 0.9365234375, 0.9376953125, 0.9392578125, 0.9380859375, 0.9392578125, 0.941796875, 0.9431640625, 0.94375, 0.9435546875, 0.9451171875, 0.9455078125, 0.9474609375, 0.94609375, 0.9474609375, 0.948046875, 0.9482421875, 0.9482421875, 0.9486328125, 0.9484375, 0.948828125, 0.9494140625, 0.9501953125, 0.9509765625, 0.9498046875, 0.95, 0.9505859375, 0.951953125, 0.950390625, 0.9517578125, 0.9515625, 0.9515625, 0.951953125, 0.9517578125, 0.951171875, 0.9525390625, 0.9529296875, 0.952734375, 0.951953125, 0.9521484375, 0.9521484375, 0.952734375, 0.9533203125, 0.953125, 0.9533203125, 0.95390625, 0.953515625, 0.952734375, 0.9533203125, 0.9537109375, 0.95390625, 0.954296875, 0.952734375, 0.954296875, 0.9544921875, 0.95390625, 0.9541015625, 0.95390625], "loss": [2.603936138032358, 2.389397569849521, 2.314441092406647, 2.277118871483622, 2.2742767756498314, 2.2518025561224055, 2.2396630818330787, 2.2200758517542973, 2.2074531120590017, 2.206341176093379, 2.185742432558084, 2.2004432165170016, 2.160565756544282, 2.14595153512834, 2.1659578763985934, 2.1597132878967478, 2.1576199652273442, 2.1430217072933533, 2.154807603811916, 2.1431130397168894, 2.1219535794439195, 2.130306913882871, 2.111476122578488, 2.1343910347057293, 2.122149914125853, 2.1026615326917626, 2.131086622612386, 2.1129373840138883, 2.126666806921174, 2.131441650511343, 2.119939586784266, 2.093585009816327, 2.117678296716907, 2.0942020974581754, 2.102735425852522, 2.1011612370044372, 2.087525954729394, 2.0952496422997005, 2.0796970581706566, 2.0749740510047237, 2.076958147785332, 2.0586886571932443, 2.053175627430783, 2.051327454892895, 2.0336735097667837, 2.0378874645957463, 2.034982811046552, 2.016083832028546, 2.019766573664508, 2.0135959009580975, 2.0044866830487793, 2.004670084277286, 2.009122561804856, 2.0011328519145146, 1.9988860329495202, 1.9953607441503791, 1.9986707183379162, 2.000846132447448, 1.9912269673769987, 1.9760547031330158, 1.9780490851100487, 1.9678298234939575, 1.9838553078566925, 1.9706159935721868, 1.9599220118945158, 1.9652775390238701, 1.9579276797137684, 1.9605983027928993, 1.9547408668300774, 1.9557158886631834, 1.9538609468484227, 1.9487127729609042, 1.9465955435475217, 1.9458974720556526, 1.9471124244641653, 1.932816141768347, 1.93228885493701, 1.9339864450164987, 1.9336117913451376, 1.9266253438176988, 1.9279370488999765, 1.9207511008540286, 1.9183637809149827, 1.9200185990031762, 1.9142654455160792, 1.9169375232503385, 1.9132834567299373, 1.9150204296353497, 1.9154059841663023, 1.9108117200151276, 1.9115287850174723, 1.9105929573879967, 1.9105710138248493, 1.9051933273484436, 1.9044066939172866, 1.9023506581028806, 1.9040532760982272, 1.9008920539783527, 1.8975651460357859, 1.8954042498069474, 1.8932859716536123, 1.894444556175908, 1.892083367214927, 1.8907715580131434, 1.887616229962699, 1.8894786563100694, 1.8885945036441465, 1.8865424575684946, 1.8853937462915349, 1.886032469664948, 1.885403889643995, 1.886099874218808, 1.8851386172861992, 1.8843787802925593, 1.8828727912299241, 1.8814380606518517, 1.8833454424821878, 1.8831351769121387, 1.881976868532881, 1.8801193010957935, 1.8826320171356201, 1.8805084213425842, 1.8807114981397797, 1.8811666090277177, 1.880034063435808, 1.87958187694791, 1.881417046619367, 1.8791499379314953, 1.878707022606572, 1.8785726043242443, 1.8803285420695437, 1.8792404962491385, 1.8791675688345222, 1.8781547652015202, 1.8774465171596673, 1.8780097161667257, 1.8778005144264125, 1.8768066786512543, 1.8771367555932155, 1.8784585059443606, 1.8782035293458383, 1.8766518619996082, 1.8761379175548312, 1.8761282646203343, 1.8787867600404764, 1.8757383747945857, 1.8758165564718126, 1.876525510715533, 1.8764562621901306, 1.877004268803174]}, "valid": {"acc": [0.5203125, 0.63125, 0.6609375, 0.65, 0.653125, 0.64375, 0.6234375, 0.684375, 0.7328125, 0.7625, 0.7578125, 0.73125, 0.753125, 0.76875, 0.75625, 0.7484375, 0.75625, 0.7484375, 0.7640625, 0.775, 0.771875, 0.7703125, 0.7578125, 0.76875, 0.7921875, 0.7734375, 0.7578125, 0.7671875, 0.75, 0.7484375, 0.7703125, 0.7765625, 0.7703125, 0.784375, 0.75625, 0.79375, 0.7828125, 0.775, 0.7734375, 0.8015625, 0.8078125, 0.7828125, 0.7890625, 0.803125, 0.790625, 0.790625, 0.803125, 0.7984375, 0.7859375, 0.7875, 0.796875, 0.7734375, 0.7765625, 0.7984375, 0.809375, 0.809375, 0.8078125, 0.7828125, 0.8, 0.7921875, 0.796875, 0.8046875, 0.7953125, 0.7890625, 0.796875, 0.7734375, 0.8078125, 0.8046875, 0.784375, 0.7859375, 0.79375, 0.7984375, 0.7953125, 0.7921875, 0.80625, 0.8140625, 0.8078125, 0.796875, 0.809375, 0.7984375, 0.8140625, 0.8125, 0.83125, 0.8046875, 0.815625, 0.815625, 0.8203125, 0.8171875, 0.821875, 0.8, 0.8125, 0.8203125, 0.809375, 0.8015625, 0.7984375, 0.7953125, 0.79375, 0.796875, 0.8, 0.7953125, 0.79375, 0.7984375, 0.80625, 0.8015625, 0.7984375, 0.803125, 0.8015625, 0.8, 0.8078125, 0.8, 0.8078125, 0.803125, 0.7921875, 0.790625, 0.8015625, 0.796875, 0.7984375, 0.796875, 0.7953125, 0.80625, 0.8078125, 0.803125, 0.796875, 0.80625, 0.809375, 0.796875, 0.7953125, 0.7984375, 0.7984375, 0.796875, 0.8, 0.7984375, 0.803125, 0.796875, 0.8, 0.79375, 0.803125, 0.8, 0.7953125, 0.7984375, 0.8, 0.7953125, 0.7984375, 0.796875, 0.796875, 0.7953125, 0.7953125, 0.7953125, 0.7984375, 0.796875],