{"precision": 0.29931279390942517, "recall": 0.2258532799155875, "f1-score": 0.23621064576186118, "auc": 0.2579453229927605}