{"precision": 0.7039842572330841, "recall": 0.6115981031785338, "f1-score": 0.6386660572294766, "auc": 0.21800291858019658}