{"precision": 0.6698964819307391, "recall": 0.6034397976430842, "f1-score": 0.621449930339758, "auc": 0.23365809691403067}