{"train": {"acc": [0.5515625, 0.6580078125, 0.6890625, 0.7115234375, 0.7396484375, 0.7380859375, 0.7525390625, 0.749609375, 0.7748046875, 0.765234375, 0.7875, 0.7865234375, 0.7947265625, 0.7841796875, 0.80546875, 0.8033203125, 0.7947265625, 0.812890625, 0.8197265625, 0.8126953125, 0.8115234375, 0.812109375, 0.823046875, 0.8267578125, 0.8267578125, 0.840625, 0.844921875, 0.8408203125, 0.8431640625, 0.8525390625, 0.85625, 0.8568359375, 0.8611328125, 0.856640625, 0.86171875, 0.86875, 0.8662109375, 0.8734375, 0.8755859375, 0.879296875, 0.88046875, 0.8900390625, 0.8884765625, 0.88984375, 0.894921875, 0.881640625, 0.8875, 0.8904296875, 0.901171875, 0.90078125, 0.8955078125, 0.8953125, 0.9015625, 0.9109375, 0.9119140625, 0.914453125, 0.9177734375, 0.9201171875, 0.925, 0.9220703125, 0.92109375, 0.9224609375, 0.923046875, 0.92578125, 0.9306640625, 0.9333984375, 0.933203125, 0.9361328125, 0.93671875, 0.94140625, 0.940234375, 0.9419921875, 0.9447265625, 0.9455078125, 0.9416015625, 0.9384765625, 0.942578125, 0.9423828125, 0.945703125, 0.944921875, 0.94375, 0.943359375, 0.9470703125, 0.9482421875, 0.9490234375, 0.95390625, 0.9529296875, 0.950390625, 0.9556640625, 0.9525390625, 0.9541015625, 0.952734375, 0.955859375, 0.954296875, 0.9591796875, 0.96171875, 0.9587890625, 0.9623046875, 0.9611328125, 0.961328125, 0.9623046875, 0.96328125, 0.9623046875, 0.9625, 0.9623046875, 0.963671875, 0.9646484375, 0.963671875, 0.9646484375, 0.9638671875, 0.9638671875, 0.9654296875, 0.9646484375, 0.9650390625, 0.965234375, 0.96484375, 0.965234375, 0.9634765625, 0.9650390625, 0.9658203125, 0.965234375, 0.9662109375, 0.9654296875, 0.966796875, 0.965625, 0.9658203125, 0.96640625, 0.9671875, 0.966796875, 0.9666015625, 0.9662109375, 0.9669921875, 0.9669921875, 0.9671875, 0.9662109375, 0.9673828125, 0.9666015625, 0.966796875, 0.9673828125, 0.9673828125, 0.967578125, 0.96796875, 0.9677734375, 0.96796875, 0.9673828125, 0.9677734375, 0.9673828125, 0.967578125, 0.9671875, 0.9671875], "loss": [4.890544812890548, 4.417499548272241, 4.297998914235754, 4.198829614663426, 4.0918967271152935, 4.095415121392358, 4.037194970287854, 4.051298147515405, 3.943599043013174, 3.9807132256181936, 3.898001396203343, 3.901057982746559, 3.8672387418867666, 3.8994782665107826, 3.825904988035371, 3.8269564682924293, 3.856491191477715, 3.7895513184462923, 3.759855614432806, 3.792791429954239, 3.7983410599865493, 3.7923220501670354, 3.7507677319683608, 3.730774737611602, 3.7292230219780644, 3.679782864413684, 3.663841962814331, 3.6707467429245573, 3.66544414773772, 3.62575755240042, 3.6144030245044565, 3.608350403701203, 3.5898538812806335, 3.6094777312459825, 3.58602823486811, 3.561466220058972, 3.5698305806027184, 3.548511447785776, 3.533945074564294, 3.519592155384112, 3.5133429901509343, 3.4755927580821364, 3.4772259012053284, 3.4789456204523015, 3.4587532810018033, 3.5044994505145883, 3.486079994636246, 3.471316717847993, 3.437604650666442, 3.4345973533920096, 3.4497921255570425, 3.453611971456793, 3.42720041999334, 3.3850575670411316, 3.383463814288755, 3.37516613549824, 3.360124681569353, 3.351747361919548, 3.3364370171027846, 3.3466195245332355, 3.3441465202766127, 3.345009173019023, 3.340356452555596, 3.3249865725070618, 3.3063491597960266, 3.302657824528368, 3.2985231333141085, 3.286671421195887, 3.285561226591279, 3.2652538124519057, 3.272758109660088, 3.2631820485561707, 3.250736969935743, 3.250741300703604, 3.2628121828731103, 3.276327531548995, 3.259036652649505, 3.2604775126976304, 3.246654329420645, 3.2491908043245727, 3.2574256402027757, 3.254853164093404, 3.2435913719708407, 3.236370678189435, 3.232192292998109, 3.214851542364193, 3.217985397652735, 3.227519219434714, 3.20732206936124, 3.216104797170132, 3.21387044085732, 3.214204836495315, 3.204561013209669, 3.2114671182028856, 3.193022734002222, 3.1826329774494413, 3.1922510786901546, 3.180399659313733, 3.18275915218305, 3.184490182731725, 3.179845625841165, 3.1746252397947674, 3.177887660038622, 3.1778830274750915, 3.177747693242906, 3.172333035287978, 3.169956898387474, 3.1725749848764155, 3.171021014829225, 3.171974966797648, 3.1734238063232807, 3.167051469223409, 3.169440966618212, 3.166716741610177, 3.1677192162863816, 3.167918519128727, 3.1670847331421283, 3.172409591795523, 3.1664735486235798, 3.164272592037539, 3.1657756672629827, 3.1635083397732506, 3.1653916594348375, 3.1597658199600027, 3.1646220291717144, 3.164018522335004, 3.1621328365953665, 3.159088883218886, 3.15998523446578, 3.160283776778209, 3.163048795506924, 3.1600040574617023, 3.158736189709434, 3.1588324957256075, 3.1614604388611225, 3.157963556579397, 3.1586824700802185, 3.159534378896786, 3.1570349101778827, 3.157132495807696, 3.1568423796303664, 3.156224519391603, 3.156716153591494, 3.155585747730883, 3.1575474256201637, 3.1560088773316974, 3.1578492393976525, 3.15663418588759, 3.1582396724556068, 3.1589349855350544]}, "valid": {"acc": [0.503125, 0.6671875, 0.6578125, 0.65625, 0.7296875, 0.73125, 0.6921875, 0.7265625, 0.740625, 0.7484375, 0.7890625, 0.7796875, 0.7828125, 0.7671875, 0.7203125, 0.71875, 0.778125, 0.7578125, 0.7640625, 0.771875, 0.771875, 0.7703125, 0.75625, 0.771875, 0.784375, 0.778125, 0.8125, 0.790625, 0.7984375, 0.7796875, 0.7984375, 0.8, 0.809375, 0.7828125, 0.7828125, 0.778125, 0.790625, 0.7875, 0.79375, 0.79375, 0.7890625, 0.784375, 0.7890625, 0.7828125, 0.7984375, 0.8, 0.7859375, 0.7875, 0.7984375, 0.7953125, 0.796875, 0.790625, 0.7953125, 0.809375, 0.7578125, 0.7953125, 0.8046875, 0.78125, 0.8015625, 0.7859375, 0.7984375, 0.790625, 0.8046875, 0.796875, 0.8, 0.821875, 0.7984375, 0.8125, 0.8171875, 0.815625, 0.784375, 0.80625, 0.80625, 0.803125, 0.809375, 0.8109375, 0.784375, 0.803125, 0.8015625, 0.7875, 0.7890625, 0.78125, 0.809375, 0.7921875, 0.8, 0.8, 0.8015625, 0.7984375, 0.80625, 0.796875, 0.796875, 0.7921875, 0.8125, 0.8125, 0.803125, 0.8109375, 0.80625, 0.8046875, 0.8015625, 0.790625, 0.8109375, 0.8109375, 0.80625, 0.8046875, 0.80625, 0.80625, 0.80625, 0.7984375, 0.7984375, 0.790625, 0.803125, 0.80625, 0.803125, 0.80625, 0.809375, 0.8140625, 0.803125, 0.80625, 0.803125, 0.8046875, 0.8078125, 0.80625, 0.8109375, 0.815625, 0.803125, 0.8125, 0.8140625, 0.815625, 0.8078125, 0.80625, 0.809375, 0.815625, 0.80625, 0.8125, 0.8125, 0.809375, 0.809375, 0.8109375, 0.8171875, 0.8109375, 0.8125, 0.8203125, 0.815625, 0.8171875, 0.8203125, 0.815625, 0.81875, 0.8171875, 0.8234375, 0.8171875],