{"train": {"acc": [0.536328125, 0.633203125, 0.691015625, 0.7083984375, 0.70078125, 0.7166015625, 0.7322265625, 0.7515625, 0.7560546875, 0.7478515625, 0.7552734375, 0.74453125, 0.76171875, 0.7689453125, 0.7783203125, 0.765625, 0.7794921875, 0.7919921875, 0.780859375, 0.7779296875, 0.791796875, 0.8021484375, 0.7982421875, 0.796484375, 0.7994140625, 0.7986328125, 0.7984375, 0.8083984375, 0.79375, 0.7994140625, 0.8099609375, 0.8099609375, 0.8197265625, 0.8146484375, 0.8078125, 0.8154296875, 0.8244140625, 0.835546875, 0.8248046875, 0.826953125, 0.823046875, 0.8244140625, 0.8416015625, 0.845703125, 0.84296875, 0.844921875, 0.84453125, 0.84921875, 0.852734375, 0.8591796875, 0.859765625, 0.862890625, 0.8623046875, 0.871875, 0.87109375, 0.8734375, 0.8736328125, 0.8701171875, 0.8673828125, 0.8763671875, 0.8875, 0.8794921875, 0.8873046875, 0.88671875, 0.895703125, 0.8962890625, 0.8974609375, 0.9013671875, 0.9025390625, 0.9037109375, 0.907421875, 0.90625, 0.9076171875, 0.9099609375, 0.9103515625, 0.914453125, 0.9169921875, 0.918359375, 0.9181640625, 0.916015625, 0.9130859375, 0.92421875, 0.9251953125, 0.925, 0.9251953125, 0.9251953125, 0.927734375, 0.9259765625, 0.9291015625, 0.928125, 0.9326171875, 0.9328125, 0.9337890625, 0.9330078125, 0.931640625, 0.9306640625, 0.933984375, 0.9373046875, 0.93671875, 0.9369140625, 0.938671875, 0.9408203125, 0.9388671875, 0.9421875, 0.9423828125, 0.93984375, 0.9421875, 0.9427734375, 0.9421875, 0.9419921875, 0.94375, 0.9421875, 0.943359375, 0.9435546875, 0.9447265625, 0.9462890625, 0.9451171875, 0.9458984375, 0.94609375, 0.9455078125, 0.9466796875, 0.946875, 0.94765625, 0.9470703125, 0.947265625, 0.9478515625, 0.9482421875, 0.9470703125, 0.948046875, 0.9498046875, 0.948828125, 0.9482421875, 0.94921875, 0.948828125, 0.9484375, 0.9484375, 0.94921875, 0.94921875, 0.9484375, 0.9494140625, 0.948046875, 0.949609375, 0.94921875, 0.9490234375, 0.949609375, 0.948828125, 0.94921875, 0.94921875, 0.9498046875, 0.9490234375], "loss": [2.575023955936673, 2.4048793376246587, 2.3107230452042593, 2.2807740742647193, 2.293143507800525, 2.268164924428433, 2.2400527090965947, 2.21055594577065, 2.2028258571141883, 2.2142461734482004, 2.2049204111099243, 2.2206454277038574, 2.1940715494035166, 2.1815111048613924, 2.16379077977772, 2.187554751770406, 2.164192765573912, 2.144905508319034, 2.1634379896936538, 2.1652547075778625, 2.143827233133437, 2.129831985582279, 2.132259383986268, 2.1371325963660133, 2.1294489087937754, 2.134620453737959, 2.133790111239952, 2.1155475453485417, 2.1395648868778085, 2.131789230093171, 2.114169125315509, 2.1138736899895005, 2.098285599599911, 2.107733883435213, 2.115861708604837, 2.105364951906325, 2.0916427343706543, 2.072845270362081, 2.0876581548135493, 2.087206084516984, 2.0917658926565434, 2.0900528144232835, 2.0621479930756967, 2.054388434072084, 2.060439232029492, 2.0574758218813547, 2.057415489909015, 2.0488763836365713, 2.0430031652692, 2.03287412546858, 2.0315827795221835, 2.0260370532168617, 2.0263895505591285, 2.0104743815675565, 2.0122049880933157, 2.0097407178033757, 2.008165721651874, 2.0140621375434007, 2.0199617962293988, 2.004613416104377, 1.9876924255226232, 1.9987680881838255, 1.9865417812443986, 1.9878390967091428, 1.973049776463569, 1.9732239155829707, 1.9706356706498545, 1.963214332544351, 1.9608172661141505, 1.9607766474349588, 1.953466508961931, 1.9547079454494427, 1.9535893609252157, 1.9498333493365516, 1.947941481312619, 1.941259962093981, 1.9388999652258958, 1.936605756795859, 1.9359297103519681, 1.9400385150426551, 1.9442956296703484, 1.9260426578642447, 1.925054759918889, 1.9250642860992044, 1.9252382697938364, 1.9242847976805288, 1.9206545775449728, 1.922085485880888, 1.9178596418115157, 1.9191657998893834, 1.9120069485676439, 1.9117349793639364, 1.9098183233526689, 1.9100006034102621, 1.9139734385888787, 1.9148100886163832, 1.9093861398817618, 1.9045985454245458, 1.9052742327315897, 1.9047701177717764, 1.9013866231411318, 1.8985709600810763, 1.901743004593668, 1.8968003671380538, 1.8964282968376256, 1.8994990662683415, 1.8961277415480795, 1.8953650450404687, 1.8959040294719647, 1.8956027121483525, 1.8934301620797267, 1.895099600659141, 1.8938804351830785, 1.8936355159252505, 1.8917060411429103, 1.8897056036357638, 1.8913782895365847, 1.8898206043847, 1.8892414313328416, 1.8908102120025247, 1.887910532045968, 1.887982587271099, 1.8870707433434981, 1.8875213272963898, 1.887078522126886, 1.8868846274629425, 1.8859339303608182, 1.8876868637302253, 1.8870336964160581, 1.8834384272370157, 1.8852893461154987, 1.8859360112419612, 1.8844501926929136, 1.8849779729601703, 1.8855594230603567, 1.8858787938009334, 1.8842626402649698, 1.8846211010896707, 1.8854952416842496, 1.88394050356708, 1.8863648312001289, 1.8836899709097947, 1.8844272682938394, 1.88423835024049, 1.8838654273672948, 1.8850440149065815, 1.884675772884224, 1.8843070796773405, 1.8831447000744976, 1.8852995105936556]}, "valid": {"acc": [0.521875, 0.6265625, 0.6890625, 0.725, 0.5921875, 0.7140625, 0.73125, 0.7546875, 0.7328125, 0.7140625, 0.7359375, 0.7421875, 0.7515625, 0.7625, 0.74375, 0.746875, 0.7796875, 0.7671875, 0.7734375, 0.7765625, 0.771875, 0.7890625, 0.7625, 0.790625, 0.7765625, 0.7109375, 0.7640625, 0.7734375, 0.771875, 0.7796875, 0.784375, 0.79375, 0.7421875, 0.7953125, 0.7703125, 0.7953125, 0.790625, 0.775, 0.6859375, 0.778125, 0.7671875, 0.7859375, 0.809375, 0.790625, 0.765625, 0.7890625, 0.8046875, 0.7875, 0.815625, 0.803125, 0.803125, 0.778125, 0.815625, 0.80625, 0.8, 0.7984375, 0.8140625, 0.7890625, 0.7921875, 0.809375, 0.8015625, 0.7953125, 0.7921875, 0.7984375, 0.8203125, 0.809375, 0.80625, 0.803125, 0.809375, 0.8140625, 0.8, 0.7984375, 0.8, 0.7875, 0.8046875, 0.79375, 0.8140625, 0.7953125, 0.7953125, 0.7984375, 0.8125, 0.8, 0.80625, 0.8015625, 0.7984375, 0.7953125, 0.8078125, 0.8078125, 0.803125, 0.8109375, 0.80625, 0.80625, 0.803125, 0.8046875, 0.7953125, 0.7953125, 0.8015625, 0.8109375, 0.80625, 0.796875, 0.796875, 0.8015625, 0.80625, 0.8015625, 0.79375, 0.8046875, 0.809375, 0.796875, 0.8046875, 0.7984375, 0.8015625, 0.803125, 0.803125, 0.8046875, 0.809375, 0.8, 0.80625, 0.7953125, 0.79375, 0.7984375, 0.809375, 0.8046875, 0.8, 0.7984375, 0.80625, 0.803125, 0.80625, 0.8046875, 0.80625, 0.796875, 0.8, 0.79375, 0.7984375, 0.8046875, 0.80625, 0.8046875, 0.8046875, 0.803125, 0.803125, 0.8046875, 0.8046875, 0.8015625, 0.80625, 0.8046875, 0.8, 0.80625, 0.80625, 0.8015625, 0.8046875, 0.803125],