{"train": {"acc": [0.5345703125, 0.6353515625, 0.691796875, 0.691015625, 0.71796875, 0.7275390625, 0.730078125, 0.746484375, 0.7578125, 0.751171875, 0.768359375, 0.75234375, 0.756640625, 0.7751953125, 0.7833984375, 0.7857421875, 0.776953125, 0.7771484375, 0.777734375, 0.7990234375, 0.79375, 0.797265625, 0.7958984375, 0.80546875, 0.803515625, 0.7986328125, 0.8142578125, 0.8109375, 0.8134765625, 0.809375, 0.8134765625, 0.819921875, 0.82265625, 0.8314453125, 0.8298828125, 0.8228515625, 0.8251953125, 0.8390625, 0.8455078125, 0.8455078125, 0.841796875, 0.83828125, 0.8322265625, 0.8494140625, 0.851953125, 0.8529296875, 0.8509765625, 0.86015625, 0.8544921875, 0.8650390625, 0.859765625, 0.8703125, 0.8740234375, 0.8783203125, 0.876953125, 0.87109375, 0.883984375, 0.8875, 0.88125, 0.895703125, 0.8943359375, 0.8923828125, 0.8912109375, 0.8951171875, 0.9001953125, 0.904296875, 0.901171875, 0.9029296875, 0.9017578125, 0.9083984375, 0.9111328125, 0.913671875, 0.913671875, 0.9173828125, 0.921875, 0.9212890625, 0.92421875, 0.92421875, 0.9234375, 0.9251953125, 0.9283203125, 0.9271484375, 0.928125, 0.93203125, 0.9310546875, 0.9328125, 0.9322265625, 0.934765625, 0.937890625, 0.9357421875, 0.934765625, 0.9361328125, 0.9341796875, 0.9396484375, 0.940234375, 0.9408203125, 0.9400390625, 0.94140625, 0.94453125, 0.94453125, 0.9451171875, 0.9427734375, 0.9435546875, 0.9443359375, 0.946484375, 0.947265625, 0.9462890625, 0.9470703125, 0.9466796875, 0.9478515625, 0.948828125, 0.948828125, 0.949609375, 0.948828125, 0.9486328125, 0.9501953125, 0.950390625, 0.95078125, 0.94921875, 0.9513671875, 0.9505859375, 0.9515625, 0.9515625, 0.9517578125, 0.95234375, 0.952734375, 0.953125, 0.9525390625, 0.952734375, 0.9537109375, 0.953515625, 0.95390625, 0.954296875, 0.954296875, 0.953125, 0.9546875, 0.954296875, 0.95390625, 0.95390625, 0.9541015625, 0.9548828125, 0.9541015625, 0.9546875, 0.9544921875, 0.9544921875, 0.954296875, 0.95390625, 0.95390625, 0.9546875, 0.9546875], "loss": [2.574013927314855, 2.3953556561771827, 2.308293571955041, 2.3087395173084886, 2.263604491571837, 2.247019526324695, 2.242189737814891, 2.217136567151999, 2.2002614872365056, 2.211949837358692, 2.1843631690061547, 2.206694817241234, 2.2016318644149395, 2.1718151388289053, 2.158266569994673, 2.154775788512411, 2.167468590072439, 2.167118965824948, 2.1671662692782245, 2.1325730311719675, 2.139963412586647, 2.132031747057468, 2.13848062708408, 2.1229003366035752, 2.1251102338863324, 2.132096936431112, 2.1063409077970285, 2.1105696325060688, 2.106252329258979, 2.1154430108734323, 2.106638101082814, 2.095944839187815, 2.092952228799651, 2.0767047390153137, 2.0813018641894376, 2.093211324909065, 2.088729613943945, 2.0659925424599948, 2.0547281533856934, 2.05552796472477, 2.0624544318718248, 2.0660571056076242, 2.077282919159418, 2.049080006683929, 2.0456627924231032, 2.044325801390636, 2.0468590832963773, 2.032720988309836, 2.040431659432906, 2.022740871091432, 2.0315072461019588, 2.0152953244462797, 2.008574595934228, 2.003347799747805, 2.003687300259554, 2.013283362871484, 1.9928037893923023, 1.9860003069986272, 1.9964441106289248, 1.9725102231472353, 1.9753684922109676, 1.9791034746773635, 1.9809554030623617, 1.9740724065635777, 1.9653774665880808, 1.960138132300558, 1.9624071528639975, 1.9618842405608938, 1.9634830906421323, 1.9521818296818794, 1.9480910044682176, 1.9445451271684864, 1.944242619260957, 1.9376889784124833, 1.930604922620556, 1.929472968548159, 1.925910697707647, 1.9258010900473292, 1.9265508712092532, 1.925140786774551, 1.9193397413326214, 1.922890275339537, 1.9192107659351976, 1.9132048872452747, 1.9139589041094236, 1.910937938509108, 1.9127990490273585, 1.9094736017758334, 1.9042944681795337, 1.9074203802060476, 1.9085669849492326, 1.9065068522586097, 1.908134110366242, 1.9004454401474964, 1.8977653814267508, 1.8975004666968236, 1.8995247928402093, 1.8972783496108236, 1.8927017344704158, 1.8923821720895888, 1.8916503885124303, 1.894749013683464, 1.8939862009845203, 1.8925791616681256, 1.8890647224233121, 1.8873668380930453, 1.8894996130013768, 1.8883774235278745, 1.8879757727248758, 1.8864436391033703, 1.8852598984030229, 1.8856211432927772, 1.8841068065619166, 1.8846200885651987, 1.885974891578095, 1.8827021242697028, 1.88282702995252, 1.8819273710250854, 1.883615931378135, 1.8813276637958576, 1.8820511102676392, 1.8803840739817559, 1.880701824079586, 1.8803737178633484, 1.8793649718731265, 1.8787081332146367, 1.8778993449633634, 1.8789532592024984, 1.8783010033112537, 1.8768886056127427, 1.877356563942342, 1.8766306940513322, 1.8765130163748054, 1.8762527070467985, 1.877552927294864, 1.8753603213950047, 1.8762278888798967, 1.8768527221076097, 1.8764826813830604, 1.8762490387204327, 1.8750954187369044, 1.8762141028537025, 1.8753808932968332, 1.876302519931069, 1.8758608902556986, 1.8761242356481431, 1.8767527869985074, 1.8766156555731086, 1.8757145600982859, 1.8753668914867352]}, "valid": {"acc": [0.53125, 0.6484375, 0.678125, 0.7109375, 0.746875, 0.7453125, 0.759375, 0.7234375, 0.7265625, 0.7125, 0.703125, 0.709375, 0.7484375, 0.765625, 0.775, 0.7765625, 0.778125, 0.75, 0.7609375, 0.7625, 0.7671875, 0.796875, 0.7828125, 0.796875, 0.7765625, 0.7828125, 0.778125, 0.7921875, 0.784375, 0.7578125, 0.7796875, 0.7421875, 0.8, 0.790625, 0.7890625, 0.771875, 0.7890625, 0.79375, 0.79375, 0.75, 0.8046875, 0.7359375, 0.775, 0.7734375, 0.8015625, 0.78125, 0.7765625, 0.8015625, 0.7796875, 0.803125, 0.7984375, 0.803125, 0.7875, 0.7890625, 0.8, 0.7875, 0.815625, 0.7875, 0.7921875, 0.796875, 0.76875, 0.790625, 0.79375, 0.7984375, 0.790625, 0.7890625, 0.7890625, 0.7609375, 0.7953125, 0.803125, 0.7875, 0.8125, 0.8, 0.809375, 0.7984375, 0.7984375, 0.8, 0.8015625, 0.8015625, 0.79375, 0.784375, 0.8015625, 0.8015625, 0.815625, 0.7921875, 0.79375, 0.7890625, 0.7984375, 0.8015625, 0.79375, 0.796875, 0.7828125, 0.8078125, 0.803125, 0.7984375, 0.8078125, 0.80625, 0.815625, 0.8078125, 0.8125, 0.803125, 0.803125, 0.7984375, 0.809375, 0.8078125, 0.796875, 0.80625, 0.80625, 0.7953125, 0.8, 0.8078125, 0.8125, 0.8046875, 0.803125, 0.8046875, 0.7984375, 0.8, 0.7984375, 0.8046875, 0.8046875, 0.80625, 0.7984375, 0.7984375, 0.80625, 0.803125, 0.8125, 0.815625, 0.815625, 0.8125, 0.8078125, 0.80625, 0.8109375, 0.8078125, 0.8109375, 0.8125, 0.8125, 0.8140625, 0.8140625, 0.8140625, 0.8125, 0.80625, 0.8125, 0.809375, 0.8140625, 0.809375, 0.809375, 0.815625, 0.8125, 0.8046875, 0.809375],