{"train": {"acc": [0.5373046875, 0.654296875, 0.680859375, 0.7111328125, 0.7228515625, 0.7294921875, 0.729296875, 0.7505859375, 0.7640625, 0.7642578125, 0.769921875, 0.7638671875, 0.77578125, 0.7849609375, 0.7763671875, 0.766796875, 0.7865234375, 0.788671875, 0.7951171875, 0.79609375, 0.78125, 0.78828125, 0.7984375, 0.7931640625, 0.79921875, 0.8099609375, 0.816796875, 0.8263671875, 0.81875, 0.81484375, 0.8216796875, 0.8224609375, 0.82890625, 0.840625, 0.8376953125, 0.83125, 0.84375, 0.8357421875, 0.8427734375, 0.8466796875, 0.846484375, 0.8486328125, 0.8564453125, 0.8560546875, 0.8646484375, 0.8568359375, 0.8572265625, 0.86328125, 0.866015625, 0.8578125, 0.8705078125, 0.8669921875, 0.873046875, 0.8779296875, 0.880859375, 0.8783203125, 0.8806640625, 0.891015625, 0.89140625, 0.8947265625, 0.8986328125, 0.90703125, 0.902734375, 0.9033203125, 0.8974609375, 0.904296875, 0.9056640625, 0.9064453125, 0.911328125, 0.911328125, 0.9169921875, 0.914453125, 0.91640625, 0.91875, 0.9216796875, 0.9220703125, 0.9236328125, 0.9228515625, 0.9255859375, 0.9236328125, 0.92890625, 0.9275390625, 0.928125, 0.9259765625, 0.9265625, 0.9279296875, 0.9294921875, 0.933203125, 0.933203125, 0.9337890625, 0.937109375, 0.9380859375, 0.937109375, 0.9357421875, 0.9365234375, 0.9392578125, 0.9408203125, 0.9416015625, 0.94296875, 0.94453125, 0.9435546875, 0.941796875, 0.9443359375, 0.944140625, 0.9462890625, 0.9458984375, 0.946484375, 0.9466796875, 0.9501953125, 0.9490234375, 0.950390625, 0.949609375, 0.9490234375, 0.9490234375, 0.9521484375, 0.95, 0.95078125, 0.9501953125, 0.9505859375, 0.9505859375, 0.951953125, 0.951953125, 0.9525390625, 0.953125, 0.9533203125, 0.9537109375, 0.95390625, 0.952734375, 0.953515625, 0.953125, 0.9533203125, 0.953125, 0.9533203125, 0.9544921875, 0.9537109375, 0.9544921875, 0.95390625, 0.953515625, 0.955078125, 0.9537109375, 0.9546875, 0.954296875, 0.95390625, 0.9544921875, 0.95390625, 0.9546875, 0.9541015625, 0.954296875, 0.9537109375, 0.953125], "loss": [2.5785112049006207, 2.3672883329512198, 2.328656546677215, 2.275074116791351, 2.2573412702053406, 2.2448782528503033, 2.244888021976133, 2.2092861525620084, 2.1884119857715656, 2.1865141331395015, 2.1796138588386245, 2.1891752587089055, 2.1719640583931645, 2.155615014365957, 2.1685931410970567, 2.1830905992773513, 2.1529486601865746, 2.150192357316802, 2.135656839684595, 2.1366002604931214, 2.1628506651407555, 2.148378455186192, 2.1328214799301533, 2.1388117829455604, 2.1318133043337473, 2.1132933052280283, 2.1012229602548143, 2.087728097468992, 2.0995333526707904, 2.105565553979029, 2.09335395203361, 2.0928422589845295, 2.0817397349997413, 2.064352624024017, 2.0673930343193345, 2.0776531319074993, 2.0587727736823167, 2.071982382219049, 2.060667944859855, 2.0540099370328684, 2.0540318730511244, 2.0487914447542988, 2.035025841073145, 2.0373974902720393, 2.0232648502422284, 2.036228540577466, 2.0349841193307805, 2.027418820163872, 2.0214462838595426, 2.03505895409403, 2.0139774898939495, 2.0209484130521362, 2.0095766420605816, 1.9995938931839377, 1.9999899773658076, 2.0015956389753122, 1.9963828747785544, 1.9822072107580644, 1.9784297082997575, 1.9743126147910008, 1.967921361138549, 1.9541064621526985, 1.961979161334943, 1.9615470367141916, 1.9704397977152956, 1.9582231633270843, 1.9582915502258493, 1.9548455295683462, 1.948713788503333, 1.9463985147355478, 1.9377541979656945, 1.9410805747478823, 1.9389302609842034, 1.9347899503345731, 1.9304013870939423, 1.9300260181668438, 1.9285568195053293, 1.9273072420796262, 1.9235585354551483, 1.9268713842464398, 1.918050557752199, 1.9197252973725525, 1.9198606768740882, 1.923823386807985, 1.9229648611213588, 1.919192624997489, 1.9166637960868547, 1.9105612492259545, 1.9115685526328752, 1.9100980607769158, 1.904748494112039, 1.902177394190921, 1.90390209759338, 1.9064576746542243, 1.9057415874698493, 1.9009508226491227, 1.8991863606851311, 1.897542589827429, 1.894194310224509, 1.8924134667915633, 1.8946096550060223, 1.8957845712009864, 1.892130222501634, 1.8926172377187995, 1.8895396824124493, 1.8900927561747878, 1.8895325555077083, 1.8880362571040286, 1.883040366293509, 1.8852673391752606, 1.8834831050679655, 1.8835993522330174, 1.8852414300170126, 1.884669104708901, 1.8800893237319174, 1.8830035170422326, 1.881642430643492, 1.883227410195749, 1.881827561161186, 1.8817755768570719, 1.8799296391161182, 1.880198208591606, 1.8790335006351713, 1.8781651047211658, 1.87769809402997, 1.8768361308906651, 1.8769396800029128, 1.8779786840269836, 1.8772357822973518, 1.8778427612932422, 1.8780140303358246, 1.8777170784865753, 1.8772704691826543, 1.8757190010215663, 1.8768353567847722, 1.8758373079420645, 1.8761409385294854, 1.8768348829655708, 1.8748252769059772, 1.8765914032730875, 1.8757860207859474, 1.8758822694609436, 1.876427203794069, 1.8757863904856429, 1.876024353353283, 1.875294466561909, 1.876450227785714, 1.8759820823427997, 1.8763109219225147, 1.877992587753489]}, "valid": {"acc": [0.5890625, 0.628125, 0.6703125, 0.7015625, 0.684375, 0.7484375, 0.7265625, 0.7359375, 0.7546875, 0.746875, 0.74375, 0.7484375, 0.75625, 0.7640625, 0.7828125, 0.78125, 0.784375, 0.7765625, 0.7703125, 0.7453125, 0.75625, 0.759375, 0.7640625, 0.76875, 0.7875, 0.759375, 0.7953125, 0.796875, 0.7578125, 0.7296875, 0.7765625, 0.7703125, 0.7828125, 0.7859375, 0.775, 0.7984375, 0.80625, 0.7828125, 0.7875, 0.790625, 0.8015625, 0.796875, 0.8078125, 0.79375, 0.778125, 0.7828125, 0.8078125, 0.8015625, 0.7859375, 0.78125, 0.784375, 0.7875, 0.7875, 0.7890625, 0.7765625, 0.8078125, 0.8125, 0.8015625, 0.8046875, 0.7890625, 0.8125, 0.8203125, 0.8046875, 0.8, 0.81875, 0.771875, 0.8, 0.7828125, 0.796875, 0.80625, 0.7984375, 0.79375, 0.8015625, 0.79375, 0.8, 0.8015625, 0.809375, 0.825, 0.8046875, 0.8109375, 0.80625, 0.8015625, 0.81875, 0.7859375, 0.7984375, 0.8015625, 0.8, 0.80625, 0.8078125, 0.8140625, 0.8046875, 0.8078125, 0.809375, 0.8171875, 0.8078125, 0.8125, 0.8015625, 0.8, 0.8125, 0.803125, 0.7890625, 0.796875, 0.7921875, 0.7984375, 0.8015625, 0.7953125, 0.7953125, 0.79375, 0.7953125, 0.7921875, 0.790625, 0.7921875, 0.8046875, 0.803125, 0.7921875, 0.79375, 0.7953125, 0.7953125, 0.796875, 0.8015625, 0.7953125, 0.80625, 0.8015625, 0.8140625, 0.8109375, 0.8125, 0.8046875, 0.8046875, 0.809375, 0.8046875, 0.8125, 0.8140625, 0.803125, 0.809375, 0.8046875, 0.8046875, 0.8109375, 0.8078125, 0.8, 0.809375, 0.8046875, 0.8125, 0.8078125, 0.8046875, 0.8046875, 0.8078125, 0.80625, 0.803125, 0.8140625, 0.80625],