{"train": {"acc": [0.5255859375, 0.6265625, 0.643359375, 0.686328125, 0.6998046875, 0.7201171875, 0.7271484375, 0.7515625, 0.751953125, 0.7609375, 0.767578125, 0.778515625, 0.766015625, 0.777734375, 0.7740234375, 0.7734375, 0.775390625, 0.7833984375, 0.7873046875, 0.787890625, 0.7853515625, 0.781640625, 0.7939453125, 0.7984375, 0.8078125, 0.8134765625, 0.82734375, 0.824609375, 0.8318359375, 0.8189453125, 0.8251953125, 0.830078125, 0.8298828125, 0.8365234375, 0.841796875, 0.83828125, 0.8396484375, 0.8421875, 0.846484375, 0.846875, 0.8484375, 0.8453125, 0.8474609375, 0.85703125, 0.862109375, 0.8638671875, 0.8537109375, 0.864453125, 0.863671875, 0.87578125, 0.877734375, 0.8796875, 0.884375, 0.885546875, 0.8830078125, 0.8828125, 0.8853515625, 0.8880859375, 0.8919921875, 0.892578125, 0.8947265625, 0.8978515625, 0.9005859375, 0.903125, 0.901171875, 0.908203125, 0.91015625, 0.9111328125, 0.911328125, 0.913671875, 0.9109375, 0.9119140625, 0.9177734375, 0.9181640625, 0.9171875, 0.920703125, 0.92421875, 0.9193359375, 0.9267578125, 0.9287109375, 0.9271484375, 0.9328125, 0.9337890625, 0.930859375, 0.9328125, 0.9341796875, 0.9365234375, 0.9369140625, 0.9376953125, 0.9396484375, 0.941015625, 0.9404296875, 0.941796875, 0.94140625, 0.94375, 0.94453125, 0.946875, 0.948046875, 0.947265625, 0.9486328125, 0.948046875, 0.9474609375, 0.9482421875, 0.9494140625, 0.949609375, 0.951171875, 0.951171875, 0.951171875, 0.9513671875, 0.9515625, 0.9515625, 0.951171875, 0.9529296875, 0.953125, 0.9541015625, 0.9537109375, 0.9546875, 0.952734375, 0.9552734375, 0.954296875, 0.9546875, 0.9546875, 0.9546875, 0.9544921875, 0.9546875, 0.955078125, 0.954296875, 0.9548828125, 0.95546875, 0.9552734375, 0.95546875, 0.955078125, 0.95546875, 0.9546875, 0.955859375, 0.9544921875, 0.955078125, 0.9546875, 0.955078125, 0.9556640625, 0.9544921875, 0.9556640625, 0.9556640625, 0.9552734375, 0.9560546875, 0.95546875, 0.95546875, 0.9556640625, 0.955078125, 0.9556640625], "loss": [2.5915672447108014, 2.4160478658313993, 2.3838284076014653, 2.3153942838499817, 2.293340933473804, 2.260162483287763, 2.2471307742444773, 2.2110322774211064, 2.2103418971918805, 2.195310493058796, 2.184623706189892, 2.164011264149147, 2.184394237361377, 2.165622394296187, 2.1733995057359525, 2.172091843206671, 2.1707530640348605, 2.159079254428043, 2.150535529172873, 2.1506444049786917, 2.1546467074865028, 2.160773286336585, 2.1402229342279555, 2.1334479926507686, 2.1167543885074083, 2.106786223906505, 2.085844823076755, 2.0895729638353178, 2.078889781915689, 2.09867997561829, 2.089704723297795, 2.083222345460819, 2.081933181497115, 2.069813604596295, 2.0623513339441035, 2.0676615298548833, 2.065488053273551, 2.0603057538406757, 2.0518006327786025, 2.0533893395073806, 2.0513677023634127, 2.0534452863886385, 2.0531457134439974, 2.036393994017492, 2.0277510172204125, 2.026849659183357, 2.040852263003965, 2.0240759095059166, 2.0258773610561707, 2.0060197824164283, 2.0001871268960496, 2.000343247304989, 1.9907715441305427, 1.9887335059009021, 1.9934735901748077, 1.9943097196047819, 1.9902399461480635, 1.9837979621525053, 1.9784573663639118, 1.9764908733247202, 1.9751591425907762, 1.9680080021483988, 1.9647268102138857, 1.9614992579327355, 1.962757023074959, 1.954157919823369, 1.9486761198768132, 1.9475401805925974, 1.9473674463320383, 1.9427468022213707, 1.9483606815338135, 1.9457630401925197, 1.9377093692369098, 1.9358511197416088, 1.936351641823974, 1.9326061040540286, 1.9271734922747068, 1.9328318728676326, 1.9228743933424164, 1.9194385748875291, 1.9222960079772562, 1.9135784604881383, 1.9102908312519895, 1.9147457653963114, 1.9109521711928934, 1.908397016645987, 1.905372376683392, 1.9045044545885883, 1.9034188895285884, 1.9007763349557225, 1.8982548517516897, 1.8986042722871033, 1.898283142077772, 1.8978278999087177, 1.8937099674079991, 1.8921068363551852, 1.8895603282542168, 1.8873310209829597, 1.8876030098033856, 1.8862391468844837, 1.8874937914594818, 1.8870029736168776, 1.8866107026232948, 1.8847871445402313, 1.883934437474118, 1.8804940528507474, 1.8809070587158203, 1.881238164781015, 1.881979141054274, 1.880624333514443, 1.8809393221818949, 1.8805900329275975, 1.8786804540247857, 1.8780575281457057, 1.8767951515656482, 1.8773648904848703, 1.8759178888948658, 1.8788203378266926, 1.875071843968162, 1.8763899576814869, 1.8757975297638132, 1.8756494416466243, 1.8750209053860436, 1.875525566596019, 1.875621376158316, 1.8746153070956846, 1.8758615783498258, 1.8753384095204026, 1.8741208284716062, 1.8743326105648959, 1.8743986600561986, 1.87463085560859, 1.8741688758512087, 1.8752511739730835, 1.873644146738173, 1.8752638101577759, 1.8743361189395567, 1.8749929138376742, 1.8746051033840905, 1.8740892017943949, 1.8752847366695162, 1.8737487732609617, 1.873469598685639, 1.874330080008205, 1.8726651412022264, 1.8739355048046837, 1.8742132307607917, 1.8739225954949101, 1.8746796288067782, 1.873933520498155]}, "valid": {"acc": [0.5546875, 0.61875, 0.659375, 0.6390625, 0.675, 0.71875, 0.759375, 0.7484375, 0.7078125, 0.75, 0.7515625, 0.7640625, 0.7421875, 0.7390625, 0.7171875, 0.746875, 0.7296875, 0.775, 0.7609375, 0.759375, 0.753125, 0.7640625, 0.7796875, 0.7859375, 0.7890625, 0.775, 0.7890625, 0.79375, 0.75625, 0.8, 0.778125, 0.778125, 0.8, 0.7984375, 0.7859375, 0.796875, 0.8234375, 0.796875, 0.8, 0.7921875, 0.7875, 0.7546875, 0.7953125, 0.784375, 0.790625, 0.796875, 0.8140625, 0.790625, 0.809375, 0.8125, 0.7953125, 0.78125, 0.7875, 0.809375, 0.7921875, 0.7984375, 0.8046875, 0.7984375, 0.79375, 0.7953125, 0.8, 0.7984375, 0.809375, 0.7859375, 0.8046875, 0.8171875, 0.7984375, 0.8046875, 0.8140625, 0.7953125, 0.8015625, 0.80625, 0.7953125, 0.8109375, 0.809375, 0.815625, 0.803125, 0.8, 0.7984375, 0.809375, 0.7828125, 0.8140625, 0.8015625, 0.8109375, 0.8296875, 0.809375, 0.809375, 0.809375, 0.796875, 0.8, 0.8, 0.809375, 0.80625, 0.803125, 0.809375, 0.809375, 0.8140625, 0.815625, 0.8, 0.7953125, 0.7984375, 0.7984375, 0.796875, 0.8, 0.809375, 0.803125, 0.8140625, 0.809375, 0.809375, 0.803125, 0.8109375, 0.7953125, 0.7984375, 0.803125, 0.8046875, 0.7984375, 0.8, 0.7984375, 0.796875, 0.8, 0.7984375, 0.7984375, 0.803125, 0.8078125, 0.8046875, 0.8015625, 0.7984375, 0.7984375, 0.8, 0.8015625, 0.8015625, 0.8, 0.8, 0.8, 0.7984375, 0.7921875, 0.79375, 0.8015625, 0.8, 0.79375, 0.8, 0.796875, 0.7984375, 0.8, 0.8, 0.8, 0.7984375, 0.7953125, 0.796875, 0.7984375],