{"train": {"acc": [0.5439453125, 0.628515625, 0.680859375, 0.686328125, 0.702734375, 0.7103515625, 0.733203125, 0.721875, 0.740625, 0.7462890625, 0.7521484375, 0.734765625, 0.750390625, 0.75078125, 0.752734375, 0.7640625, 0.7724609375, 0.7744140625, 0.77734375, 0.7578125, 0.7865234375, 0.7873046875, 0.78359375, 0.78671875, 0.788671875, 0.7947265625, 0.7890625, 0.79921875, 0.7935546875, 0.7970703125, 0.7994140625, 0.8056640625, 0.799609375, 0.8037109375, 0.8015625, 0.80859375, 0.8111328125, 0.8146484375, 0.8212890625, 0.8255859375, 0.8279296875, 0.839453125, 0.8400390625, 0.836328125, 0.8408203125, 0.83984375, 0.82890625, 0.8396484375, 0.8404296875, 0.8373046875, 0.845703125, 0.8587890625, 0.8599609375, 0.859765625, 0.857421875, 0.8515625, 0.85703125, 0.866015625, 0.8619140625, 0.869140625, 0.8734375, 0.875, 0.8693359375, 0.878515625, 0.880078125, 0.887890625, 0.8869140625, 0.8912109375, 0.891015625, 0.89609375, 0.89921875, 0.898828125, 0.899609375, 0.8986328125, 0.9072265625, 0.9068359375, 0.9076171875, 0.9115234375, 0.9060546875, 0.90859375, 0.91328125, 0.914453125, 0.9162109375, 0.9154296875, 0.9203125, 0.923828125, 0.9216796875, 0.9240234375, 0.927734375, 0.9271484375, 0.9310546875, 0.9322265625, 0.9345703125, 0.93359375, 0.9318359375, 0.9328125, 0.934375, 0.9353515625, 0.936328125, 0.934765625, 0.9369140625, 0.9373046875, 0.9388671875, 0.940234375, 0.9384765625, 0.9400390625, 0.9408203125, 0.941015625, 0.94140625, 0.94140625, 0.94140625, 0.94140625, 0.940625, 0.94296875, 0.941796875, 0.9408203125, 0.9412109375, 0.9435546875, 0.94453125, 0.9435546875, 0.9404296875, 0.941796875, 0.9435546875, 0.944921875, 0.944140625, 0.9427734375, 0.945703125, 0.944921875, 0.94375, 0.9458984375, 0.9453125, 0.945703125, 0.94609375, 0.9462890625, 0.946875, 0.946484375, 0.9453125, 0.9466796875, 0.94765625, 0.9458984375, 0.946484375, 0.9462890625, 0.947265625, 0.9478515625, 0.947265625, 0.94609375, 0.947265625, 0.946875, 0.946484375, 0.945703125], "loss": [2.5776407748838013, 2.411271554005297, 2.3265555900863455, 2.3193308703507047, 2.28964348080792, 2.2772356588629226, 2.2396936567523813, 2.2575778931002075, 2.2295812805996666, 2.2174139958393724, 2.2093054403232624, 2.237823196604282, 2.2118868646742422, 2.213278163837481, 2.204851769193818, 2.1904101115238817, 2.1755404291273672, 2.1709010057811495, 2.1700261876552918, 2.198923421811454, 2.151504617703112, 2.1509392895276034, 2.1565965338598323, 2.1501289364657823, 2.1491618790204012, 2.137520424927337, 2.1490977896919734, 2.1319248917736586, 2.1434343751472764, 2.13275310963015, 2.132123684581322, 2.1217760028718393, 2.130277304709712, 2.1232543308523635, 2.129106675522237, 2.1169200094440317, 2.1124985957447486, 2.1055700809140747, 2.09623517869394, 2.087695737428303, 2.0846167033231713, 2.0661801552470727, 2.0647900270510324, 2.0694619945332975, 2.061957131458234, 2.0650868400742737, 2.0809161949761306, 2.062983865979352, 2.0636056193822547, 2.0686960959736305, 2.0528299446347393, 2.0346852601328984, 2.0321202187598506, 2.0311740953711013, 2.0370860507216633, 2.0446883062773114, 2.036410529402238, 2.0202809119526344, 2.0289311846600304, 2.015653934659837, 2.0116808308830745, 2.007317351389535, 2.0143831651422044, 2.0012200603002235, 1.997976506812663, 1.9846470838860621, 1.9850202949741218, 1.9829869481581677, 1.9819899872888493, 1.9719393600391437, 1.9672959394092802, 1.9669511906708343, 1.9650543354734589, 1.9663876400718205, 1.9537693337549138, 1.955114882203597, 1.9530259174636648, 1.9460082371023637, 1.9565969599953181, 1.950998980787736, 1.944326491295537, 1.941268607030941, 1.9394074150278597, 1.9416805128507977, 1.9329942389379573, 1.926849495006513, 1.9295945529696308, 1.9260464378550082, 1.919937088519712, 1.9202527592453775, 1.9149300644669351, 1.9130595152891134, 1.9093893404248394, 1.9106442098376117, 1.9135937690734863, 1.9119438068776191, 1.9092896527881864, 1.9087686176541485, 1.9065470680405823, 1.9086845917037771, 1.9057591383970236, 1.9044115437736995, 1.9021785757209682, 1.8994451399090924, 1.90260094932363, 1.8998989500576937, 1.8989342888699303, 1.898452164251593, 1.897614204430882, 1.8975967183897766, 1.8976980281781546, 1.8977814792077752, 1.8986514791657654, 1.8952091072179094, 1.896993157229846, 1.8982522668717783, 1.8970553090300741, 1.8938292959068395, 1.892574403859392, 1.893654449076592, 1.8980067591123944, 1.8962052788915513, 1.8940873478032365, 1.8912442801873894, 1.89233120634586, 1.8946039737025393, 1.8908887030203132, 1.8918807280214527, 1.893520626840712, 1.8899129780032966, 1.8911580028413217, 1.890391309050065, 1.8898712713507158, 1.8897463022908079, 1.8892452852635444, 1.888937325417241, 1.8907008925570716, 1.8881082851675492, 1.887222585798819, 1.8894359054444712, 1.8889128256447707, 1.8892238728607758, 1.8878437325924258, 1.886775839177868, 1.8876573813112476, 1.8894630549829217, 1.887752557102638, 1.8878641234168523, 1.8883779848678202, 1.8899801230128808]}, "valid": {"acc": [0.5640625, 0.6484375, 0.615625, 0.6375, 0.6765625, 0.7015625, 0.73125, 0.721875, 0.7296875, 0.7640625, 0.71875, 0.7234375, 0.7484375, 0.7546875, 0.7390625, 0.7390625, 0.746875, 0.76875, 0.7609375, 0.7515625, 0.7703125, 0.76875, 0.7515625, 0.80625, 0.771875, 0.7625, 0.7515625, 0.7546875, 0.76875, 0.765625, 0.7734375, 0.7484375, 0.7671875, 0.7796875, 0.7765625, 0.7796875, 0.7734375, 0.7921875, 0.75, 0.7765625, 0.796875, 0.7734375, 0.8, 0.8015625, 0.784375, 0.7953125, 0.7984375, 0.7765625, 0.7875, 0.7734375, 0.79375, 0.8015625, 0.803125, 0.790625, 0.790625, 0.8078125, 0.7984375, 0.8015625, 0.7953125, 0.8, 0.8, 0.7890625, 0.8015625, 0.796875, 0.815625, 0.803125, 0.8078125, 0.809375, 0.8125, 0.815625, 0.809375, 0.8140625, 0.79375, 0.7953125, 0.8078125, 0.8125, 0.809375, 0.80625, 0.815625, 0.8015625, 0.81875, 0.825, 0.8109375, 0.8125, 0.8171875, 0.803125, 0.8109375, 0.81875, 0.8109375, 0.8046875, 0.8125, 0.8171875, 0.8125, 0.8140625, 0.80625, 0.8046875, 0.80625, 0.809375, 0.803125, 0.8234375, 0.8109375, 0.821875, 0.809375, 0.8140625, 0.8171875, 0.8125, 0.8125, 0.8046875, 0.8046875, 0.8171875, 0.8265625, 0.8234375, 0.821875, 0.8171875, 0.815625, 0.8234375, 0.8203125, 0.81875, 0.8203125, 0.8109375, 0.8203125, 0.821875, 0.815625, 0.815625, 0.8125, 0.809375, 0.8109375, 0.815625, 0.815625, 0.809375, 0.80625, 0.8078125, 0.8078125, 0.80625, 0.8109375, 0.815625, 0.8078125, 0.8140625, 0.8125, 0.80625, 0.80625, 0.8078125, 0.809375, 0.8125, 0.8125, 0.8125, 0.80625, 0.8125, 0.809375, 0.8140625],