{"train": {"acc": [0.54765625, 0.65, 0.674609375, 0.6955078125, 0.7119140625, 0.7294921875, 0.7119140625, 0.7443359375, 0.755859375, 0.7611328125, 0.7640625, 0.7720703125, 0.763671875, 0.7640625, 0.765625, 0.78515625, 0.7837890625, 0.7859375, 0.7890625, 0.796875, 0.7970703125, 0.7947265625, 0.7958984375, 0.8025390625, 0.808984375, 0.811328125, 0.8095703125, 0.811328125, 0.8123046875, 0.8048828125, 0.8138671875, 0.8158203125, 0.821484375, 0.8234375, 0.82109375, 0.83125, 0.8275390625, 0.82265625, 0.8337890625, 0.8451171875, 0.8509765625, 0.852734375, 0.85078125, 0.8439453125, 0.8484375, 0.856640625, 0.859375, 0.85234375, 0.845703125, 0.8470703125, 0.8541015625, 0.8583984375, 0.8755859375, 0.87734375, 0.8755859375, 0.8828125, 0.8888671875, 0.8888671875, 0.8880859375, 0.8908203125, 0.8947265625, 0.8865234375, 0.8873046875, 0.8921875, 0.8931640625, 0.890234375, 0.8984375, 0.90390625, 0.9076171875, 0.905078125, 0.9068359375, 0.9109375, 0.9083984375, 0.914453125, 0.909375, 0.9013671875, 0.91171875, 0.91328125, 0.918359375, 0.921484375, 0.9197265625, 0.918359375, 0.921484375, 0.9212890625, 0.9259765625, 0.924609375, 0.9287109375, 0.9306640625, 0.9279296875, 0.9318359375, 0.9328125, 0.9337890625, 0.932421875, 0.9333984375, 0.9359375, 0.936328125, 0.93515625, 0.9375, 0.9376953125, 0.9390625, 0.9408203125, 0.940234375, 0.93828125, 0.9419921875, 0.94140625, 0.9404296875, 0.939453125, 0.943359375, 0.9435546875, 0.9423828125, 0.942578125, 0.944921875, 0.9443359375, 0.943359375, 0.94296875, 0.9453125, 0.9453125, 0.9447265625, 0.945703125, 0.9466796875, 0.9458984375, 0.9455078125, 0.9462890625, 0.9470703125, 0.9470703125, 0.94765625, 0.946484375, 0.9474609375, 0.9470703125, 0.9470703125, 0.948046875, 0.9470703125, 0.9484375, 0.9486328125, 0.9470703125, 0.946875, 0.9470703125, 0.9486328125, 0.9490234375, 0.948828125, 0.948046875, 0.9482421875, 0.94765625, 0.9490234375, 0.948046875, 0.9490234375, 0.949609375, 0.948046875, 0.948828125, 0.948046875], "loss": [2.5629838780511784, 2.3773590824272057, 2.337145316449902, 2.3013341607926767, 2.273134050489981, 2.2463380173791814, 2.2728838860234126, 2.223343668104727, 2.204067456571362, 2.195191771169252, 2.1871119088764432, 2.1787582847136484, 2.189884022821354, 2.1895229363743263, 2.186959342111515, 2.153570952294748, 2.1561773532553565, 2.1535877487327477, 2.148789423930494, 2.134474309184883, 2.1344537568997732, 2.1386638728878165, 2.134788037855414, 2.126808927028994, 2.112290898455849, 2.111182979390591, 2.112810314456119, 2.1108834094639066, 2.110352667072151, 2.1214942298358, 2.108577879169319, 2.1045151466055763, 2.094271291660357, 2.091264368612555, 2.095048287246801, 2.080026145222821, 2.0852130892910536, 2.090001278285739, 2.0736857169791114, 2.0560706748238093, 2.04375406458408, 2.044561482683013, 2.0483386260044725, 2.057622924635682, 2.049074593978592, 2.0372046081325674, 2.03242502031447, 2.042215701899951, 2.0539819047420838, 2.0526319168790987, 2.0415269634391686, 2.0343964975091477, 2.006037434445152, 2.004561640039275, 2.006053582022462, 1.992263744149027, 1.9839703025697153, 1.9842532163933864, 1.9859671079659764, 1.982251364973527, 1.9733683730982527, 1.9897594783879533, 1.9854851131197773, 1.9782749037199383, 1.9761225649073153, 1.9801747089699855, 1.9685345933407168, 1.9619984355153917, 1.9536782548397402, 1.9569398934328104, 1.953927625583697, 1.9491835757146907, 1.9513506693176077, 1.9432640347299697, 1.9494822040388855, 1.9624111758002751, 1.9463930869404273, 1.9437076140053664, 1.9360378482673741, 1.9306577474256106, 1.9335622380051432, 1.935944499848764, 1.930438319339028, 1.929929260966144, 1.9246094287196291, 1.9248578035378758, 1.9186834700499908, 1.9162223912492584, 1.918977898887441, 1.9127617078491403, 1.9124038732504542, 1.9102309504641761, 1.9111511375330672, 1.9096950730191002, 1.9067942402030849, 1.9067036411430263, 1.908219770540165, 1.904234127153324, 1.9028837258302713, 1.9014745150940329, 1.8983887720711623, 1.9000370034688636, 1.902026073842109, 1.8972916286202925, 1.897669099554231, 1.8977962732315063, 1.8997858340227152, 1.894636579706699, 1.8944171123866793, 1.8966190151021451, 1.8953822775732112, 1.892087710054615, 1.8925225749800476, 1.894179858738863, 1.8941164635404755, 1.8903153817864913, 1.890498005891148, 1.8918035301981093, 1.890003290357469, 1.8885199933112422, 1.89032472236247, 1.8901836585394944, 1.8889503373375423, 1.887855692754818, 1.8878704490540903, 1.8872371051884904, 1.8884895360922511, 1.8870539529414116, 1.887431463108787, 1.8878374356257765, 1.8859989462019522, 1.8879302302493324, 1.8857015522220466, 1.885514476631261, 1.8876837567438054, 1.8877161877064765, 1.8881242471405222, 1.8849313651459128, 1.885055193418189, 1.8849331457403642, 1.8863758150535295, 1.8857998576345323, 1.8864787032332602, 1.8846319219734096, 1.8857817906367629, 1.8847566450698465, 1.8837792345240145, 1.8861604838431636, 1.8850279005267951, 1.8858202378961104]}, "valid": {"acc": [0.5140625, 0.5953125, 0.6828125, 0.703125, 0.6984375, 0.7125, 0.7109375, 0.7265625, 0.7234375, 0.740625, 0.76875, 0.7265625, 0.7796875, 0.7234375, 0.74375, 0.75625, 0.75, 0.7421875, 0.7640625, 0.7015625, 0.7890625, 0.753125, 0.7796875, 0.75625, 0.7859375, 0.775, 0.765625, 0.7546875, 0.7484375, 0.7828125, 0.765625, 0.7890625, 0.7609375, 0.8015625, 0.784375, 0.79375, 0.7921875, 0.7609375, 0.8015625, 0.7734375, 0.784375, 0.8015625, 0.7859375, 0.7796875, 0.79375, 0.7890625, 0.7875, 0.8015625, 0.7890625, 0.80625, 0.7953125, 0.7984375, 0.7828125, 0.7953125, 0.81875, 0.81875, 0.8046875, 0.8046875, 0.7859375, 0.8109375, 0.803125, 0.8109375, 0.7953125, 0.78125, 0.7890625, 0.8, 0.7890625, 0.796875, 0.8109375, 0.8, 0.8078125, 0.7984375, 0.7921875, 0.8046875, 0.803125, 0.80625, 0.80625, 0.8109375, 0.8, 0.8203125, 0.8015625, 0.8109375, 0.815625, 0.809375, 0.8125, 0.80625, 0.809375, 0.8078125, 0.803125, 0.815625, 0.809375, 0.8125, 0.8140625, 0.809375, 0.815625, 0.809375, 0.803125, 0.8140625, 0.809375, 0.815625, 0.8140625, 0.8125, 0.8, 0.8015625, 0.7953125, 0.8015625, 0.7984375, 0.7984375, 0.8125, 0.796875, 0.8015625, 0.7921875, 0.7984375, 0.7984375, 0.8140625, 0.8125, 0.8125, 0.809375, 0.8046875, 0.803125, 0.80625, 0.80625, 0.8046875, 0.8109375, 0.809375, 0.8078125, 0.8140625, 0.8125, 0.8109375, 0.8140625, 0.815625, 0.8140625, 0.809375, 0.815625, 0.8109375, 0.809375, 0.8125, 0.8078125, 0.8078125, 0.8125, 0.815625, 0.8171875, 0.8140625, 0.8140625, 0.80625, 0.815625, 0.8125, 0.8171875, 0.815625, 0.8125],