{"train": {"acc": [0.5296875, 0.6361328125, 0.6822265625, 0.7044921875, 0.709765625, 0.725, 0.7259765625, 0.741796875, 0.7583984375, 0.7705078125, 0.760546875, 0.751171875, 0.7634765625, 0.7765625, 0.7849609375, 0.7865234375, 0.7814453125, 0.783984375, 0.7787109375, 0.787109375, 0.7798828125, 0.7873046875, 0.794921875, 0.8009765625, 0.7990234375, 0.7953125, 0.8091796875, 0.8015625, 0.7939453125, 0.8052734375, 0.808203125, 0.813671875, 0.8140625, 0.8048828125, 0.8154296875, 0.8029296875, 0.8166015625, 0.8232421875, 0.834765625, 0.83203125, 0.83671875, 0.8521484375, 0.830859375, 0.8318359375, 0.84609375, 0.849609375, 0.8466796875, 0.850390625, 0.8513671875, 0.8521484375, 0.855078125, 0.8626953125, 0.8677734375, 0.87265625, 0.870703125, 0.869140625, 0.873046875, 0.8857421875, 0.8837890625, 0.887890625, 0.891015625, 0.887109375, 0.8896484375, 0.8921875, 0.8966796875, 0.900390625, 0.9060546875, 0.898046875, 0.907421875, 0.9099609375, 0.9091796875, 0.91484375, 0.9076171875, 0.9111328125, 0.91484375, 0.9142578125, 0.919140625, 0.9177734375, 0.916796875, 0.9171875, 0.9212890625, 0.9255859375, 0.925390625, 0.927734375, 0.9302734375, 0.9279296875, 0.933984375, 0.9330078125, 0.9337890625, 0.937890625, 0.9375, 0.9373046875, 0.9375, 0.9375, 0.9388671875, 0.93828125, 0.940625, 0.9423828125, 0.941015625, 0.941796875, 0.937109375, 0.9373046875, 0.9435546875, 0.941015625, 0.9443359375, 0.94609375, 0.9455078125, 0.94375, 0.9462890625, 0.945703125, 0.9466796875, 0.9443359375, 0.948046875, 0.946484375, 0.945703125, 0.9466796875, 0.9470703125, 0.948828125, 0.9474609375, 0.9466796875, 0.948046875, 0.9484375, 0.94921875, 0.948828125, 0.948046875, 0.9484375, 0.9498046875, 0.94921875, 0.9482421875, 0.9490234375, 0.95, 0.9494140625, 0.94921875, 0.9501953125, 0.948046875, 0.94921875, 0.9498046875, 0.9498046875, 0.95, 0.95, 0.9498046875, 0.9494140625, 0.94921875, 0.9494140625, 0.95, 0.9501953125, 0.9501953125, 0.94921875, 0.9501953125, 0.9490234375], "loss": [2.5995529060122333, 2.397292227684697, 2.3196350894396818, 2.2868223099768916, 2.2778130452844163, 2.253184762182115, 2.252346331560159, 2.224268345893184, 2.1984572983995267, 2.179503131516372, 2.194067852406562, 2.2085633579688735, 2.1886683898636057, 2.169988236849821, 2.1539815588842464, 2.155276478091373, 2.159717226330238, 2.1576648905307434, 2.162137745301935, 2.151611614830886, 2.1617283383502235, 2.1516968313651748, 2.13805693614332, 2.1296629815161983, 2.1305688302728196, 2.137348517586913, 2.117908394789394, 2.129157672954511, 2.141223027736326, 2.122029094756404, 2.117041515398629, 2.1064197081553786, 2.107443750659122, 2.1208534587787677, 2.104090526134153, 2.1237417595295964, 2.1045121241219436, 2.0914932685562326, 2.072101795220677, 2.078293489504464, 2.068535623671133, 2.0463478384138662, 2.0794441775430608, 2.077515387836891, 2.0566815922531902, 2.04970757418041, 2.0521311910846567, 2.0469761528546297, 2.0457671096053303, 2.0445598031901104, 2.039180251616466, 2.0265122395527513, 2.017201702806014, 2.0094982461084294, 2.013917746423166, 2.015593729441679, 2.010967397991615, 1.990391800675211, 1.9938155186327198, 1.985503522655632, 1.983418380157857, 1.9861099237128148, 1.9815283983568601, 1.9780846487117718, 1.9713713549360443, 1.9662805403335184, 1.9544900369040574, 1.9673525336422497, 1.9533891210073158, 1.9516008503829376, 1.9497107704983483, 1.9424548435814772, 1.953511183774924, 1.9474017846433422, 1.941663085659848, 1.9416501250448106, 1.9364409823960895, 1.9361662608158738, 1.938676429700248, 1.9361764826352084, 1.9316987946063657, 1.9237986078745202, 1.9242684735527522, 1.9193904912924464, 1.916547102264211, 1.920627093013329, 1.9098432486570334, 1.9107424398011799, 1.9105949598022653, 1.9045032956932164, 1.9044550189489051, 1.9047062366823606, 1.904339058489739, 1.9041613038582137, 1.9014732837677002, 1.9027276506906823, 1.8989128115810925, 1.8953257271006136, 1.897990112063251, 1.897580004945586, 1.9043239204189446, 1.903198418737967, 1.8940132750740535, 1.8984391583672053, 1.8921813376342194, 1.890280467045458, 1.890559019921701, 1.8933677416813524, 1.8890776905832412, 1.891102848173697, 1.8894996326180953, 1.8918937414507322, 1.88677962067761, 1.8885968742491324, 1.890620400633993, 1.8891654814345926, 1.8873537582687185, 1.885258366789999, 1.887164731568928, 1.8883260639407966, 1.8865905471994906, 1.8856659856023668, 1.8846837614156022, 1.885332863542098, 1.8864787786821775, 1.885374470602108, 1.8841110407551633, 1.8840957819661008, 1.8856776379331757, 1.8845589311817024, 1.8833370676523522, 1.8839944540699827, 1.8847320592856105, 1.8830983714212346, 1.8861524575873265, 1.8842648192297053, 1.883487023884737, 1.8839348992214928, 1.8829412792302385, 1.882860316505915, 1.8834097551394113, 1.8837811795971062, 1.8844734068158306, 1.8844149052342283, 1.8829677904708475, 1.8826550803607023, 1.8827395122262496, 1.8843533555163612, 1.88272273389599, 1.8849974674514578]}, "valid": {"acc": [0.4890625, 0.5953125, 0.6734375, 0.7046875, 0.678125, 0.640625, 0.6140625, 0.715625, 0.7375, 0.71875, 0.7359375, 0.71875, 0.715625, 0.7578125, 0.7578125, 0.7671875, 0.7578125, 0.74375, 0.7703125, 0.709375, 0.7578125, 0.7625, 0.7421875, 0.771875, 0.7828125, 0.778125, 0.7859375, 0.7734375, 0.7859375, 0.746875, 0.7578125, 0.7859375, 0.7796875, 0.7703125, 0.796875, 0.7828125, 0.784375, 0.78125, 0.8078125, 0.8078125, 0.790625, 0.8, 0.7859375, 0.784375, 0.7921875, 0.79375, 0.7875, 0.7671875, 0.7859375, 0.76875, 0.79375, 0.8046875, 0.8234375, 0.8, 0.7921875, 0.7921875, 0.8078125, 0.7984375, 0.809375, 0.7953125, 0.8015625, 0.809375, 0.79375, 0.80625, 0.76875, 0.8125, 0.8046875, 0.8109375, 0.7953125, 0.8, 0.7953125, 0.8, 0.79375, 0.7921875, 0.8078125, 0.790625, 0.79375, 0.7796875, 0.784375, 0.7796875, 0.78125, 0.8015625, 0.8, 0.7796875, 0.7703125, 0.76875, 0.778125, 0.784375, 0.784375, 0.7828125, 0.7734375, 0.784375, 0.78125, 0.7890625, 0.79375, 0.7953125, 0.7953125, 0.796875, 0.803125, 0.7875, 0.7921875, 0.7875, 0.7828125, 0.7828125, 0.7890625, 0.7953125, 0.790625, 0.7953125, 0.8015625, 0.7953125, 0.79375, 0.7953125, 0.803125, 0.8, 0.79375, 0.8046875, 0.7953125, 0.790625, 0.790625, 0.7921875, 0.803125, 0.8015625, 0.7984375, 0.8015625, 0.7984375, 0.79375, 0.79375, 0.79375, 0.7875, 0.7890625, 0.7953125, 0.7953125, 0.796875, 0.803125, 0.796875, 0.796875, 0.7984375, 0.796875, 0.7984375, 0.7921875, 0.8, 0.79375, 0.79375, 0.7953125, 0.8046875, 0.7953125, 0.79375, 0.7953125, 0.79375, 0.79375],