{"train": {"acc": [0.54140625, 0.65, 0.676171875, 0.7091796875, 0.7294921875, 0.736328125, 0.75703125, 0.757421875, 0.755859375, 0.7611328125, 0.777734375, 0.766796875, 0.78359375, 0.782421875, 0.7837890625, 0.7734375, 0.78671875, 0.787109375, 0.7955078125, 0.814453125, 0.807421875, 0.8103515625, 0.80625, 0.804296875, 0.809375, 0.825, 0.8216796875, 0.8087890625, 0.819921875, 0.82421875, 0.8158203125, 0.81875, 0.8208984375, 0.8333984375, 0.83125, 0.8353515625, 0.8298828125, 0.8318359375, 0.8333984375, 0.845703125, 0.838671875, 0.8416015625, 0.844921875, 0.853125, 0.8498046875, 0.85859375, 0.8568359375, 0.8630859375, 0.8640625, 0.8748046875, 0.8740234375, 0.872265625, 0.87265625, 0.8693359375, 0.8708984375, 0.8796875, 0.8818359375, 0.887890625, 0.8900390625, 0.888671875, 0.89296875, 0.8970703125, 0.8927734375, 0.8986328125, 0.8994140625, 0.898828125, 0.894140625, 0.901171875, 0.9060546875, 0.913671875, 0.908203125, 0.9142578125, 0.9140625, 0.915625, 0.916796875, 0.9119140625, 0.9166015625, 0.9134765625, 0.9158203125, 0.923828125, 0.9236328125, 0.9259765625, 0.9234375, 0.9259765625, 0.9279296875, 0.931640625, 0.9337890625, 0.9345703125, 0.933984375, 0.9390625, 0.937890625, 0.9396484375, 0.9388671875, 0.93984375, 0.9404296875, 0.9419921875, 0.9419921875, 0.9419921875, 0.9443359375, 0.94375, 0.9458984375, 0.9470703125, 0.945703125, 0.946484375, 0.948046875, 0.9486328125, 0.9474609375, 0.94765625, 0.94921875, 0.9501953125, 0.9498046875, 0.9482421875, 0.948828125, 0.9498046875, 0.9501953125, 0.9498046875, 0.9501953125, 0.9529296875, 0.951953125, 0.9521484375, 0.95234375, 0.9521484375, 0.952734375, 0.952734375, 0.953515625, 0.953515625, 0.952734375, 0.9529296875, 0.9525390625, 0.9537109375, 0.952734375, 0.95390625, 0.953125, 0.9537109375, 0.95234375, 0.9529296875, 0.953125, 0.9537109375, 0.95390625, 0.953515625, 0.9537109375, 0.9533203125, 0.95390625, 0.9533203125, 0.954296875, 0.954296875, 0.9541015625, 0.9546875, 0.9541015625, 0.954296875], "loss": [2.569255050224594, 2.377690834335134, 2.3344482108007503, 2.2780999926072134, 2.248372352575954, 2.2336578278601924, 2.2023867730852924, 2.2008972711200956, 2.202110455005984, 2.192398533036437, 2.165407886988, 2.186147015306014, 2.1564361807666246, 2.159028050265735, 2.156332184996786, 2.1722284193280377, 2.150926537151578, 2.1512989726247667, 2.1378793474994127, 2.108298846437961, 2.118456816371483, 2.112745381608794, 2.1202077910869934, 2.1241015618360497, 2.1141944731338116, 2.088938879061349, 2.092578281330157, 2.1154039132444162, 2.097298616095434, 2.09024747413925, 2.100652151469943, 2.0981742038002498, 2.09388140032563, 2.075177139873746, 2.076994621300999, 2.071583753899683, 2.080486462086062, 2.076410796068892, 2.0737753110595896, 2.0568089636066293, 2.064923029911669, 2.061104499841038, 2.0553798524639273, 2.043663225596464, 2.046862594688995, 2.0335756947722614, 2.0357431128055237, 2.0252693997153752, 2.0257486255863046, 2.008206237720538, 2.0086329073845586, 2.010256515273565, 2.0123794742777377, 2.0150498544113544, 2.012614330158958, 1.9994464659992652, 1.9968719225895555, 1.9877448821369605, 1.9825154512743406, 1.984062368356729, 1.977001285251183, 1.9700860901723933, 1.975968594792523, 1.9683389633516721, 1.9669328143325033, 1.9681645978855182, 1.9733504917048201, 1.9633557192886932, 1.9567866385737551, 1.943471679204627, 1.9528885506376434, 1.9421930026404466, 1.942636126204382, 1.9402096844926666, 1.9391824369189106, 1.946532220780095, 1.937598709818683, 1.9431392497654203, 1.9401330540451822, 1.9273417343067218, 1.9249853303160849, 1.9239022263997718, 1.926015269907215, 1.9234847207612629, 1.920380097401293, 1.913614182532588, 1.9099275914928582, 1.9084705672686613, 1.9100139156172546, 1.9015322984019412, 1.9036285635791248, 1.9002582212037678, 1.9010378620292567, 1.8999903730199308, 1.8990635479552835, 1.8963491780848443, 1.8961445817464515, 1.8970239916934242, 1.8935618023329144, 1.8931247312811357, 1.8899324392970605, 1.8886721390712111, 1.8901182201844227, 1.8891619489162783, 1.886392294606076, 1.8852637191362018, 1.8878879532029358, 1.8868077389801605, 1.8843027111850208, 1.8831951105141942, 1.8839701383928709, 1.8855180468740342, 1.885582296154167, 1.8827765878242781, 1.882335533069659, 1.882784665385379, 1.882815195035331, 1.8790185557136052, 1.880387994307506, 1.8801226857342297, 1.8799283564845217, 1.8797809926769402, 1.8787540046474602, 1.8783393902114676, 1.8777622361726398, 1.8772332275970072, 1.8783945629868326, 1.8787325560292112, 1.878458173969124, 1.8770290552815305, 1.8782676413089414, 1.8770019434675385, 1.8781729453726659, 1.8767921939680847, 1.879139910770368, 1.8780912870093236, 1.8776549870454813, 1.876897576489026, 1.8767284200161318, 1.877442193936698, 1.8770740771595436, 1.8779826420771926, 1.876422959037974, 1.8776717231243472, 1.876091181477414, 1.8760442990290969, 1.876218168041374, 1.8752741360966163, 1.8764662440819075, 1.875991910318785]}, "valid": {"acc": [0.615625, 0.6234375, 0.7, 0.7359375, 0.74375, 0.73125, 0.7359375, 0.753125, 0.740625, 0.7296875, 0.7625, 0.74375, 0.703125, 0.734375, 0.725, 0.728125, 0.7703125, 0.7453125, 0.7859375, 0.775, 0.784375, 0.759375, 0.78125, 0.78125, 0.796875, 0.796875, 0.759375, 0.778125, 0.784375, 0.784375, 0.790625, 0.7859375, 0.7859375, 0.803125, 0.8140625, 0.7, 0.7875, 0.7921875, 0.809375, 0.784375, 0.8, 0.78125, 0.784375, 0.790625, 0.7921875, 0.8109375, 0.7796875, 0.771875, 0.81875, 0.7984375, 0.7796875, 0.7890625, 0.79375, 0.7953125, 0.7890625, 0.8078125, 0.7953125, 0.8109375, 0.784375, 0.7953125, 0.8015625, 0.8109375, 0.809375, 0.815625, 0.7984375, 0.7984375, 0.8015625, 0.790625, 0.7984375, 0.8140625, 0.7921875, 0.796875, 0.7890625, 0.8046875, 0.79375, 0.8015625, 0.7875, 0.803125, 0.7890625, 0.796875, 0.7953125, 0.7984375, 0.796875, 0.790625, 0.796875, 0.7921875, 0.7984375, 0.7953125, 0.7859375, 0.7984375, 0.79375, 0.7859375, 0.8, 0.7890625, 0.803125, 0.8078125, 0.8015625, 0.7921875, 0.8015625, 0.8078125, 0.809375, 0.796875, 0.80625, 0.80625, 0.8125, 0.809375, 0.8, 0.8078125, 0.7984375, 0.7953125, 0.803125, 0.8, 0.8078125, 0.8015625, 0.796875, 0.8, 0.784375, 0.7890625, 0.7953125, 0.7859375, 0.7890625, 0.7921875, 0.79375, 0.7984375, 0.790625, 0.7890625, 0.7890625, 0.79375, 0.7890625, 0.7859375, 0.7875, 0.7953125, 0.7859375, 0.78125, 0.7828125, 0.7828125, 0.790625, 0.7890625, 0.7859375, 0.7875, 0.7875, 0.790625, 0.7859375, 0.784375, 0.7921875, 0.79375, 0.7953125, 0.7875, 0.7859375, 0.79375],