{"train": {"acc": [0.5375, 0.638671875, 0.686328125, 0.7013671875, 0.7123046875, 0.72265625, 0.73671875, 0.7376953125, 0.7568359375, 0.7431640625, 0.75625, 0.7544921875, 0.7724609375, 0.7689453125, 0.77109375, 0.7748046875, 0.7748046875, 0.783984375, 0.7955078125, 0.7962890625, 0.787890625, 0.7873046875, 0.802734375, 0.8015625, 0.80390625, 0.8076171875, 0.7951171875, 0.7953125, 0.8072265625, 0.8158203125, 0.818359375, 0.815625, 0.8310546875, 0.832421875, 0.8255859375, 0.8228515625, 0.8201171875, 0.8400390625, 0.84296875, 0.827734375, 0.815625, 0.8248046875, 0.8396484375, 0.8435546875, 0.8390625, 0.852734375, 0.856640625, 0.862109375, 0.86015625, 0.8638671875, 0.8677734375, 0.866015625, 0.874609375, 0.8697265625, 0.86640625, 0.87890625, 0.8724609375, 0.8728515625, 0.8849609375, 0.885546875, 0.892578125, 0.8927734375, 0.8875, 0.8927734375, 0.8970703125, 0.9046875, 0.9083984375, 0.9060546875, 0.9046875, 0.9072265625, 0.9080078125, 0.9126953125, 0.9123046875, 0.9150390625, 0.9189453125, 0.920703125, 0.9197265625, 0.9234375, 0.925, 0.926171875, 0.926171875, 0.93046875, 0.9298828125, 0.9310546875, 0.9330078125, 0.9353515625, 0.9361328125, 0.9345703125, 0.9361328125, 0.9369140625, 0.9388671875, 0.9375, 0.9392578125, 0.9390625, 0.9416015625, 0.9412109375, 0.9419921875, 0.942578125, 0.94140625, 0.9421875, 0.9439453125, 0.9416015625, 0.94296875, 0.94453125, 0.9455078125, 0.9447265625, 0.9455078125, 0.94453125, 0.94609375, 0.945703125, 0.9470703125, 0.94765625, 0.948046875, 0.9484375, 0.9486328125, 0.946875, 0.9486328125, 0.9474609375, 0.94765625, 0.9486328125, 0.9484375, 0.9494140625, 0.947265625, 0.94921875, 0.948046875, 0.94921875, 0.9486328125, 0.949609375, 0.9498046875, 0.9498046875, 0.949609375, 0.9498046875, 0.95, 0.9494140625, 0.95, 0.949609375, 0.9498046875, 0.95, 0.949609375, 0.9498046875, 0.9494140625, 0.95078125, 0.9498046875, 0.95, 0.9501953125, 0.95, 0.950390625, 0.9501953125, 0.9498046875, 0.950390625], "loss": [2.5719822841354563, 2.3950817192657086, 2.315062387080132, 2.290504576284674, 2.2751873444907273, 2.257393894316275, 2.232508267028422, 2.2310761922522437, 2.19886591766454, 2.224270648594144, 2.2001125556004197, 2.206015460098846, 2.174245810206932, 2.179916000064415, 2.175962659377086, 2.1710120032105267, 2.1717604564715036, 2.156228379358219, 2.1380662133422077, 2.135294159756431, 2.1491411879092834, 2.1517571467387526, 2.125579129291486, 2.128067561342746, 2.122124261493924, 2.118306909935384, 2.1376997760579557, 2.1368233463432214, 2.118817721741109, 2.103196356869951, 2.100439886503582, 2.103991116149516, 2.0783138456223886, 2.0777297110497197, 2.0872384370127812, 2.092954963068419, 2.097364894951446, 2.0656547184231915, 2.059665224220179, 2.0850358899635606, 2.1030828862250606, 2.0899237001998516, 2.065697110151943, 2.060139351253268, 2.0645827175695683, 2.0427529434614544, 2.036575756495512, 2.0293688185607333, 2.02980541579331, 2.0246034694623343, 2.020570103126236, 2.0216596518890766, 2.0088029662265052, 2.0151114478895935, 2.0203559715536574, 1.9996305553218987, 2.009737933738322, 2.011563400678997, 1.9913764965685108, 1.9890672255165969, 1.9782963870446892, 1.9785679473152644, 1.986891044846064, 1.9762733963471424, 1.9698372173912917, 1.9583914536464064, 1.9533363550524168, 1.9558986863003502, 1.9574122308175774, 1.954264980328234, 1.9515623804889148, 1.9452473091173776, 1.946918003166778, 1.94163554982294, 1.9345374741131747, 1.9303870593445212, 1.9325255517718158, 1.9267960771729675, 1.9264536250995685, 1.9227431876749932, 1.9224680134012728, 1.9154592179044891, 1.916958351678486, 1.914831410480451, 1.9116590415375143, 1.9076303168188167, 1.9060895080807843, 1.9088048331345184, 1.9054913460453855, 1.9052695548987086, 1.901715394816821, 1.9044859967654264, 1.901350096811222, 1.9015709991696514, 1.8974111759209935, 1.89897066882894, 1.8966129384463346, 1.8960771455040462, 1.898462704465359, 1.8959587163563016, 1.8937022384208968, 1.8960089291198343, 1.894684854942032, 1.892338432843172, 1.8909944522229931, 1.8919504805456233, 1.890505075454712, 1.8921411686305758, 1.8894969813431366, 1.8902510661113112, 1.8884688283823714, 1.887348149396196, 1.8863722463197345, 1.885873820208296, 1.8854204989686798, 1.8876011311253416, 1.8854028876823714, 1.8874748220926598, 1.8867593143559709, 1.8856517966789534, 1.8864936421189127, 1.8842693944520588, 1.887280701081964, 1.8848750772355478, 1.886332960068425, 1.8840564564813542, 1.885235668737677, 1.883834564233128, 1.883532632755328, 1.8833879217316833, 1.8833795604826529, 1.88326551642599, 1.8831119311006763, 1.8838062256197385, 1.883428917655462, 1.883718135990674, 1.8831039848206919, 1.8831432242936725, 1.8833318330064606, 1.8834697792801676, 1.8840259192865105, 1.8817878886114192, 1.883463529091847, 1.8828222495091111, 1.882923203178599, 1.8833502923386007, 1.882158377502538, 1.8829857276964792, 1.883145403258408, 1.8827266572396966]}, "valid": {"acc": [0.5953125, 0.665625, 0.6765625, 0.671875, 0.721875, 0.7296875, 0.6671875, 0.703125, 0.7703125, 0.740625, 0.7, 0.7765625, 0.73125, 0.7265625, 0.7625, 0.759375, 0.76875, 0.75, 0.7203125, 0.5734375, 0.7796875, 0.74375, 0.7828125, 0.7765625, 0.7359375, 0.771875, 0.7203125, 0.8015625, 0.778125, 0.771875, 0.7875, 0.7921875, 0.7859375, 0.7828125, 0.8046875, 0.784375, 0.7875, 0.796875, 0.7640625, 0.7828125, 0.7765625, 0.8046875, 0.8203125, 0.7921875, 0.7828125, 0.8078125, 0.7875, 0.803125, 0.784375, 0.7953125, 0.790625, 0.80625, 0.7890625, 0.7765625, 0.8, 0.8140625, 0.7859375, 0.8109375, 0.8046875, 0.784375, 0.8140625, 0.790625, 0.7953125, 0.803125, 0.8078125, 0.8015625, 0.8015625, 0.7875, 0.803125, 0.790625, 0.8140625, 0.8015625, 0.7859375, 0.809375, 0.80625, 0.809375, 0.8015625, 0.8171875, 0.7890625, 0.8078125, 0.80625, 0.8234375, 0.8046875, 0.8078125, 0.809375, 0.8015625, 0.79375, 0.809375, 0.796875, 0.7921875, 0.790625, 0.803125, 0.8, 0.8015625, 0.8046875, 0.80625, 0.809375, 0.8, 0.8046875, 0.809375, 0.8203125, 0.8109375, 0.809375, 0.8109375, 0.8140625, 0.8109375, 0.8078125, 0.8109375, 0.8171875, 0.8203125, 0.809375, 0.8046875, 0.8015625, 0.8046875, 0.8140625, 0.8109375, 0.803125, 0.809375, 0.8078125, 0.8109375, 0.8203125, 0.821875, 0.8171875, 0.8125, 0.8078125, 0.815625, 0.81875, 0.815625, 0.815625, 0.815625, 0.8171875, 0.8171875, 0.8140625, 0.81875, 0.8171875, 0.8140625, 0.8125, 0.815625, 0.8171875, 0.8140625, 0.8125, 0.81875, 0.8140625, 0.815625, 0.815625, 0.8171875, 0.8171875, 0.809375, 0.8140625, 0.815625],