{"train": {"acc": [0.5302734375, 0.6427734375, 0.6564453125, 0.6921875, 0.728515625, 0.723828125, 0.7498046875, 0.7501953125, 0.757421875, 0.759375, 0.765625, 0.773828125, 0.762109375, 0.778515625, 0.771484375, 0.765625, 0.7845703125, 0.79375, 0.7919921875, 0.7884765625, 0.7875, 0.8025390625, 0.7923828125, 0.8021484375, 0.8021484375, 0.7904296875, 0.7892578125, 0.790625, 0.8080078125, 0.8021484375, 0.8203125, 0.813671875, 0.8228515625, 0.8162109375, 0.8263671875, 0.817578125, 0.8291015625, 0.8265625, 0.826171875, 0.8236328125, 0.8330078125, 0.8357421875, 0.836328125, 0.843359375, 0.848046875, 0.84375, 0.853515625, 0.8537109375, 0.851953125, 0.857421875, 0.869921875, 0.86015625, 0.862109375, 0.8701171875, 0.8662109375, 0.868359375, 0.8654296875, 0.8634765625, 0.86484375, 0.8771484375, 0.87734375, 0.88984375, 0.8876953125, 0.8875, 0.8935546875, 0.8958984375, 0.8927734375, 0.9029296875, 0.9005859375, 0.9021484375, 0.9041015625, 0.90546875, 0.9091796875, 0.905078125, 0.90625, 0.91328125, 0.9193359375, 0.9197265625, 0.9166015625, 0.9193359375, 0.9189453125, 0.92265625, 0.92578125, 0.921875, 0.9205078125, 0.92578125, 0.9291015625, 0.9294921875, 0.926953125, 0.926953125, 0.930078125, 0.93125, 0.931640625, 0.9302734375, 0.9333984375, 0.934765625, 0.9396484375, 0.93984375, 0.9380859375, 0.9388671875, 0.9390625, 0.9419921875, 0.9443359375, 0.9431640625, 0.9431640625, 0.9443359375, 0.94375, 0.945703125, 0.9451171875, 0.94765625, 0.9466796875, 0.946484375, 0.9484375, 0.946875, 0.9474609375, 0.9490234375, 0.9486328125, 0.9482421875, 0.9498046875, 0.9484375, 0.9494140625, 0.9490234375, 0.9501953125, 0.9498046875, 0.9515625, 0.9494140625, 0.951171875, 0.9513671875, 0.9513671875, 0.9501953125, 0.95234375, 0.9517578125, 0.9517578125, 0.9515625, 0.953125, 0.95234375, 0.9529296875, 0.9525390625, 0.953125, 0.9521484375, 0.9515625, 0.9525390625, 0.9541015625, 0.9515625, 0.9537109375, 0.953125, 0.9521484375, 0.952734375, 0.9537109375, 0.952734375], "loss": [2.5892626756354225, 2.3886356655555434, 2.3651033232483685, 2.3032228222376183, 2.2477258519281316, 2.2525789858419683, 2.2134685712524607, 2.211495669582222, 2.1980130280120465, 2.197211564341678, 2.1886060735847375, 2.1732931016366694, 2.193752143956438, 2.1641256039655663, 2.17866770376133, 2.186623401279691, 2.1540155501305303, 2.141332409049891, 2.14271537412571, 2.1501816812949843, 2.147625177721434, 2.1268173833436603, 2.1420486727847328, 2.1272706834575796, 2.127007837536969, 2.144882458674757, 2.1468857481509827, 2.1465959880925434, 2.1166573280020606, 2.1276424927047537, 2.097075359730781, 2.1073144176338294, 2.093079396441013, 2.101155831843992, 2.0853805617441106, 2.1036716850498056, 2.0811125885082196, 2.086698080919966, 2.086995343618755, 2.092399225959295, 2.074685228021839, 2.0710477859159058, 2.070622613158407, 2.060912658896627, 2.0504394618770743, 2.0580667015872423, 2.045475946197027, 2.0427391453634334, 2.043899092493178, 2.036326494397996, 2.015419520909273, 2.032144762292693, 2.0279221715806406, 2.0154986170273794, 2.0190953257717665, 2.018052587026282, 2.0210707172562805, 2.0244528839859783, 2.023038224328922, 2.0033093962488295, 2.002262156220931, 1.9823699163485178, 1.9853195163268078, 1.9878403944305227, 1.9761399241942395, 1.9728895199449756, 1.9779491334021846, 1.9615114489688148, 1.9652917988692657, 1.9629562006721013, 1.9608087826378737, 1.955912164494961, 1.949768585494802, 1.9575247477881517, 1.9546932359284992, 1.9439521016953867, 1.9348966019063056, 1.9337533003167262, 1.9382844257958327, 1.9342173911348175, 1.934152897400192, 1.9287718368481985, 1.9236863474302655, 1.9286570564101013, 1.9315371920790854, 1.9234927168375329, 1.919017251533798, 1.9183344554297532, 1.9205327245253552, 1.922780008255681, 1.915932318832301, 1.9133671069446998, 1.914328219015387, 1.9163724002958853, 1.9102680170083348, 1.9086832954913755, 1.9015292397028283, 1.8997848546957667, 1.9034937031661407, 1.9016477533533602, 1.9006659909139705, 1.8963889094847668, 1.8927899297279647, 1.894810979879355, 1.8946965480152564, 1.8925778277312653, 1.8932233460341827, 1.890221197393876, 1.8908386517174636, 1.887670640703998, 1.8882084964196892, 1.888791885557054, 1.8860639892046964, 1.887797275676003, 1.8872507735143733, 1.8851949202863476, 1.8861523413959937, 1.886275446867641, 1.8839546019517923, 1.8859324123285994, 1.8841133087496214, 1.8852417574653142, 1.883310681656946, 1.8836303360854523, 1.8808033300351492, 1.8842505518394181, 1.8817074359217776, 1.8809786174870744, 1.8809148209004463, 1.8827731518805781, 1.8799937435343295, 1.879942791371406, 1.8796123703823815, 1.8803969138785253, 1.8781094400188592, 1.8794146353685404, 1.8789018996154205, 1.8790175778956353, 1.8787624926506719, 1.8798507120035872, 1.8804084817065467, 1.879397858547259, 1.876752340340916, 1.8807581376425828, 1.8774411527416375, 1.8780794656729396, 1.8797928970071334, 1.8780279144456116, 1.8766720687286764, 1.8785997251921063]}, "valid": {"acc": [0.571875, 0.4453125, 0.6515625, 0.6984375, 0.70625, 0.6609375, 0.7515625, 0.734375, 0.7125, 0.765625, 0.728125, 0.7515625, 0.728125, 0.746875, 0.76875, 0.7515625, 0.76875, 0.765625, 0.7640625, 0.725, 0.775, 0.7484375, 0.7625, 0.7484375, 0.75, 0.7546875, 0.75625, 0.7734375, 0.778125, 0.715625, 0.7890625, 0.7921875, 0.7734375, 0.803125, 0.7890625, 0.7703125, 0.7609375, 0.7671875, 0.765625, 0.775, 0.76875, 0.7765625, 0.7515625, 0.76875, 0.7859375, 0.7640625, 0.7828125, 0.7953125, 0.8015625, 0.78125, 0.7921875, 0.7765625, 0.7953125, 0.7921875, 0.79375, 0.79375, 0.778125, 0.771875, 0.7875, 0.7828125, 0.7890625, 0.796875, 0.79375, 0.7953125, 0.8046875, 0.790625, 0.790625, 0.78125, 0.8015625, 0.7984375, 0.790625, 0.8, 0.790625, 0.803125, 0.815625, 0.79375, 0.80625, 0.8109375, 0.8078125, 0.7953125, 0.7984375, 0.80625, 0.79375, 0.79375, 0.796875, 0.7953125, 0.790625, 0.790625, 0.803125, 0.8109375, 0.8125, 0.80625, 0.8, 0.8078125, 0.8125, 0.7984375, 0.790625, 0.8109375, 0.809375, 0.8, 0.8046875, 0.809375, 0.8109375, 0.8046875, 0.8109375, 0.8171875, 0.8125, 0.81875, 0.821875, 0.8015625, 0.815625, 0.8125, 0.8078125, 0.825, 0.8171875, 0.809375, 0.8125, 0.796875, 0.796875, 0.8046875, 0.8109375, 0.809375, 0.8109375, 0.809375, 0.815625, 0.8171875, 0.8140625, 0.80625, 0.8078125, 0.809375, 0.8046875, 0.8125, 0.8078125, 0.8109375, 0.8140625, 0.8109375, 0.809375, 0.8140625, 0.8109375, 0.809375, 0.8140625, 0.8109375, 0.8078125, 0.8125, 0.80625, 0.80625, 0.809375, 0.8109375, 0.809375, 0.809375],