{"train": {"acc": [0.5587890625, 0.6869140625, 0.7197265625, 0.7390625, 0.7560546875, 0.7625, 0.772265625, 0.7796875, 0.7857421875, 0.7958984375, 0.8052734375, 0.7888671875, 0.809765625, 0.817578125, 0.8220703125, 0.8193359375, 0.8224609375, 0.8220703125, 0.8265625, 0.845703125, 0.846875, 0.841796875, 0.8541015625, 0.8607421875, 0.8626953125, 0.8736328125, 0.869921875, 0.8720703125, 0.8802734375, 0.8884765625, 0.892578125, 0.8912109375, 0.883203125, 0.8935546875, 0.8916015625, 0.894921875, 0.9001953125, 0.8951171875, 0.901953125, 0.9044921875, 0.905078125, 0.9115234375, 0.919921875, 0.9154296875, 0.9201171875, 0.9220703125, 0.9220703125, 0.9138671875, 0.919921875, 0.9234375, 0.9232421875, 0.9240234375, 0.9291015625, 0.93203125, 0.9380859375, 0.936328125, 0.9400390625, 0.935546875, 0.9390625, 0.937109375, 0.939453125, 0.9353515625, 0.939453125, 0.940234375, 0.946484375, 0.9447265625, 0.947265625, 0.9447265625, 0.9466796875, 0.95, 0.9501953125, 0.9513671875, 0.948828125, 0.9525390625, 0.9513671875, 0.9498046875, 0.9533203125, 0.9546875, 0.95234375, 0.95625, 0.955859375, 0.954296875, 0.9576171875, 0.956640625, 0.9564453125, 0.9599609375, 0.96015625, 0.9583984375, 0.958984375, 0.9611328125, 0.961328125, 0.959765625, 0.9603515625, 0.9603515625, 0.9625, 0.96171875, 0.9634765625, 0.9619140625, 0.9625, 0.9625, 0.9630859375, 0.9626953125, 0.9626953125, 0.9626953125, 0.9646484375, 0.9634765625, 0.9650390625, 0.96484375, 0.9640625, 0.9638671875, 0.9638671875, 0.9654296875, 0.9650390625, 0.965234375, 0.966015625, 0.965625, 0.9654296875, 0.9658203125, 0.9666015625, 0.9671875, 0.967578125, 0.9673828125, 0.9662109375, 0.9677734375, 0.9671875, 0.9677734375, 0.96796875, 0.968359375, 0.9673828125, 0.96796875, 0.9685546875, 0.9671875, 0.9685546875, 0.969140625, 0.9681640625, 0.968359375, 0.968359375, 0.968359375, 0.9677734375, 0.96875, 0.96796875, 0.9693359375, 0.9689453125, 0.968359375, 0.9681640625, 0.9685546875, 0.96875, 0.9685546875, 0.9689453125, 0.9689453125], "loss": [2.56468944308124, 2.3154732879204087, 2.261216893980775, 2.2318051646027386, 2.201821752741367, 2.1912503876263583, 2.176395959491971, 2.162918243227126, 2.154579559458962, 2.139897568316399, 2.1237271737448777, 2.1497273022615455, 2.1166440127771113, 2.1011945718451392, 2.093354763863962, 2.099917861479747, 2.092725011366832, 2.0923330527317674, 2.0846299249914626, 2.054135832605483, 2.0531186046479624, 2.0608704150477544, 2.040742169452619, 2.0318472611753244, 2.030584519422507, 2.0093089538284494, 2.0145951796181594, 2.010514233685747, 2.0000408223912687, 1.9836342274388181, 1.978185323220265, 1.9803105743625495, 1.9954297648200505, 1.9768717983100987, 1.9791502605510662, 1.9758846563628958, 1.9661502747596065, 1.9738470436651496, 1.9629415152948113, 1.9580065675928622, 1.956897207453281, 1.9489282445062566, 1.9350370696828336, 1.94046852558474, 1.9338029306146163, 1.9318055608604527, 1.9287293455268764, 1.9430112612398365, 1.9327035312411152, 1.9273986891855168, 1.9269743463661098, 1.9263312831709656, 1.916201339492315, 1.9128618542152116, 1.9044081576262848, 1.9064068266108065, 1.9005681895002533, 1.9076224867301652, 1.901963178115555, 1.9044697797751124, 1.90020590190646, 1.9067871253701705, 1.901932250095319, 1.898514622374426, 1.8898665437215492, 1.8924703281137008, 1.8870221753663654, 1.8914317556574374, 1.888749750354622, 1.8831003798714168, 1.8836913923673992, 1.880972756615168, 1.8841727202451681, 1.8790845448457743, 1.8810499453846412, 1.883641298813156, 1.878563473496256, 1.8751299215268484, 1.8789434297175347, 1.8726041362255434, 1.8738268900521193, 1.8750027538854865, 1.8709993407696108, 1.8726554656330543, 1.871670719943469, 1.8667796684216849, 1.8661138151265397, 1.8687749135343334, 1.8683084219316892, 1.8643137080759942, 1.8639242588719236, 1.8664072193676913, 1.8663360891462881, 1.865858711773836, 1.8627006524725804, 1.8637204487112504, 1.8610304941104938, 1.8630429144147076, 1.8623907656609258, 1.862058081204378, 1.8610598392124418, 1.861976111991496, 1.861775193033339, 1.8617186153991312, 1.859325491929356, 1.8606230111061772, 1.8588459310652334, 1.8589943089062655, 1.8601648475550399, 1.8597419910793063, 1.8598670446420018, 1.8572055674806427, 1.8579018493241901, 1.857821291006064, 1.8566363702846478, 1.8570710314980037, 1.8570461182654658, 1.8568825631202022, 1.8554343573654755, 1.8546735893321942, 1.8541365665725515, 1.8541145822669887, 1.8559422900405111, 1.853979060921488, 1.8548928951915307, 1.8537022795858262, 1.8536618193493615, 1.8525520155701456, 1.8542698274684857, 1.8533060399791863, 1.8525443348703505, 1.8544123414196545, 1.8520393613018566, 1.8518352191659468, 1.852612394320814, 1.8521498683132702, 1.852802860585949, 1.852577606333962, 1.8533359388761883, 1.8518320488024362, 1.852963106541694, 1.8509523098981833, 1.851799782318405, 1.8527750304982633, 1.8528128107891808, 1.8523457397388507, 1.8518907284434838, 1.852430301376536, 1.8515747257425814, 1.8514232816575449]}, "valid": {"acc": [0.6296875, 0.7171875, 0.6859375, 0.7203125, 0.740625, 0.70625, 0.734375, 0.73125, 0.73125, 0.75, 0.7515625, 0.76875, 0.7765625, 0.725, 0.7578125, 0.771875, 0.7546875, 0.771875, 0.7796875, 0.7453125, 0.771875, 0.7703125, 0.765625, 0.765625, 0.796875, 0.8046875, 0.778125, 0.79375, 0.7875, 0.7890625, 0.7703125, 0.778125, 0.7875, 0.7875, 0.7875, 0.7859375, 0.78125, 0.778125, 0.79375, 0.771875, 0.784375, 0.7703125, 0.765625, 0.775, 0.7765625, 0.765625, 0.7875, 0.784375, 0.7921875, 0.7890625, 0.796875, 0.7828125, 0.7890625, 0.79375, 0.8109375, 0.7890625, 0.778125, 0.790625, 0.79375, 0.8, 0.8046875, 0.790625, 0.78125, 0.7984375, 0.790625, 0.803125, 0.784375, 0.7984375, 0.7984375, 0.7890625, 0.7921875, 0.778125, 0.7875, 0.7953125, 0.7921875, 0.79375, 0.79375, 0.79375, 0.803125, 0.8, 0.803125, 0.796875, 0.8, 0.8046875, 0.803125, 0.8109375, 0.8015625, 0.8125, 0.8109375, 0.8203125, 0.80625, 0.80625, 0.80625, 0.8015625, 0.8015625, 0.8, 0.80625, 0.8078125, 0.790625, 0.8015625, 0.7953125, 0.8046875, 0.8140625, 0.8015625, 0.8, 0.8046875, 0.8125, 0.803125, 0.809375, 0.809375, 0.815625, 0.8140625, 0.8125, 0.7984375, 0.8046875, 0.8, 0.8, 0.80625, 0.8078125, 0.80625, 0.8125, 0.80625, 0.8015625, 0.8, 0.7953125, 0.8015625, 0.8, 0.8, 0.803125, 0.8, 0.8140625, 0.8140625, 0.8140625, 0.809375, 0.8046875, 0.8109375, 0.809375, 0.8140625, 0.8171875, 0.803125, 0.803125, 0.8109375, 0.8078125, 0.8125, 0.8078125, 0.80625, 0.8078125, 0.809375, 0.8109375, 0.809375],