{"train": {"acc": [0.5431640625, 0.63046875, 0.677734375, 0.7154296875, 0.7283203125, 0.751171875, 0.7537109375, 0.746484375, 0.735546875, 0.746875, 0.7537109375, 0.767578125, 0.7666015625, 0.776171875, 0.7671875, 0.77890625, 0.783984375, 0.7908203125, 0.7888671875, 0.77890625, 0.799609375, 0.7986328125, 0.801171875, 0.8033203125, 0.800390625, 0.8125, 0.8103515625, 0.8078125, 0.8193359375, 0.818359375, 0.812890625, 0.8076171875, 0.816796875, 0.8193359375, 0.832421875, 0.8421875, 0.8240234375, 0.8279296875, 0.8326171875, 0.8408203125, 0.8341796875, 0.8416015625, 0.8337890625, 0.8400390625, 0.844921875, 0.8537109375, 0.851953125, 0.855859375, 0.8546875, 0.86171875, 0.8638671875, 0.862109375, 0.8609375, 0.8591796875, 0.86484375, 0.8814453125, 0.880078125, 0.883203125, 0.8896484375, 0.89375, 0.8923828125, 0.884765625, 0.8876953125, 0.8865234375, 0.88984375, 0.8947265625, 0.894140625, 0.8986328125, 0.908203125, 0.9095703125, 0.91015625, 0.9041015625, 0.9123046875, 0.9140625, 0.9142578125, 0.916015625, 0.9177734375, 0.919921875, 0.9197265625, 0.9228515625, 0.91953125, 0.9205078125, 0.921484375, 0.925390625, 0.9267578125, 0.9294921875, 0.9271484375, 0.9296875, 0.9298828125, 0.932421875, 0.93515625, 0.936328125, 0.9353515625, 0.938671875, 0.938671875, 0.9388671875, 0.9404296875, 0.9369140625, 0.93984375, 0.9416015625, 0.94140625, 0.940625, 0.94375, 0.9427734375, 0.9435546875, 0.9443359375, 0.9453125, 0.94609375, 0.946484375, 0.946875, 0.947265625, 0.94453125, 0.946875, 0.9478515625, 0.9486328125, 0.9478515625, 0.948828125, 0.95, 0.9482421875, 0.9482421875, 0.949609375, 0.94921875, 0.95, 0.95078125, 0.9494140625, 0.9505859375, 0.950390625, 0.950390625, 0.9509765625, 0.95078125, 0.950390625, 0.949609375, 0.951171875, 0.95, 0.9501953125, 0.95078125, 0.9505859375, 0.95078125, 0.95, 0.9517578125, 0.95078125, 0.951953125, 0.95078125, 0.9509765625, 0.9515625, 0.9501953125, 0.9515625, 0.9521484375, 0.950390625, 0.950390625], "loss": [2.5680137616169603, 2.4103136002262935, 2.3299303598041776, 2.2679481627065923, 2.249089132381391, 2.2108287418944927, 2.2065680675868746, 2.219477442246449, 2.2374529250060458, 2.2174542614176302, 2.2059163504009005, 2.1848904875260367, 2.185082824924324, 2.167523802081241, 2.1859266878683354, 2.16499291341516, 2.1569980443278447, 2.1467960605138465, 2.1476862324944026, 2.1659017922003057, 2.1281672867038584, 2.131626900238327, 2.128956962235366, 2.123710045331641, 2.1289397945886925, 2.107969599434092, 2.1132931679109985, 2.1181183766715135, 2.0978593403780006, 2.1006087155281743, 2.109082169170621, 2.1191050402725797, 2.101740023757838, 2.0994799438911147, 2.0768821224381653, 2.0617575026765653, 2.0895783614508714, 2.083988455277455, 2.075730990759934, 2.062222698066808, 2.07369753378856, 2.0607405040837543, 2.0747244614589064, 2.0627799622620206, 2.0564069793194153, 2.0430532090271574, 2.043591897698897, 2.03733966169478, 2.039662429049045, 2.028940101213093, 2.023300321796272, 2.0274584444263315, 2.030848264694214, 2.0315084336679194, 2.021440765525721, 1.9962250718587562, 1.9985764720771886, 1.9926977036874505, 1.9833323336854767, 1.9768439968930016, 1.9768219808988934, 1.989987755123573, 1.9864662417882606, 1.9885116800477234, 1.9815706240979931, 1.9732076744490032, 1.9746225438540495, 1.967515130586262, 1.9531186456921734, 1.9503532346290877, 1.950030210651929, 1.9593181459209588, 1.946068460428262, 1.9419961881033982, 1.9425534356998493, 1.9391900783852687, 1.937235003785242, 1.9337700348866136, 1.9324675406081766, 1.9279394994808148, 1.9327788126619556, 1.9311919891381566, 1.9316945996465562, 1.923135986810998, 1.9212883741040774, 1.9172177737272238, 1.9204134307330167, 1.9164706166786483, 1.9171007977256291, 1.9121418255793898, 1.9077560886552063, 1.9056293104268327, 1.9080274437047258, 1.9021757916559148, 1.9023073775858819, 1.9021551412872122, 1.899802720999416, 1.9037900016277651, 1.9000369114211844, 1.8976887811588337, 1.8976951324487035, 1.8983167817321005, 1.8936325447468818, 1.8957278064534635, 1.893725893165492, 1.8932327107538152, 1.8905901622168626, 1.8899813286865814, 1.8894096250775494, 1.888467580457277, 1.887696533263484, 1.8909775003602234, 1.887770111047769, 1.8871858708466156, 1.8853996222532248, 1.8867111009887503, 1.8848275791240643, 1.8835072140150433, 1.8860112624832346, 1.8861353231381766, 1.8839963749994206, 1.8843923550617845, 1.8829680107816864, 1.8820786385596553, 1.8843700915952273, 1.8824366979961153, 1.8823386234573172, 1.8824002863485603, 1.8812055119985267, 1.8819068655183044, 1.8827980062629603, 1.8839391485045227, 1.8810451966297776, 1.8830850154538699, 1.8829139184348191, 1.8814755240573158, 1.881753532192375, 1.8818624834471112, 1.882960120333901, 1.8804233964485457, 1.881299983097028, 1.880179234697849, 1.881609719010848, 1.8815011042582839, 1.8808477483218229, 1.8827573076079163, 1.880954878239692, 1.8798573364185382, 1.8823712007908882, 1.8821262060841428]}, "valid": {"acc": [0.5515625, 0.6328125, 0.6421875, 0.7140625, 0.7078125, 0.73125, 0.7140625, 0.73125, 0.696875, 0.759375, 0.71875, 0.74375, 0.7, 0.7671875, 0.734375, 0.74375, 0.7609375, 0.771875, 0.728125, 0.7703125, 0.7625, 0.7640625, 0.7515625, 0.76875, 0.7640625, 0.775, 0.7390625, 0.7828125, 0.75625, 0.78125, 0.790625, 0.7625, 0.7734375, 0.759375, 0.7953125, 0.7625, 0.7890625, 0.7828125, 0.7828125, 0.7921875, 0.7984375, 0.7921875, 0.778125, 0.7625, 0.7703125, 0.7875, 0.7875, 0.7515625, 0.78125, 0.784375, 0.7859375, 0.8109375, 0.7859375, 0.7796875, 0.80625, 0.778125, 0.803125, 0.809375, 0.8, 0.8015625, 0.80625, 0.7984375, 0.7953125, 0.80625, 0.803125, 0.7921875, 0.8, 0.7859375, 0.79375, 0.7890625, 0.8, 0.7734375, 0.784375, 0.7796875, 0.7875, 0.7859375, 0.7921875, 0.790625, 0.790625, 0.8109375, 0.809375, 0.784375, 0.7921875, 0.8, 0.7953125, 0.796875, 0.7921875, 0.79375, 0.796875, 0.7953125, 0.7953125, 0.7953125, 0.8125, 0.8046875, 0.821875, 0.8109375, 0.8203125, 0.8046875, 0.8109375, 0.8140625, 0.8046875, 0.8140625, 0.8140625, 0.8203125, 0.81875, 0.8140625, 0.8109375, 0.809375, 0.8140625, 0.8109375, 0.80625, 0.80625, 0.8171875, 0.803125, 0.80625, 0.8078125, 0.803125, 0.80625, 0.8046875, 0.80625, 0.80625, 0.803125, 0.8046875, 0.809375, 0.8125, 0.8125, 0.8125, 0.809375, 0.80625, 0.809375, 0.8125, 0.8078125, 0.8109375, 0.809375, 0.8140625, 0.8125, 0.8125, 0.8125, 0.8125, 0.809375, 0.8109375, 0.809375, 0.809375, 0.809375, 0.8109375, 0.80625, 0.809375, 0.809375, 0.809375, 0.8109375],