{"train": {"acc": [0.5439453125, 0.641796875, 0.6751953125, 0.6908203125, 0.7041015625, 0.7154296875, 0.7408203125, 0.7498046875, 0.7576171875, 0.7498046875, 0.757421875, 0.746875, 0.7712890625, 0.7615234375, 0.7755859375, 0.779296875, 0.794921875, 0.7853515625, 0.801171875, 0.8009765625, 0.7884765625, 0.794140625, 0.7982421875, 0.79140625, 0.7970703125, 0.812109375, 0.8205078125, 0.8138671875, 0.8240234375, 0.8306640625, 0.8265625, 0.8283203125, 0.8201171875, 0.833203125, 0.83125, 0.83203125, 0.8169921875, 0.8337890625, 0.841796875, 0.841796875, 0.843359375, 0.8478515625, 0.85234375, 0.862109375, 0.8546875, 0.8666015625, 0.86640625, 0.85, 0.8712890625, 0.8650390625, 0.875, 0.8744140625, 0.87734375, 0.880078125, 0.882421875, 0.8728515625, 0.8771484375, 0.89140625, 0.8921875, 0.9, 0.8947265625, 0.906640625, 0.911328125, 0.90546875, 0.9095703125, 0.9076171875, 0.906640625, 0.9072265625, 0.9146484375, 0.9119140625, 0.9177734375, 0.9197265625, 0.9220703125, 0.921484375, 0.92421875, 0.925, 0.922265625, 0.9259765625, 0.9263671875, 0.9322265625, 0.9306640625, 0.9291015625, 0.9341796875, 0.9357421875, 0.934765625, 0.9361328125, 0.9388671875, 0.9392578125, 0.9412109375, 0.9384765625, 0.9419921875, 0.9431640625, 0.941796875, 0.9431640625, 0.9416015625, 0.9421875, 0.943359375, 0.940234375, 0.94140625, 0.9462890625, 0.9453125, 0.944140625, 0.94609375, 0.9451171875, 0.9462890625, 0.948046875, 0.9484375, 0.9474609375, 0.94921875, 0.9490234375, 0.9486328125, 0.9484375, 0.9490234375, 0.9494140625, 0.95078125, 0.949609375, 0.9505859375, 0.9509765625, 0.9517578125, 0.9521484375, 0.9517578125, 0.951953125, 0.9521484375, 0.9521484375, 0.9517578125, 0.951171875, 0.953125, 0.952734375, 0.952734375, 0.9521484375, 0.953515625, 0.953515625, 0.953515625, 0.953515625, 0.95390625, 0.9548828125, 0.953125, 0.9537109375, 0.9533203125, 0.9537109375, 0.9546875, 0.9541015625, 0.9541015625, 0.9537109375, 0.955078125, 0.954296875, 0.9548828125, 0.9546875, 0.9544921875, 0.9541015625], "loss": [2.5630982857716234, 2.3901606209670443, 2.3341798359834693, 2.3078705147851872, 2.285033461413806, 2.2694633459743065, 2.2277781601193585, 2.216056781479075, 2.1974930144563505, 2.211423095268539, 2.198391703110707, 2.215748482112643, 2.176703887649729, 2.1938645070112206, 2.168201407299766, 2.163815923883945, 2.13823450366153, 2.150742573074148, 2.129227949094169, 2.131725804715217, 2.1481791100924528, 2.139809999284865, 2.1322650939603394, 2.1429927982861483, 2.1353190654440772, 2.109723824488966, 2.0953452194793316, 2.1071733553198317, 2.0915906972522977, 2.0812462764450266, 2.0857259638701815, 2.083121968221061, 2.0963241646561444, 2.0734384044816223, 2.0780553908287724, 2.0797377432448956, 2.1008705142178115, 2.0741851465611516, 2.0642483400393137, 2.0605465762222868, 2.0607940124560007, 2.0488611142846604, 2.0436563703078257, 2.0293804029875164, 2.040639116794248, 2.021368815929075, 2.0214177717136432, 2.048505909835236, 2.0123056776915926, 2.0215583586994605, 2.0072505594808843, 2.008678852757321, 2.003125729440134, 2.0003273260744314, 1.9941370607931403, 2.0092239470421513, 2.0014599229716046, 1.9796514073504676, 1.9783735094191153, 1.9663051955307587, 1.973365622230723, 1.9561835316163074, 1.9480272380611565, 1.9561992868592468, 1.9498151797282546, 1.9539888493622406, 1.954998514320277, 1.9541899644875829, 1.9415978766694855, 1.9455033782162243, 1.9369403848165199, 1.9325289515000355, 1.9292005330701418, 1.9322592819793314, 1.9268600216394738, 1.9246198829216292, 1.9277223408976687, 1.9237099237079862, 1.9217706813087947, 1.912510724007329, 1.915444639664662, 1.9200330006925366, 1.9096289510968365, 1.9077692937247361, 1.909537045261528, 1.9063867089114612, 1.90101353277134, 1.9005168389670457, 1.898150782041912, 1.9018382316903224, 1.8972852894022494, 1.8955310703832893, 1.8970258311380315, 1.8948202661321134, 1.897103600864169, 1.8966860710820066, 1.8948394165763371, 1.8996231118334999, 1.897675948806956, 1.8898134684260888, 1.8907207250595093, 1.8926865948906428, 1.889647957644885, 1.890606377698198, 1.8895731998395315, 1.886432629597338, 1.8858744841587693, 1.8873663718187357, 1.884201185612739, 1.88473087171965, 1.885602204105522, 1.8862941808338407, 1.8844118767146822, 1.8843700538707684, 1.882689741593373, 1.884134313728236, 1.8824479293219651, 1.882071064997323, 1.880303334586228, 1.87992246392407, 1.8804367524159105, 1.8798279098317594, 1.8797624111175537, 1.8799900480463534, 1.880102510693707, 1.8806974450244178, 1.877777632278732, 1.8791909021667288, 1.87830617910699, 1.8795695259601255, 1.8775333030314385, 1.8770053643214553, 1.8771310410922086, 1.877185712886762, 1.8768506366995317, 1.8755465308322181, 1.8777569954908346, 1.876769145832786, 1.8772116733502737, 1.877091191991975, 1.875292853464054, 1.8761608042294466, 1.8761903696422335, 1.8773830570752108, 1.8747276324260085, 1.8760778571985945, 1.8754594280749937, 1.8755354111707663, 1.8758883838412128, 1.8761737814432458]}, "valid": {"acc": [0.4921875, 0.578125, 0.621875, 0.70625, 0.6328125, 0.7203125, 0.6921875, 0.7125, 0.753125, 0.7125, 0.6984375, 0.74375, 0.74375, 0.74375, 0.75625, 0.7390625, 0.778125, 0.775, 0.7421875, 0.7109375, 0.74375, 0.7703125, 0.771875, 0.7625, 0.7703125, 0.7890625, 0.7671875, 0.7765625, 0.7875, 0.7671875, 0.775, 0.75625, 0.753125, 0.7921875, 0.7703125, 0.725, 0.7734375, 0.7453125, 0.8125, 0.790625, 0.7890625, 0.8, 0.78125, 0.7875, 0.7734375, 0.8046875, 0.8078125, 0.7953125, 0.8078125, 0.7890625, 0.8078125, 0.809375, 0.790625, 0.815625, 0.79375, 0.7828125, 0.7953125, 0.8125, 0.8015625, 0.80625, 0.8140625, 0.803125, 0.8046875, 0.79375, 0.7984375, 0.8203125, 0.8140625, 0.8125, 0.809375, 0.8125, 0.7921875, 0.8, 0.8046875, 0.8046875, 0.8015625, 0.8078125, 0.8109375, 0.80625, 0.809375, 0.8078125, 0.809375, 0.809375, 0.8078125, 0.8046875, 0.81875, 0.8234375, 0.809375, 0.803125, 0.7984375, 0.8125, 0.81875, 0.80625, 0.80625, 0.80625, 0.8015625, 0.803125, 0.7921875, 0.7953125, 0.803125, 0.815625, 0.8140625, 0.8171875, 0.809375, 0.8109375, 0.809375, 0.8109375, 0.8, 0.79375, 0.8265625, 0.81875, 0.81875, 0.80625, 0.8171875, 0.8140625, 0.8125, 0.8203125, 0.8140625, 0.821875, 0.821875, 0.825, 0.8234375, 0.809375, 0.8109375, 0.8140625, 0.8125, 0.8109375, 0.8078125, 0.80625, 0.80625, 0.80625, 0.8, 0.8046875, 0.809375, 0.8078125, 0.80625, 0.8109375, 0.8078125, 0.8109375, 0.809375, 0.8140625, 0.8109375, 0.8046875, 0.8078125, 0.8078125, 0.809375, 0.8125, 0.8125, 0.80625, 0.809375, 0.8078125],