{"train": {"acc": [0.5416015625, 0.6369140625, 0.67265625, 0.6908203125, 0.72421875, 0.7333984375, 0.7544921875, 0.756640625, 0.7587890625, 0.7701171875, 0.76484375, 0.758984375, 0.7771484375, 0.7697265625, 0.7744140625, 0.7830078125, 0.792578125, 0.7986328125, 0.801953125, 0.79140625, 0.8013671875, 0.792578125, 0.8048828125, 0.8037109375, 0.809375, 0.807421875, 0.8115234375, 0.8232421875, 0.822265625, 0.8123046875, 0.8169921875, 0.8236328125, 0.8380859375, 0.8322265625, 0.8326171875, 0.839453125, 0.844921875, 0.840234375, 0.837890625, 0.8466796875, 0.8466796875, 0.8423828125, 0.859375, 0.8572265625, 0.8671875, 0.8521484375, 0.8603515625, 0.8607421875, 0.8671875, 0.8669921875, 0.871484375, 0.87578125, 0.867578125, 0.8791015625, 0.8888671875, 0.883203125, 0.8794921875, 0.8783203125, 0.884375, 0.89140625, 0.8958984375, 0.899609375, 0.8884765625, 0.9005859375, 0.9, 0.8953125, 0.9048828125, 0.9091796875, 0.904296875, 0.9091796875, 0.9083984375, 0.91484375, 0.9119140625, 0.9103515625, 0.9099609375, 0.911328125, 0.9150390625, 0.918359375, 0.9244140625, 0.9244140625, 0.9259765625, 0.924609375, 0.929296875, 0.9294921875, 0.9294921875, 0.928515625, 0.931640625, 0.9314453125, 0.932421875, 0.9330078125, 0.9310546875, 0.933203125, 0.9359375, 0.9369140625, 0.9365234375, 0.9380859375, 0.93671875, 0.9353515625, 0.9380859375, 0.937890625, 0.9392578125, 0.9388671875, 0.940625, 0.9400390625, 0.940625, 0.941015625, 0.9404296875, 0.941796875, 0.94140625, 0.94296875, 0.94375, 0.944140625, 0.9455078125, 0.944140625, 0.9453125, 0.9458984375, 0.9439453125, 0.9458984375, 0.945703125, 0.9462890625, 0.9451171875, 0.9455078125, 0.946875, 0.947265625, 0.946484375, 0.9474609375, 0.9482421875, 0.9474609375, 0.9466796875, 0.946484375, 0.9482421875, 0.948046875, 0.948046875, 0.9484375, 0.94921875, 0.949609375, 0.9490234375, 0.9486328125, 0.948046875, 0.948828125, 0.9494140625, 0.948828125, 0.94921875, 0.9490234375, 0.9490234375, 0.9494140625, 0.9486328125, 0.9484375, 0.9494140625, 0.948828125], "loss": [2.579009729095652, 2.3973994164527217, 2.3375282287597656, 2.3093576189837877, 2.2556426736372934, 2.2379831090758118, 2.202833652496338, 2.2017354014553603, 2.197407161133199, 2.1792680734320533, 2.188339091554473, 2.1961503391024433, 2.166824091838885, 2.179451836815363, 2.170537616633162, 2.159138003482094, 2.14234164244012, 2.133010983467102, 2.1276983958256395, 2.1436487119409104, 2.1281593872022024, 2.1437318732466877, 2.1230233907699585, 2.1242559755904766, 2.115759119202819, 2.117554169666918, 2.1129099402246596, 2.0910454158541523, 2.0945649720445463, 2.111126824270321, 2.1020344737209853, 2.0920404648479027, 2.067195830465872, 2.0750326114364817, 2.0732568396797664, 2.063683853873724, 2.058734926996352, 2.0599954746946505, 2.06770674035519, 2.052773379072358, 2.053636949273604, 2.061027806016463, 2.0322011739392822, 2.0374998804889146, 2.018842863131173, 2.044323811048194, 2.0316167813313157, 2.029857554013216, 2.0181787647778475, 2.019662176506429, 2.011535448364065, 2.004796903344649, 2.019120503075515, 2.0013906623743756, 1.984765826901303, 1.9943799218045006, 1.998723623118823, 2.0002705009677744, 1.9910204169116443, 1.979717636410194, 1.972827703137941, 1.966611860673639, 1.9846843737590163, 1.9647914865348912, 1.9659970621519451, 1.9730879943582076, 1.9587493848197068, 1.9515639151198954, 1.956409081628051, 1.9503576197201693, 1.9513846515100213, 1.9413266966614542, 1.9462693869313108, 1.9487887454938284, 1.9492627985869782, 1.9464868352382998, 1.940776020665712, 1.9350411771218987, 1.9254805075971386, 1.9264009421384787, 1.9236641850652574, 1.9247745320766787, 1.9170996524110626, 1.9170843528795847, 1.9167682022988042, 1.9186951691591287, 1.9137159857568862, 1.9145346698881704, 1.9129306847536112, 1.9117382583738882, 1.9139496525631676, 1.9113718799397916, 1.906222515468356, 1.9048547126069855, 1.9056341678281374, 1.902662512622302, 1.9053656330591515, 1.907547332063506, 1.9025530966022346, 1.903405854973612, 1.9005225097076803, 1.9013684384430511, 1.8986823905872394, 1.9002258249475985, 1.8991867892349823, 1.8980682877045643, 1.8979867560954033, 1.896284429332878, 1.897330854512468, 1.8952447492865068, 1.8932298844373678, 1.8925313436532323, 1.8911706812774078, 1.8929127877271628, 1.8909351010865803, 1.8907603372501423, 1.8932862266709534, 1.889908340912831, 1.8899547495419466, 1.8892782232429408, 1.8906508744517458, 1.88977393470233, 1.8887684677220598, 1.8882154890253573, 1.888735074031202, 1.8870393113244939, 1.885750547240052, 1.8873034021522426, 1.8882641173616241, 1.88869652114337, 1.8864486760730985, 1.886061464683919, 1.886474458477165, 1.8854233222671701, 1.8844512655765195, 1.8838638987722276, 1.8847588904296295, 1.8852289552930035, 1.8855274357373202, 1.8851700432692902, 1.8840651361248162, 1.884786285931551, 1.8841396479666987, 1.8843895453440993, 1.8844175700899921, 1.8841158755217926, 1.8852561893342417, 1.8856498983841907, 1.8842106529428988, 1.8845916262155846]}, "valid": {"acc": [0.4625, 0.628125, 0.646875, 0.6046875, 0.7140625, 0.7140625, 0.7359375, 0.73125, 0.7453125, 0.746875, 0.6984375, 0.75625, 0.775, 0.775, 0.73125, 0.753125, 0.78125, 0.8046875, 0.7703125, 0.759375, 0.7609375, 0.76875, 0.759375, 0.7703125, 0.7703125, 0.7671875, 0.7515625, 0.7671875, 0.7734375, 0.753125, 0.778125, 0.7953125, 0.778125, 0.759375, 0.7921875, 0.75625, 0.78125, 0.7875, 0.778125, 0.78125, 0.759375, 0.803125, 0.79375, 0.7765625, 0.78125, 0.7703125, 0.7984375, 0.778125, 0.7890625, 0.7890625, 0.796875, 0.7890625, 0.79375, 0.790625, 0.7984375, 0.7984375, 0.8, 0.8015625, 0.80625, 0.8015625, 0.80625, 0.796875, 0.79375, 0.7828125, 0.8140625, 0.809375, 0.7921875, 0.80625, 0.7953125, 0.8109375, 0.8109375, 0.7953125, 0.790625, 0.8, 0.778125, 0.7984375, 0.803125, 0.7984375, 0.784375, 0.80625, 0.8, 0.796875, 0.80625, 0.796875, 0.79375, 0.7875, 0.8109375, 0.803125, 0.790625, 0.7875, 0.803125, 0.8, 0.8171875, 0.7953125, 0.8046875, 0.8109375, 0.8125, 0.79375, 0.8015625, 0.784375, 0.8015625, 0.8, 0.7984375, 0.8, 0.7890625, 0.796875, 0.80625, 0.803125, 0.803125, 0.80625, 0.815625, 0.803125, 0.8015625, 0.8046875, 0.809375, 0.809375, 0.80625, 0.8078125, 0.8109375, 0.8109375, 0.8109375, 0.8078125, 0.8078125, 0.809375, 0.8109375, 0.8109375, 0.8140625, 0.8109375, 0.8140625, 0.8140625, 0.8171875, 0.81875, 0.8140625, 0.8125, 0.815625, 0.81875, 0.8125, 0.8171875, 0.8171875, 0.81875, 0.8140625, 0.815625, 0.815625, 0.8140625, 0.8171875, 0.815625, 0.8171875, 0.8140625, 0.8171875, 0.8171875],