{"train": {"acc": [0.5447265625, 0.61640625, 0.6755859375, 0.6912109375, 0.7001953125, 0.7185546875, 0.7125, 0.728515625, 0.7509765625, 0.751171875, 0.7556640625, 0.766015625, 0.7625, 0.7685546875, 0.7806640625, 0.767578125, 0.7697265625, 0.7822265625, 0.76953125, 0.77890625, 0.7923828125, 0.7982421875, 0.80859375, 0.8017578125, 0.7935546875, 0.8111328125, 0.8029296875, 0.811328125, 0.8158203125, 0.8146484375, 0.8064453125, 0.8095703125, 0.81796875, 0.820703125, 0.82421875, 0.82890625, 0.8375, 0.8373046875, 0.8388671875, 0.8482421875, 0.8478515625, 0.85234375, 0.8607421875, 0.8599609375, 0.863671875, 0.8640625, 0.8689453125, 0.869921875, 0.876171875, 0.8765625, 0.880859375, 0.8779296875, 0.880859375, 0.8884765625, 0.8904296875, 0.89140625, 0.8923828125, 0.8919921875, 0.890234375, 0.8994140625, 0.9033203125, 0.899609375, 0.9037109375, 0.9041015625, 0.9021484375, 0.9033203125, 0.901171875, 0.901953125, 0.908984375, 0.9119140625, 0.9140625, 0.914453125, 0.9171875, 0.91640625, 0.9146484375, 0.917578125, 0.920703125, 0.9169921875, 0.9236328125, 0.9224609375, 0.9240234375, 0.9240234375, 0.93046875, 0.93046875, 0.933984375, 0.933203125, 0.933203125, 0.935546875, 0.93515625, 0.934375, 0.9376953125, 0.9384765625, 0.9392578125, 0.937109375, 0.940234375, 0.940625, 0.9421875, 0.941796875, 0.941796875, 0.9404296875, 0.9421875, 0.944140625, 0.94609375, 0.944921875, 0.9470703125, 0.944921875, 0.9455078125, 0.9455078125, 0.945703125, 0.9470703125, 0.9494140625, 0.9470703125, 0.9490234375, 0.9494140625, 0.9478515625, 0.9505859375, 0.9498046875, 0.94921875, 0.94921875, 0.951171875, 0.9509765625, 0.9505859375, 0.95, 0.95078125, 0.9513671875, 0.9513671875, 0.9513671875, 0.9521484375, 0.951171875, 0.9525390625, 0.953125, 0.952734375, 0.953125, 0.9533203125, 0.953515625, 0.9537109375, 0.953125, 0.9533203125, 0.95390625, 0.953515625, 0.9529296875, 0.95390625, 0.9533203125, 0.9548828125, 0.9537109375, 0.9541015625, 0.95390625, 0.9552734375, 0.95390625, 0.955078125], "loss": [2.5668757203259047, 2.4319884324375587, 2.3366573279417016, 2.3084993483145024, 2.2959726490551913, 2.2667580254470248, 2.277029128014287, 2.245973867706106, 2.2108877127683617, 2.209126487562928, 2.2049199931229215, 2.1887889708144757, 2.191938237298893, 2.181672017785567, 2.16106099418447, 2.183448820174495, 2.1786045288737816, 2.158267010616351, 2.180346277695668, 2.1650888497316383, 2.1449535225011127, 2.133331393893761, 2.1167664618431767, 2.1264895728871793, 2.1409899464136437, 2.1130836568301237, 2.1241773427287236, 2.110623966289472, 2.1029800402967234, 2.1052907116805453, 2.1197859154471868, 2.1132568528380573, 2.098577381689337, 2.093392685998844, 2.091785037064854, 2.082894811147376, 2.0680239970170997, 2.070769617829142, 2.066498564768441, 2.0499113179460355, 2.051034581812122, 2.0438594516319566, 2.031868190705022, 2.031752169886722, 2.025418127639384, 2.0254506415958646, 2.0171646573875526, 2.014265816422957, 2.005839550042454, 2.00338503378856, 1.997419245635407, 2.002795960329756, 1.9954505992841116, 1.9868002918702137, 1.9825485295887235, 1.9805112247225605, 1.9784691077244432, 1.9786978582792645, 1.9826682428770428, 1.9674957658671126, 1.9608145544800577, 1.9678552512881122, 1.9599538981160032, 1.9593502147288262, 1.9627683072150508, 1.9584732357459733, 1.9639457313320305, 1.9631025202666657, 1.9520165995706487, 1.9456503421445437, 1.9421489676342736, 1.9424044512495209, 1.937324302105964, 1.9392878134039384, 1.941545602641528, 1.9357260133646712, 1.9329905042165443, 1.937482844425153, 1.926346407660955, 1.9284387826919556, 1.9269773703587205, 1.9255797697018973, 1.9153427247759662, 1.9155183472210848, 1.9108071085772937, 1.911193761644484, 1.9107734432703332, 1.9068097359017482, 1.9085203137578843, 1.9088351560544363, 1.9045289407802533, 1.903118212011796, 1.9011767981927605, 1.904346297058878, 1.899614756620383, 1.8992739040640336, 1.8968824721589874, 1.8975367093388038, 1.8964477490775193, 1.8986443205724788, 1.8960666128351717, 1.8932451673700839, 1.8900608397737335, 1.891787536536591, 1.8895779455764383, 1.8918179349054265, 1.8902888101867483, 1.8903576075276243, 1.8905490742454045, 1.888803338702721, 1.884394113021561, 1.8881058149699923, 1.8852063417434692, 1.884436984605427, 1.887028256549111, 1.8827507737316662, 1.8839915628674664, 1.88442110864422, 1.8840396600433542, 1.8810997748676734, 1.8813799755482734, 1.8819400977484788, 1.8828640467003932, 1.881438286998604, 1.8803298639345774, 1.8806959632076794, 1.8812382055234305, 1.8796979053111016, 1.880437138714368, 1.8788370512708832, 1.8782161851472492, 1.8787797870515268, 1.877887547770633, 1.8775904646402672, 1.877700236779225, 1.876833828189705, 1.8778458169743986, 1.8776263541813139, 1.8766210848772074, 1.8774719856962372, 1.8777107407775107, 1.877034920680372, 1.8777453582498091, 1.8753925818431227, 1.8770768280270733, 1.8765520295010338, 1.8769457355330261, 1.875396494623981, 1.876957028726988, 1.8752789784081374]}, "valid": {"acc": [0.54375, 0.6515625, 0.6671875, 0.684375, 0.7203125, 0.753125, 0.7109375, 0.721875, 0.75, 0.715625, 0.7453125, 0.7328125, 0.7609375, 0.7328125, 0.759375, 0.7390625, 0.76875, 0.746875, 0.7390625, 0.7546875, 0.7609375, 0.771875, 0.790625, 0.753125, 0.76875, 0.76875, 0.7859375, 0.7765625, 0.78125, 0.7171875, 0.7296875, 0.7796875, 0.7875, 0.7640625, 0.8, 0.7671875, 0.79375, 0.803125, 0.771875, 0.7890625, 0.7984375, 0.790625, 0.8078125, 0.8203125, 0.8109375, 0.8046875, 0.8015625, 0.7859375, 0.796875, 0.790625, 0.80625, 0.7984375, 0.7890625, 0.8078125, 0.8078125, 0.790625, 0.7859375, 0.79375, 0.7984375, 0.79375, 0.7953125, 0.8046875, 0.8015625, 0.803125, 0.8078125, 0.7921875, 0.8140625, 0.8234375, 0.8140625, 0.8015625, 0.8078125, 0.796875, 0.8046875, 0.7984375, 0.8015625, 0.81875, 0.79375, 0.8234375, 0.8140625, 0.815625, 0.8171875, 0.815625, 0.8140625, 0.8203125, 0.8125, 0.8203125, 0.8125, 0.821875, 0.8125, 0.8046875, 0.809375, 0.7953125, 0.803125, 0.7984375, 0.8140625, 0.809375, 0.796875, 0.7921875, 0.7890625, 0.8203125, 0.8109375, 0.815625, 0.80625, 0.821875, 0.809375, 0.803125, 0.8046875, 0.828125, 0.81875, 0.8125, 0.8171875, 0.8171875, 0.8109375, 0.815625, 0.815625, 0.8234375, 0.8234375, 0.815625, 0.809375, 0.8140625, 0.8109375, 0.8078125, 0.80625, 0.8125, 0.8078125, 0.80625, 0.8046875, 0.8109375, 0.8125, 0.8109375, 0.8078125, 0.815625, 0.8109375, 0.809375, 0.809375, 0.809375, 0.809375, 0.809375, 0.803125, 0.809375, 0.809375, 0.8078125, 0.803125, 0.803125, 0.803125, 0.809375, 0.809375, 0.80625, 0.8078125, 0.8046875],