{"train": {"acc": [0.5447265625, 0.64296875, 0.6904296875, 0.7076171875, 0.7451171875, 0.743359375, 0.7416015625, 0.7267578125, 0.74140625, 0.7583984375, 0.7650390625, 0.7537109375, 0.7525390625, 0.772265625, 0.7783203125, 0.778515625, 0.7833984375, 0.781640625, 0.78671875, 0.798828125, 0.794921875, 0.7984375, 0.7990234375, 0.7998046875, 0.8099609375, 0.80859375, 0.8103515625, 0.8060546875, 0.815625, 0.8095703125, 0.8171875, 0.8298828125, 0.826171875, 0.8185546875, 0.83203125, 0.825, 0.8298828125, 0.8376953125, 0.844140625, 0.849609375, 0.8353515625, 0.8291015625, 0.849609375, 0.8537109375, 0.84375, 0.855078125, 0.853125, 0.848828125, 0.844921875, 0.8552734375, 0.8677734375, 0.866796875, 0.8701171875, 0.8767578125, 0.8693359375, 0.880859375, 0.888671875, 0.8771484375, 0.88125, 0.8875, 0.884765625, 0.8859375, 0.90078125, 0.89453125, 0.89921875, 0.898828125, 0.9005859375, 0.905859375, 0.903515625, 0.903515625, 0.9080078125, 0.912890625, 0.9162109375, 0.92109375, 0.9171875, 0.917578125, 0.9212890625, 0.92265625, 0.9244140625, 0.92421875, 0.9283203125, 0.9251953125, 0.9267578125, 0.926171875, 0.931640625, 0.9318359375, 0.930078125, 0.9341796875, 0.931640625, 0.9365234375, 0.93515625, 0.934375, 0.939453125, 0.939453125, 0.9388671875, 0.9396484375, 0.9421875, 0.939453125, 0.939453125, 0.94296875, 0.94296875, 0.94375, 0.944140625, 0.94453125, 0.945703125, 0.94453125, 0.9451171875, 0.945703125, 0.946484375, 0.9455078125, 0.9462890625, 0.945703125, 0.9470703125, 0.9482421875, 0.945703125, 0.9470703125, 0.948046875, 0.9486328125, 0.94921875, 0.949609375, 0.949609375, 0.950390625, 0.95078125, 0.9498046875, 0.9494140625, 0.95, 0.9509765625, 0.9509765625, 0.9517578125, 0.9515625, 0.951171875, 0.9515625, 0.9517578125, 0.951953125, 0.9515625, 0.9517578125, 0.951953125, 0.9521484375, 0.9509765625, 0.951953125, 0.951953125, 0.95234375, 0.9529296875, 0.9525390625, 0.9525390625, 0.9515625, 0.9525390625, 0.95234375, 0.952734375, 0.9515625], "loss": [2.5676124940944622, 2.3926013149792635, 2.311425818672663, 2.278997925263417, 2.2213678028010113, 2.2265809880027287, 2.2254618889168847, 2.25021444091314, 2.2248734763905973, 2.1983725119240676, 2.187398395960844, 2.2052383694467665, 2.2072536688816697, 2.1759236205982257, 2.165684751317471, 2.16472525083566, 2.1584697810909415, 2.1592379566989366, 2.1513286361211463, 2.132706797575649, 2.1389645836021325, 2.1333152146279057, 2.131801784793033, 2.128795240498796, 2.1151591539382935, 2.1158055127421513, 2.1149105482463595, 2.1201937153369568, 2.104316079163853, 2.112339712396453, 2.1048231653020353, 2.0810970807377296, 2.087584172623067, 2.099726962137826, 2.077342356307597, 2.090061687215974, 2.0803665496126005, 2.066999812669392, 2.058729618410521, 2.0507479498658, 2.071247416206553, 2.082198337663578, 2.0468483861488633, 2.041813949995403, 2.05906768388386, 2.040996936303151, 2.0425880513613737, 2.049522457243521, 2.057287686987768, 2.038344040701661, 2.018739393994778, 2.020532037638411, 2.012387180630165, 2.0050969561444054, 2.015837065781219, 1.9977398145047924, 1.9845865180220785, 2.002159590962567, 1.9958527193793767, 1.9878484765185584, 1.9917967576014846, 1.9891072707840158, 1.9649649737756463, 1.9738840181616288, 1.9679203033447266, 1.9671928007391435, 1.9638953918143163, 1.958588962313495, 1.9586557330964487, 1.9593419681621502, 1.9510612095458597, 1.9462883985495265, 1.9396819736384139, 1.9310148622416243, 1.9378456118740612, 1.936676773843886, 1.930978108055984, 1.929631168329263, 1.9260182546663889, 1.9252341382111176, 1.9200005108797098, 1.9231582321698153, 1.922774565370777, 1.9219905062566829, 1.9132584016534346, 1.913880398001852, 1.9145515900623948, 1.9100498655174352, 1.913712441166745, 1.9054710457596598, 1.9081913096995293, 1.9090136289596558, 1.9017657162267951, 1.900079153761079, 1.9030654536017888, 1.9001353088813493, 1.8966929112808615, 1.9008706793000427, 1.9003884384903726, 1.8944766762890393, 1.8952464483961273, 1.894502688057815, 1.8933490152600445, 1.8934092898912067, 1.890856056273738, 1.892668621449531, 1.8916788916044598, 1.8912205213232884, 1.889187121693092, 1.8912255960174753, 1.8891898801055136, 1.890831687782384, 1.8882900551904607, 1.8866260821306253, 1.890270999715298, 1.8876375638985936, 1.8862132120736037, 1.8850082491017595, 1.8848624878291842, 1.883674049679237, 1.8848122056526473, 1.8830397928817362, 1.8820493251462527, 1.883353396307064, 1.8839937705027907, 1.883131992967823, 1.8816646397868289, 1.8813043168828458, 1.8802324458013606, 1.880401446849485, 1.8814403905144221, 1.880812886395032, 1.8799957685832736, 1.8803775808479213, 1.8806189132642142, 1.880233874803857, 1.880084769635261, 1.8797911933705778, 1.8813868700703489, 1.879674817942366, 1.8799763148344015, 1.8791695093806786, 1.8782618528679957, 1.8791043154800995, 1.878671780417237, 1.8808697582800178, 1.879343044908741, 1.879325815393955, 1.878958686997619, 1.8805520564694949]}, "valid": {"acc": [0.5625, 0.6078125, 0.6609375, 0.7265625, 0.721875, 0.7359375, 0.6984375, 0.7078125, 0.7328125, 0.753125, 0.7140625, 0.7234375, 0.740625, 0.7515625, 0.7265625, 0.7765625, 0.7625, 0.7578125, 0.7796875, 0.746875, 0.746875, 0.7453125, 0.7375, 0.7609375, 0.725, 0.7859375, 0.775, 0.775, 0.7703125, 0.7890625, 0.78125, 0.7859375, 0.771875, 0.796875, 0.796875, 0.80625, 0.79375, 0.8078125, 0.7921875, 0.80625, 0.765625, 0.7734375, 0.790625, 0.7875, 0.7703125, 0.7671875, 0.8125, 0.8015625, 0.8015625, 0.79375, 0.8046875, 0.7875, 0.7953125, 0.7859375, 0.796875, 0.803125, 0.7921875, 0.8203125, 0.8, 0.8125, 0.7890625, 0.7875, 0.8015625, 0.8140625, 0.828125, 0.8, 0.8078125, 0.8, 0.8046875, 0.8125, 0.8109375, 0.83125, 0.80625, 0.8140625, 0.803125, 0.8140625, 0.8109375, 0.8125, 0.821875, 0.8234375, 0.815625, 0.8265625, 0.8140625, 0.8125, 0.8171875, 0.8140625, 0.821875, 0.821875, 0.8203125, 0.81875, 0.79375, 0.8234375, 0.828125, 0.8203125, 0.821875, 0.8296875, 0.8265625, 0.828125, 0.8109375, 0.8265625, 0.8171875, 0.83125, 0.83125, 0.8203125, 0.8234375, 0.825, 0.8234375, 0.8203125, 0.815625, 0.815625, 0.815625, 0.8171875, 0.8078125, 0.80625, 0.815625, 0.8046875, 0.8125, 0.815625, 0.803125, 0.8171875, 0.8125, 0.809375, 0.8046875, 0.8078125, 0.815625, 0.8078125, 0.8078125, 0.8078125, 0.8078125, 0.8125, 0.8171875, 0.80625, 0.8046875, 0.80625, 0.809375, 0.815625, 0.80625, 0.8078125, 0.809375, 0.8078125, 0.8140625, 0.809375, 0.8109375, 0.80625, 0.8109375, 0.809375, 0.8109375, 0.809375, 0.8109375, 0.80625],