{"train": {"acc": [0.5451171875, 0.6451171875, 0.6763671875, 0.67109375, 0.7052734375, 0.7306640625, 0.7361328125, 0.7359375, 0.7361328125, 0.7505859375, 0.751953125, 0.7568359375, 0.748046875, 0.7513671875, 0.7470703125, 0.761328125, 0.76875, 0.7705078125, 0.768359375, 0.7822265625, 0.7900390625, 0.78984375, 0.777734375, 0.7849609375, 0.78515625, 0.7873046875, 0.7873046875, 0.799609375, 0.7970703125, 0.80625, 0.8078125, 0.81171875, 0.8181640625, 0.80703125, 0.8138671875, 0.8134765625, 0.81171875, 0.8076171875, 0.8037109375, 0.8208984375, 0.8234375, 0.8259765625, 0.828515625, 0.8228515625, 0.8201171875, 0.82578125, 0.8330078125, 0.8396484375, 0.8330078125, 0.8357421875, 0.8361328125, 0.8486328125, 0.8412109375, 0.8470703125, 0.8517578125, 0.851953125, 0.853125, 0.84609375, 0.8513671875, 0.8564453125, 0.869140625, 0.868359375, 0.87265625, 0.8755859375, 0.8767578125, 0.8771484375, 0.880859375, 0.8876953125, 0.8806640625, 0.8818359375, 0.8861328125, 0.8859375, 0.8849609375, 0.89375, 0.897265625, 0.894140625, 0.901953125, 0.9015625, 0.9044921875, 0.90234375, 0.902734375, 0.90390625, 0.9091796875, 0.9111328125, 0.9115234375, 0.9162109375, 0.9158203125, 0.9173828125, 0.91875, 0.9181640625, 0.917578125, 0.9171875, 0.916015625, 0.9208984375, 0.9201171875, 0.9171875, 0.921875, 0.9216796875, 0.925390625, 0.9251953125, 0.9232421875, 0.925390625, 0.92578125, 0.9267578125, 0.926953125, 0.92890625, 0.9306640625, 0.9306640625, 0.9291015625, 0.933203125, 0.9330078125, 0.9349609375, 0.9349609375, 0.936328125, 0.934765625, 0.9373046875, 0.9365234375, 0.937890625, 0.938671875, 0.937109375, 0.937890625, 0.9384765625, 0.9400390625, 0.9390625, 0.93984375, 0.9404296875, 0.9404296875, 0.939453125, 0.940625, 0.941796875, 0.9412109375, 0.9421875, 0.941796875, 0.9412109375, 0.941015625, 0.943359375, 0.9435546875, 0.9427734375, 0.943359375, 0.9416015625, 0.9439453125, 0.944140625, 0.94375, 0.9427734375, 0.9447265625, 0.9439453125, 0.9439453125, 0.9431640625, 0.94453125, 0.9451171875], "loss": [2.5698988890346093, 2.385208217403557, 2.335328458230707, 2.342319585100005, 2.2864805595784246, 2.2465123360670067, 2.2340401094171067, 2.2386681113062026, 2.2360305242900607, 2.21141889125486, 2.211644202848024, 2.200395288346689, 2.2184573095056077, 2.2102696563624127, 2.219237039360819, 2.194739522813242, 2.1807288761380352, 2.1777723725838, 2.1815365190747418, 2.15769592719742, 2.1459840400309504, 2.147953247722191, 2.1660342125953, 2.15603095368494, 2.1550261325474027, 2.1531211530105976, 2.149458409864691, 2.1301785843281804, 2.1364700809309753, 2.119755693628818, 2.116780456108383, 2.110280497164666, 2.1008015554162522, 2.1182011773314655, 2.108265514615216, 2.1089980949329425, 2.110760177238078, 2.116866561430919, 2.1227424416360976, 2.096410001380534, 2.092688651024541, 2.0864945770818975, 2.0835746149473553, 2.091755787028542, 2.095827579498291, 2.087423021280313, 2.0770691452147085, 2.064590010461928, 2.075075735019732, 2.0717551632772517, 2.0711220759379714, 2.049876184403142, 2.0625468673585337, 2.0522846858712693, 2.0469246061542368, 2.0429017951216877, 2.0426450183119953, 2.054016792321507, 2.045512581173378, 2.038521513154235, 2.0168888357621206, 2.0174068876459628, 2.010799554329884, 2.0048966045621075, 2.0046736137776433, 2.003770464583288, 1.9970801963081843, 1.986527762835539, 1.9973542494109915, 1.9972367920453036, 1.9875705377965034, 1.9895606629456146, 1.9907469160949127, 1.9763536785222307, 1.97144778318043, 1.974310014821306, 1.9641022123867953, 1.9634988247593748, 1.9599934831450256, 1.960741725149034, 1.9611486724660367, 1.9587321839755094, 1.9506787182409553, 1.9466981118238424, 1.94850426685961, 1.9400692378418356, 1.9400231385532813, 1.9373520235472088, 1.9347609009923814, 1.9354993799064732, 1.9367925984950005, 1.9368252331697489, 1.940069088452979, 1.9315270411817334, 1.931936247439324, 1.9369550249244594, 1.9300099716910832, 1.929079064840003, 1.9232535166076468, 1.9241349395317366, 1.927136078665528, 1.9244803401488293, 1.9229569495478762, 1.921132401575016, 1.921957713139208, 1.9179690321789513, 1.914945670321018, 1.9154004809222644, 1.9173790759678129, 1.9113526796992821, 1.9112988770762576, 1.9080229212966147, 1.9082592952100537, 1.9058202278764942, 1.907980614070651, 1.904837356338018, 1.9057027252414558, 1.904375338856178, 1.9017351096189474, 1.9038122832020627, 1.9034479479246502, 1.9025959500783607, 1.8999884671802763, 1.9004428929920438, 1.8995450931259348, 1.8984730304041995, 1.899009316782408, 1.9001684022855154, 1.8991732702979558, 1.8967141727857952, 1.8974896910824353, 1.8962958372091945, 1.8966201468359065, 1.8968106176279769, 1.8978558326069312, 1.894794390171389, 1.8939034169233298, 1.8945260334618483, 1.8941700956489467, 1.8966731693171248, 1.892909772788422, 1.8932770671723764, 1.8935581807848774, 1.8944677476641498, 1.8919466251059422, 1.8935204502902454, 1.8928984690316115, 1.8945391826991793, 1.8926157755187796, 1.8914345050159889]}, "valid": {"acc": [0.484375, 0.621875, 0.6015625, 0.709375, 0.7375, 0.6875, 0.7265625, 0.696875, 0.7171875, 0.7203125, 0.7515625, 0.7375, 0.7078125, 0.7390625, 0.725, 0.7703125, 0.7375, 0.7453125, 0.78125, 0.7546875, 0.778125, 0.775, 0.765625, 0.7671875, 0.703125, 0.765625, 0.753125, 0.7734375, 0.7765625, 0.76875, 0.7671875, 0.771875, 0.7796875, 0.7640625, 0.7984375, 0.790625, 0.746875, 0.7625, 0.7828125, 0.778125, 0.7640625, 0.8, 0.7546875, 0.7796875, 0.7890625, 0.7859375, 0.771875, 0.790625, 0.765625, 0.803125, 0.790625, 0.7953125, 0.7859375, 0.79375, 0.8203125, 0.7828125, 0.7890625, 0.803125, 0.8, 0.790625, 0.790625, 0.803125, 0.8203125, 0.8171875, 0.8171875, 0.8046875, 0.8078125, 0.784375, 0.8015625, 0.8109375, 0.803125, 0.80625, 0.8078125, 0.8140625, 0.8125, 0.8203125, 0.8171875, 0.8125, 0.7953125, 0.8046875, 0.7953125, 0.803125, 0.8125, 0.8203125, 0.7984375, 0.796875, 0.79375, 0.7984375, 0.80625, 0.7984375, 0.8078125, 0.803125, 0.8203125, 0.815625, 0.803125, 0.8078125, 0.8171875, 0.828125, 0.81875, 0.8234375, 0.8109375, 0.825, 0.8234375, 0.8140625, 0.8296875, 0.8140625, 0.815625, 0.8171875, 0.828125, 0.8140625, 0.8, 0.8171875, 0.8234375, 0.8171875, 0.8203125, 0.8171875, 0.81875, 0.8171875, 0.8046875, 0.8125, 0.809375, 0.80625, 0.8140625, 0.8109375, 0.815625, 0.8125, 0.8078125, 0.8046875, 0.809375, 0.8109375, 0.8046875, 0.8125, 0.803125, 0.8046875, 0.8046875, 0.803125, 0.8046875, 0.8015625, 0.8078125, 0.8046875, 0.80625, 0.8015625, 0.8046875, 0.80625, 0.8078125, 0.80625, 0.803125, 0.8015625, 0.8078125, 0.8015625],