{"train": {"acc": [0.5576171875, 0.6396484375, 0.6947265625, 0.711328125, 0.7173828125, 0.73671875, 0.73515625, 0.7423828125, 0.7521484375, 0.76015625, 0.7662109375, 0.756640625, 0.7640625, 0.768359375, 0.7720703125, 0.7736328125, 0.765625, 0.775390625, 0.7841796875, 0.78359375, 0.7796875, 0.79140625, 0.803125, 0.7826171875, 0.797265625, 0.8021484375, 0.790234375, 0.7931640625, 0.79296875, 0.8142578125, 0.8169921875, 0.811328125, 0.8099609375, 0.8205078125, 0.81328125, 0.8255859375, 0.8255859375, 0.822265625, 0.8271484375, 0.8349609375, 0.847265625, 0.8349609375, 0.8349609375, 0.8275390625, 0.8376953125, 0.8357421875, 0.844140625, 0.853125, 0.8576171875, 0.8541015625, 0.860546875, 0.86171875, 0.8658203125, 0.856640625, 0.8654296875, 0.86875, 0.879296875, 0.878125, 0.8791015625, 0.8814453125, 0.884375, 0.8828125, 0.8830078125, 0.87890625, 0.8849609375, 0.889453125, 0.8921875, 0.8947265625, 0.897265625, 0.8984375, 0.899609375, 0.9029296875, 0.8953125, 0.902734375, 0.9056640625, 0.9068359375, 0.9123046875, 0.9103515625, 0.9099609375, 0.917578125, 0.9197265625, 0.9228515625, 0.9189453125, 0.9216796875, 0.9255859375, 0.9287109375, 0.9259765625, 0.9265625, 0.9314453125, 0.9341796875, 0.9318359375, 0.934375, 0.9349609375, 0.9322265625, 0.934375, 0.933203125, 0.9357421875, 0.9341796875, 0.9388671875, 0.9404296875, 0.9400390625, 0.9412109375, 0.9423828125, 0.9421875, 0.94375, 0.9431640625, 0.9431640625, 0.9439453125, 0.9427734375, 0.94453125, 0.945703125, 0.9447265625, 0.945703125, 0.944140625, 0.94609375, 0.9455078125, 0.946484375, 0.946875, 0.9470703125, 0.94765625, 0.9470703125, 0.947265625, 0.9474609375, 0.9462890625, 0.9474609375, 0.947265625, 0.9482421875, 0.9482421875, 0.9490234375, 0.9478515625, 0.94765625, 0.948046875, 0.9490234375, 0.9484375, 0.9484375, 0.9494140625, 0.9484375, 0.9490234375, 0.9482421875, 0.9490234375, 0.9486328125, 0.9490234375, 0.9494140625, 0.9486328125, 0.9490234375, 0.9484375, 0.9482421875, 0.949609375, 0.9478515625, 0.9494140625], "loss": [2.541408855703813, 2.3929304322109948, 2.3045461419262465, 2.2764744155014616, 2.265110000779357, 2.235024687610095, 2.2345956382872183, 2.2235353988937185, 2.2094498193716703, 2.1970385599739943, 2.187224908720089, 2.202864001068888, 2.18927262402788, 2.1827329382111755, 2.176260346098791, 2.1743803929679, 2.186966624441026, 2.168542709531663, 2.1540095383607887, 2.1587144528763202, 2.1618868851963478, 2.1444771817967863, 2.125665545463562, 2.158829957624025, 2.1341477255277996, 2.124892832357672, 2.14519806753231, 2.1428784388530104, 2.1413050090210346, 2.1081284058244925, 2.103125542025023, 2.110364334492744, 2.111823991884159, 2.0973006426533565, 2.1085903629471985, 2.0873844412308706, 2.0879844562916814, 2.094049826453004, 2.0852405391161954, 2.072603127624415, 2.052924788450893, 2.073901632164098, 2.072225929815558, 2.0845575604257705, 2.066988852959645, 2.0717298501654517, 2.0572708830048767, 2.0421655147890503, 2.0366164189350755, 2.041461974759645, 2.031230354610878, 2.027800825577748, 2.021206315559677, 2.0366243169277527, 2.023439027086089, 2.0156902904751934, 2.000588513627837, 2.002575242066685, 1.9988626996173133, 1.995825470248355, 1.9937785999684394, 1.9929928870140752, 1.992215776745277, 1.999363194538068, 1.9915381745447087, 1.9821718342696564, 1.9790367310560202, 1.9745926962623113, 1.9704176383682444, 1.9688977697227574, 1.9676226543474802, 1.962518806698956, 1.971927125242692, 1.9625363772428488, 1.9563304382034494, 1.955563762519933, 1.9459445174736312, 1.9485224349589287, 1.9501584315601783, 1.9380919646613206, 1.9346856648408914, 1.928692544562907, 1.9346774182742155, 1.931545237951641, 1.9232257544239866, 1.9180715597128566, 1.9224776225753977, 1.9219997080066535, 1.9136447272723234, 1.9098837933962858, 1.9133581013619145, 1.9091038749187808, 1.9079279190377345, 1.912569073182118, 1.9092431581473048, 1.9103134116040001, 1.907142292095136, 1.908922986139225, 1.9020761432526987, 1.8989191040208069, 1.9007812451712693, 1.8986101241051396, 1.8958632040627394, 1.8955190830592867, 1.8943558825722224, 1.8946013556251042, 1.894634455065184, 1.893947331211235, 1.8951924586597877, 1.8927288643921478, 1.8902470567558385, 1.8916856125940251, 1.8897839045222802, 1.892733745937106, 1.8899958269505561, 1.8909581778924676, 1.889279677898069, 1.88856777058372, 1.8881960473483121, 1.8866067143935192, 1.8881637884091726, 1.8881425193593473, 1.887349152866798, 1.8893216712565362, 1.8873338503173636, 1.8874632346479199, 1.88628512545477, 1.8861437854887564, 1.8851777662204792, 1.8866545550430878, 1.8871021195303035, 1.886967515643639, 1.8847899678387219, 1.8854819385311272, 1.8857108067862596, 1.8845390684996979, 1.8860744554785234, 1.8849064292786997, 1.8858309863488885, 1.8853696222546734, 1.88506866255893, 1.88481033904643, 1.884715324715723, 1.885742593415176, 1.884726488137547, 1.8858055645906473, 1.8855038685134695, 1.884100698217561, 1.8860527005376695, 1.88467210304888]}, "valid": {"acc": [0.5890625, 0.690625, 0.6796875, 0.6609375, 0.709375, 0.684375, 0.696875, 0.7015625, 0.69375, 0.75625, 0.7421875, 0.6859375, 0.73125, 0.75625, 0.7734375, 0.7625, 0.740625, 0.7609375, 0.740625, 0.7265625, 0.7671875, 0.7890625, 0.7515625, 0.7890625, 0.775, 0.778125, 0.79375, 0.75625, 0.7921875, 0.784375, 0.7765625, 0.7734375, 0.78125, 0.778125, 0.784375, 0.775, 0.790625, 0.7703125, 0.78125, 0.796875, 0.796875, 0.78125, 0.8046875, 0.7921875, 0.790625, 0.796875, 0.803125, 0.796875, 0.7953125, 0.8015625, 0.7984375, 0.7984375, 0.80625, 0.7859375, 0.790625, 0.8109375, 0.8140625, 0.8, 0.8015625, 0.8, 0.80625, 0.7859375, 0.80625, 0.790625, 0.815625, 0.7875, 0.790625, 0.7890625, 0.7859375, 0.803125, 0.7984375, 0.7890625, 0.803125, 0.7828125, 0.8, 0.778125, 0.7921875, 0.8046875, 0.80625, 0.803125, 0.7921875, 0.79375, 0.7796875, 0.803125, 0.8, 0.796875, 0.8046875, 0.8, 0.80625, 0.796875, 0.815625, 0.821875, 0.8015625, 0.809375, 0.803125, 0.8046875, 0.8046875, 0.8, 0.8109375, 0.80625, 0.8171875, 0.80625, 0.8171875, 0.8046875, 0.809375, 0.7953125, 0.8078125, 0.80625, 0.80625, 0.8078125, 0.809375, 0.809375, 0.7953125, 0.7953125, 0.8140625, 0.809375, 0.80625, 0.8046875, 0.8015625, 0.80625, 0.8109375, 0.8078125, 0.80625, 0.80625, 0.80625, 0.8015625, 0.8, 0.8078125, 0.803125, 0.7953125, 0.80625, 0.80625, 0.80625, 0.8046875, 0.8015625, 0.8, 0.8046875, 0.7984375, 0.8, 0.803125, 0.803125, 0.796875, 0.8, 0.8, 0.80625, 0.7984375, 0.8015625, 0.8015625, 0.803125, 0.8046875],