{"train": {"acc": [0.554296875, 0.6466796875, 0.68359375, 0.684765625, 0.70703125, 0.728125, 0.731640625, 0.75859375, 0.7505859375, 0.755859375, 0.7654296875, 0.76328125, 0.7580078125, 0.762890625, 0.7689453125, 0.7765625, 0.784765625, 0.7814453125, 0.78203125, 0.7951171875, 0.8005859375, 0.798828125, 0.8044921875, 0.8037109375, 0.80859375, 0.8025390625, 0.80625, 0.8123046875, 0.8146484375, 0.806640625, 0.816015625, 0.816015625, 0.83125, 0.813671875, 0.8236328125, 0.825390625, 0.81875, 0.8205078125, 0.8365234375, 0.83203125, 0.820703125, 0.837890625, 0.8337890625, 0.8400390625, 0.845703125, 0.8458984375, 0.8615234375, 0.8671875, 0.8578125, 0.859375, 0.8728515625, 0.8740234375, 0.8716796875, 0.8716796875, 0.8716796875, 0.8806640625, 0.8775390625, 0.883203125, 0.8828125, 0.88203125, 0.8849609375, 0.8876953125, 0.8908203125, 0.8927734375, 0.896484375, 0.8970703125, 0.8978515625, 0.9001953125, 0.900390625, 0.901953125, 0.9041015625, 0.9103515625, 0.9095703125, 0.906640625, 0.9123046875, 0.9107421875, 0.9044921875, 0.9115234375, 0.9111328125, 0.91953125, 0.9201171875, 0.9232421875, 0.9205078125, 0.9220703125, 0.923046875, 0.9240234375, 0.9248046875, 0.9232421875, 0.9271484375, 0.927734375, 0.930859375, 0.93046875, 0.9326171875, 0.934375, 0.9310546875, 0.932421875, 0.935546875, 0.93359375, 0.9341796875, 0.935546875, 0.9373046875, 0.93515625, 0.9375, 0.9380859375, 0.93828125, 0.938671875, 0.9390625, 0.9388671875, 0.9404296875, 0.9408203125, 0.9427734375, 0.941796875, 0.9421875, 0.9427734375, 0.9421875, 0.94296875, 0.9439453125, 0.9451171875, 0.94453125, 0.944140625, 0.9453125, 0.945703125, 0.9455078125, 0.944140625, 0.945703125, 0.9462890625, 0.9462890625, 0.9486328125, 0.9484375, 0.94765625, 0.9482421875, 0.9474609375, 0.948046875, 0.94765625, 0.946875, 0.9478515625, 0.948046875, 0.946875, 0.94921875, 0.9482421875, 0.9482421875, 0.94921875, 0.9486328125, 0.9494140625, 0.9486328125, 0.9484375, 0.9482421875, 0.948046875, 0.9490234375, 0.9484375], "loss": [2.552025819126564, 2.3811012823370437, 2.3169117728366126, 2.3193680983555467, 2.2810828233066993, 2.248485006863558, 2.242465499081189, 2.202117639251902, 2.2108873898469947, 2.2042297094683105, 2.186759239510645, 2.190450152264366, 2.1993594788297823, 2.1893689722954472, 2.180766454225854, 2.1676674281494526, 2.155829637865477, 2.162720908092547, 2.161210026922105, 2.138727636276921, 2.1299295229247854, 2.13149680366999, 2.1214215996899184, 2.1235166184509855, 2.115836828569823, 2.1251272008388855, 2.1192180989663814, 2.112143383750433, 2.1070151887362516, 2.1197069943705693, 2.105857702750194, 2.1045136904414696, 2.077297879170768, 2.109170225602162, 2.0906949692134615, 2.0886289379264733, 2.099218445488169, 2.0945908374424222, 2.069529400596136, 2.0769062328942214, 2.0934459650063815, 2.0689231881612464, 2.0746228785454472, 2.0638952828660795, 2.0555050629603713, 2.0541910823387437, 2.0299278814581374, 2.019805094863795, 2.033269779591621, 2.0321021321453627, 2.0117123051534724, 2.007620909545995, 2.012601942955693, 2.0119436073906813, 2.013476512100123, 1.9976362080513677, 2.003074400032623, 1.9944023995459834, 1.9950378303286396, 1.9956950567945648, 1.9911914309368859, 1.9867189307756061, 1.980371277543563, 1.9775272336187242, 1.9730420323866833, 1.9701532397089125, 1.9687825516809392, 1.9650856995884376, 1.9647105147566977, 1.9618838316277614, 1.9596081081824968, 1.9493729494795013, 1.9497231516656996, 1.9541462554207332, 1.9455582446689847, 1.947951896281182, 1.9571086319187019, 1.9468539666525926, 1.9469304975075057, 1.9334730438039274, 1.9318294449697566, 1.928555835651446, 1.9333572885658168, 1.928921782517735, 1.9278598299509362, 1.9253945516634592, 1.9247777809070636, 1.9264816845519632, 1.9209051599985436, 1.9198874008806446, 1.9160991333707977, 1.915442700627484, 1.9120489992672884, 1.9092398972450932, 1.914511727381356, 1.9121157338347616, 1.907967006103902, 1.910882800440245, 1.9080768959431709, 1.9071569714365126, 1.9043571119067035, 1.9081107770340353, 1.9038893467263331, 1.902283935607234, 1.9019497632980347, 1.902551388438744, 1.9007339718975598, 1.9012001858481877, 1.8992297573934627, 1.8983238724213611, 1.8960274955894374, 1.896881578843805, 1.895909710775448, 1.8951479543613483, 1.895531817327572, 1.894306329232228, 1.89375638961792, 1.8914514478248885, 1.8925992838944061, 1.8933995283102687, 1.890597779539567, 1.8902410842195343, 1.8904410827008984, 1.89272319666947, 1.89027493663981, 1.8895680994927129, 1.889012427269658, 1.8856028982355624, 1.8862648478037194, 1.8867488450641874, 1.8862741582001312, 1.8871359417710123, 1.8866738941096053, 1.8868105758594562, 1.8883128649071803, 1.887043657182138, 1.8864010828959792, 1.8882252023189883, 1.8845846381368516, 1.8863603344446496, 1.885793284524845, 1.8847354514689385, 1.8855531004410755, 1.8845001549660405, 1.8853594879560833, 1.8864369286766536, 1.8863094592396217, 1.8864660866652863, 1.8850058030478563, 1.8861122946195965]}, "valid": {"acc": [0.6140625, 0.584375, 0.7, 0.678125, 0.6921875, 0.7, 0.73125, 0.7109375, 0.7296875, 0.7609375, 0.725, 0.7734375, 0.740625, 0.740625, 0.7734375, 0.784375, 0.728125, 0.7703125, 0.75625, 0.796875, 0.78125, 0.78125, 0.7734375, 0.7796875, 0.7625, 0.784375, 0.753125, 0.7890625, 0.7765625, 0.7703125, 0.7609375, 0.7875, 0.7875, 0.7859375, 0.76875, 0.771875, 0.7703125, 0.7484375, 0.775, 0.778125, 0.7671875, 0.7859375, 0.784375, 0.79375, 0.7953125, 0.76875, 0.7796875, 0.7796875, 0.7875, 0.7953125, 0.7859375, 0.7953125, 0.8, 0.79375, 0.7875, 0.7984375, 0.7921875, 0.79375, 0.7984375, 0.803125, 0.796875, 0.8125, 0.803125, 0.8046875, 0.809375, 0.809375, 0.8078125, 0.8046875, 0.8171875, 0.8015625, 0.7890625, 0.8125, 0.80625, 0.8, 0.7953125, 0.8203125, 0.8, 0.8046875, 0.825, 0.821875, 0.8203125, 0.80625, 0.8171875, 0.8140625, 0.8171875, 0.8140625, 0.8125, 0.821875, 0.8125, 0.81875, 0.8140625, 0.8015625, 0.80625, 0.8171875, 0.8109375, 0.8125, 0.80625, 0.8109375, 0.8078125, 0.8015625, 0.8015625, 0.809375, 0.809375, 0.8140625, 0.809375, 0.8125, 0.8140625, 0.80625, 0.8109375, 0.8125, 0.815625, 0.8171875, 0.8203125, 0.8140625, 0.809375, 0.8125, 0.8125, 0.8125, 0.8171875, 0.815625, 0.81875, 0.8203125, 0.815625, 0.8125, 0.8078125, 0.8125, 0.821875, 0.8203125, 0.821875, 0.8265625, 0.81875, 0.825, 0.8125, 0.8140625, 0.81875, 0.81875, 0.81875, 0.8171875, 0.8203125, 0.8140625, 0.815625, 0.8171875, 0.8171875, 0.8203125, 0.8140625, 0.8125, 0.8203125, 0.8171875, 0.815625, 0.8171875],