{"train": {"acc": [0.5404296875, 0.6451171875, 0.6890625, 0.7001953125, 0.692578125, 0.7158203125, 0.71953125, 0.743359375, 0.7390625, 0.74921875, 0.746875, 0.7568359375, 0.7755859375, 0.772265625, 0.7775390625, 0.776171875, 0.7736328125, 0.76953125, 0.79375, 0.784375, 0.7796875, 0.7896484375, 0.79609375, 0.795703125, 0.8037109375, 0.783984375, 0.7921875, 0.805859375, 0.805859375, 0.7978515625, 0.8060546875, 0.8166015625, 0.8244140625, 0.8203125, 0.82265625, 0.8021484375, 0.816015625, 0.8240234375, 0.821875, 0.828125, 0.8294921875, 0.8373046875, 0.8318359375, 0.837890625, 0.82421875, 0.840234375, 0.840234375, 0.8451171875, 0.8421875, 0.8482421875, 0.848828125, 0.85234375, 0.8544921875, 0.863671875, 0.871484375, 0.8724609375, 0.875, 0.8779296875, 0.8806640625, 0.878515625, 0.8861328125, 0.880078125, 0.878125, 0.8865234375, 0.8861328125, 0.8947265625, 0.8958984375, 0.894140625, 0.899609375, 0.9025390625, 0.9013671875, 0.8974609375, 0.90234375, 0.90390625, 0.9109375, 0.9142578125, 0.9111328125, 0.912890625, 0.9138671875, 0.912890625, 0.9158203125, 0.9166015625, 0.920703125, 0.9158203125, 0.9203125, 0.9201171875, 0.92421875, 0.921875, 0.9203125, 0.92421875, 0.926171875, 0.928125, 0.9294921875, 0.9294921875, 0.93125, 0.9296875, 0.9302734375, 0.9302734375, 0.9333984375, 0.9345703125, 0.9328125, 0.934765625, 0.9349609375, 0.9341796875, 0.9349609375, 0.935546875, 0.9357421875, 0.9369140625, 0.93671875, 0.93515625, 0.9380859375, 0.936328125, 0.9384765625, 0.940234375, 0.941015625, 0.9404296875, 0.9408203125, 0.9392578125, 0.939453125, 0.93984375, 0.941015625, 0.9388671875, 0.9419921875, 0.943359375, 0.9419921875, 0.943359375, 0.9421875, 0.9423828125, 0.9435546875, 0.94296875, 0.9423828125, 0.9416015625, 0.94375, 0.9439453125, 0.94296875, 0.9421875, 0.94296875, 0.94375, 0.9439453125, 0.944140625, 0.9427734375, 0.944140625, 0.94453125, 0.9439453125, 0.9431640625, 0.9443359375, 0.944921875, 0.9435546875, 0.943359375, 0.94453125], "loss": [2.567580503753469, 2.38688974742648, 2.312620184089564, 2.294457384302646, 2.3066350538519362, 2.2681233249133146, 2.263504333133939, 2.223544612715516, 2.231661138655264, 2.2133839703813383, 2.2159376265127446, 2.2010208685186843, 2.171002867855603, 2.1764564152005352, 2.169393770302398, 2.1689547722852685, 2.1744891193848623, 2.180905031252511, 2.1413367337818388, 2.1576058638246756, 2.1627479972718637, 2.1467197167722483, 2.138062999218325, 2.139105995999107, 2.123178261744825, 2.155474213105214, 2.1422560018829153, 2.120837566218799, 2.1194899640505827, 2.1341490021234826, 2.1191866624204416, 2.1032396404049063, 2.0916417444808575, 2.097697648820998, 2.092998180208327, 2.1265440379516987, 2.1035849716089947, 2.08994397030601, 2.093216462980343, 2.0832396715502197, 2.0812434848350816, 2.067363981959186, 2.0793759038176716, 2.0667569969273822, 2.0888258686548546, 2.064788818359375, 2.065628676474849, 2.0569825172424316, 2.059386303153219, 2.0511264046536217, 2.051077058043661, 2.0434985311725473, 2.0405465047570726, 2.0257907260822345, 2.015092329133915, 2.0113509787788875, 2.0057222149040124, 2.001209806792344, 1.9996039973029607, 2.000887731962566, 1.9885938861702062, 1.996952296812323, 2.0006582963315744, 1.9880511262748815, 1.9875987149492096, 1.9749355557598645, 1.9737039049969445, 1.9761303829241403, 1.965728915190395, 1.9620813689654386, 1.963219161275067, 1.96919063374966, 1.9624551142318338, 1.9585567320449442, 1.9482786444169056, 1.9437513472158698, 1.9471006815946554, 1.9435534416874753, 1.9430888861040525, 1.9440550472162947, 1.9399751138083543, 1.938384113432486, 1.9313850463191164, 1.9393509098246127, 1.9329381139972541, 1.9322703744791732, 1.9262036386924455, 1.9295699354968494, 1.9322708784779417, 1.9254303944261768, 1.9223740085770813, 1.9199037989483605, 1.9181729630578923, 1.9174732120731208, 1.9144883608516259, 1.9170670207542708, 1.9163712881788422, 1.9150382325619082, 1.9104058184201205, 1.9088691638994821, 1.9115146338185178, 1.908333589759054, 1.9087963647480253, 1.9091331506077247, 1.9075063285948355, 1.9069620868827724, 1.9064975086646745, 1.9053453176836423, 1.9048343202735805, 1.9073695457434352, 1.903983149347426, 1.9046844862684418, 1.9019926605345328, 1.899314193785945, 1.8982679361029515, 1.8991367032256308, 1.8981880809687361, 1.9009027722515637, 1.900326513036897, 1.8998885697956327, 1.8981761313691925, 1.901040935818153, 1.8964695040183732, 1.894818352747567, 1.8961888385724417, 1.8938257513166983, 1.8964342557931249, 1.895403265953064, 1.8940452865407438, 1.8951138771032985, 1.8956741336025769, 1.8961509088926678, 1.8934115684485133, 1.8939870761919626, 1.894935026953492, 1.895518331588069, 1.894582623167883, 1.8933710342721095, 1.8935459444794474, 1.892936963069288, 1.8953626578367209, 1.8930689307707775, 1.8922716937487638, 1.8930377643319625, 1.8939318732370305, 1.8924803643286983, 1.8917506314531158, 1.893657255776321, 1.8941504653496077, 1.8927134622501423]}, "valid": {"acc": [0.5703125, 0.615625, 0.6140625, 0.684375, 0.6640625, 0.7046875, 0.7046875, 0.7359375, 0.7171875, 0.74375, 0.71875, 0.7484375, 0.7453125, 0.7640625, 0.75625, 0.753125, 0.7125, 0.796875, 0.775, 0.7859375, 0.7515625, 0.7421875, 0.7640625, 0.7765625, 0.75625, 0.7796875, 0.7390625, 0.771875, 0.7609375, 0.7734375, 0.7671875, 0.809375, 0.753125, 0.7859375, 0.7765625, 0.7546875, 0.790625, 0.790625, 0.7953125, 0.7921875, 0.778125, 0.78125, 0.7828125, 0.775, 0.775, 0.7921875, 0.775, 0.7609375, 0.7921875, 0.7734375, 0.784375, 0.7828125, 0.809375, 0.8, 0.8078125, 0.809375, 0.796875, 0.8015625, 0.803125, 0.803125, 0.7984375, 0.790625, 0.7921875, 0.8046875, 0.80625, 0.79375, 0.78125, 0.7859375, 0.796875, 0.790625, 0.803125, 0.815625, 0.790625, 0.8015625, 0.8078125, 0.79375, 0.796875, 0.8046875, 0.8078125, 0.7875, 0.8015625, 0.796875, 0.790625, 0.80625, 0.7921875, 0.79375, 0.80625, 0.80625, 0.784375, 0.790625, 0.8, 0.796875, 0.80625, 0.79375, 0.7921875, 0.7953125, 0.790625, 0.803125, 0.8078125, 0.79375, 0.803125, 0.796875, 0.803125, 0.790625, 0.8015625, 0.7890625, 0.7953125, 0.7984375, 0.796875, 0.7953125, 0.79375, 0.803125, 0.803125, 0.809375, 0.8015625, 0.8, 0.796875, 0.7921875, 0.803125, 0.790625, 0.7921875, 0.79375, 0.7984375, 0.8015625, 0.796875, 0.79375, 0.7953125, 0.7859375, 0.7953125, 0.7921875, 0.8, 0.7921875, 0.7984375, 0.796875, 0.7921875, 0.7890625, 0.7984375, 0.7984375, 0.8, 0.7984375, 0.8, 0.8, 0.7984375, 0.79375, 0.7953125, 0.79375, 0.796875, 0.79375, 0.7953125, 0.79375],