{"train": {"acc": [0.5333984375, 0.620703125, 0.6470703125, 0.6849609375, 0.70234375, 0.7259765625, 0.7345703125, 0.7369140625, 0.741796875, 0.746484375, 0.7546875, 0.7669921875, 0.764453125, 0.7748046875, 0.7603515625, 0.7873046875, 0.7935546875, 0.7888671875, 0.7966796875, 0.7953125, 0.79765625, 0.8015625, 0.7888671875, 0.7982421875, 0.79765625, 0.7830078125, 0.8009765625, 0.809765625, 0.8109375, 0.8037109375, 0.8107421875, 0.821484375, 0.8244140625, 0.814453125, 0.8234375, 0.83203125, 0.8212890625, 0.838671875, 0.8310546875, 0.8224609375, 0.83203125, 0.831640625, 0.8330078125, 0.8314453125, 0.8369140625, 0.8466796875, 0.8515625, 0.85703125, 0.858984375, 0.8587890625, 0.859765625, 0.868359375, 0.8697265625, 0.8783203125, 0.8748046875, 0.8744140625, 0.8744140625, 0.8705078125, 0.8841796875, 0.88515625, 0.8794921875, 0.8798828125, 0.889453125, 0.8888671875, 0.897265625, 0.894140625, 0.9017578125, 0.904296875, 0.905859375, 0.9052734375, 0.901953125, 0.898828125, 0.9099609375, 0.9099609375, 0.9107421875, 0.9158203125, 0.9095703125, 0.9169921875, 0.919140625, 0.91796875, 0.9177734375, 0.921484375, 0.9236328125, 0.9271484375, 0.921484375, 0.9234375, 0.9255859375, 0.92578125, 0.928515625, 0.930859375, 0.9296875, 0.930078125, 0.931640625, 0.9310546875, 0.9294921875, 0.9310546875, 0.93359375, 0.9328125, 0.9328125, 0.9345703125, 0.9345703125, 0.9345703125, 0.936328125, 0.935546875, 0.9365234375, 0.936328125, 0.937109375, 0.93671875, 0.936328125, 0.9380859375, 0.93828125, 0.9380859375, 0.93828125, 0.936328125, 0.93984375, 0.93828125, 0.938671875, 0.9392578125, 0.9396484375, 0.9400390625, 0.938671875, 0.93984375, 0.9388671875, 0.940234375, 0.9412109375, 0.9412109375, 0.9404296875, 0.940625, 0.9423828125, 0.941015625, 0.9419921875, 0.9427734375, 0.9423828125, 0.9423828125, 0.9412109375, 0.941796875, 0.94296875, 0.942578125, 0.9435546875, 0.9431640625, 0.9427734375, 0.9423828125, 0.9423828125, 0.94296875, 0.94296875, 0.9427734375, 0.9431640625, 0.9419921875, 0.94375, 0.9427734375], "loss": [2.586715251584596, 2.4271240174015865, 2.384389149991772, 2.31858586963219, 2.290159765678116, 2.254176182082937, 2.237250086627429, 2.234187347979485, 2.2264195574989802, 2.2180858367606056, 2.2047150497195087, 2.182451574108269, 2.1872316221647625, 2.1706300159043903, 2.195076598396784, 2.14992519873607, 2.139714198776438, 2.1486578953417044, 2.1355041672911823, 2.1363245505320876, 2.1339077934434143, 2.127940227713766, 2.1492173279388043, 2.133421333530281, 2.13448769985875, 2.1590522874759723, 2.130639257310312, 2.1143999763681918, 2.1113920000535025, 2.123388690284536, 2.112600370298458, 2.0957611406905743, 2.089477507373955, 2.1069441656523114, 2.0907547398458552, 2.0798806555663485, 2.095082024984722, 2.067587769484218, 2.0789991602112976, 2.0934109114393404, 2.0781743903703327, 2.0763645323016977, 2.075756598122512, 2.0770811989337585, 2.0696969756597206, 2.0529449318028705, 2.0441635892361023, 2.036737327334247, 2.0359229769887803, 2.03290727923188, 2.0321798777278466, 2.016485342496558, 2.0159648596485957, 2.0006942643394954, 2.0050992995877808, 2.006850207908244, 2.006665098516247, 2.01377092584779, 1.991503323180766, 1.989931435524663, 1.9992154293422457, 1.9981329863584494, 1.9825953380971015, 1.983373116843308, 1.97083041335963, 1.9761794549000413, 1.9625921445556833, 1.9591942150381547, 1.9555517691600173, 1.9571483044684688, 1.9621572615225105, 1.9665166381039196, 1.9497011658511585, 1.9490437733976147, 1.9493948779528654, 1.9413525650772867, 1.949540756925752, 1.9376823826681209, 1.9342472115649452, 1.934733535670027, 1.9364089332049406, 1.930702372442318, 1.9263139299199552, 1.9204759658137454, 1.9303708106656619, 1.9271652185464208, 1.924360319028927, 1.922640068621575, 1.9188726129411142, 1.9153421845617173, 1.9166652024546755, 1.9155455405199076, 1.9142257352418537, 1.915731049791167, 1.9172450062594837, 1.9145873407774334, 1.909745074525664, 1.9124059299879437, 1.9109212959868997, 1.908059467243243, 1.9083425998687744, 1.9091076398197608, 1.9056255455258526, 1.906975130491619, 1.9063029364694524, 1.906032755405088, 1.905658353733111, 1.9055028912387317, 1.9064175946803033, 1.9032012344915656, 1.9022771618034267, 1.9027913235410858, 1.9021161221250702, 1.9045098989824705, 1.8998414157312127, 1.902183404451684, 1.9019214850437791, 1.9010794570174399, 1.8998654069779795, 1.8997103126743171, 1.9010871860045422, 1.8996988655645637, 1.9012560361548314, 1.8984714308871498, 1.897820290130905, 1.8977356620981722, 1.8988006311126902, 1.8982241198986392, 1.896166369884829, 1.898061527481562, 1.8961595070512989, 1.8952727061283738, 1.8958307534833498, 1.896065488646302, 1.8971760167351253, 1.89660742313047, 1.8948677340640296, 1.8951302646081658, 1.8942987949033327, 1.8947426080703735, 1.8945630336109596, 1.895207430742964, 1.8951046165031722, 1.894536424286758, 1.8946758614310735, 1.895173032072526, 1.8942979151689554, 1.895587054989006, 1.8937558946730215, 1.8947933278506315]}, "valid": {"acc": [0.5453125, 0.5671875, 0.65625, 0.696875, 0.6796875, 0.7, 0.5421875, 0.7046875, 0.7296875, 0.715625, 0.7109375, 0.7671875, 0.740625, 0.7828125, 0.7140625, 0.771875, 0.78125, 0.7859375, 0.76875, 0.75625, 0.7203125, 0.7640625, 0.7578125, 0.778125, 0.7703125, 0.76875, 0.796875, 0.7609375, 0.7671875, 0.784375, 0.7671875, 0.775, 0.771875, 0.7921875, 0.7765625, 0.7828125, 0.790625, 0.778125, 0.7578125, 0.7734375, 0.771875, 0.7828125, 0.775, 0.8015625, 0.796875, 0.8, 0.80625, 0.7984375, 0.796875, 0.803125, 0.7953125, 0.803125, 0.7984375, 0.80625, 0.7796875, 0.7875, 0.79375, 0.78125, 0.7859375, 0.790625, 0.7890625, 0.79375, 0.796875, 0.7953125, 0.8, 0.7984375, 0.8046875, 0.7828125, 0.7984375, 0.803125, 0.7703125, 0.7875, 0.7953125, 0.778125, 0.809375, 0.7796875, 0.796875, 0.7984375, 0.80625, 0.8, 0.8078125, 0.7859375, 0.7921875, 0.79375, 0.7953125, 0.7984375, 0.8015625, 0.796875, 0.796875, 0.8, 0.790625, 0.7921875, 0.7890625, 0.79375, 0.7796875, 0.784375, 0.7921875, 0.8015625, 0.790625, 0.7890625, 0.7984375, 0.7890625, 0.8046875, 0.8, 0.796875, 0.8078125, 0.803125, 0.7953125, 0.8046875, 0.8015625, 0.80625, 0.7984375, 0.8, 0.79375, 0.80625, 0.803125, 0.80625, 0.8046875, 0.8015625, 0.8046875, 0.803125, 0.8015625, 0.8, 0.8046875, 0.809375, 0.8015625, 0.803125, 0.803125, 0.80625, 0.803125, 0.8046875, 0.803125, 0.8046875, 0.8046875, 0.7984375, 0.8015625, 0.803125, 0.796875, 0.803125, 0.803125, 0.8046875, 0.8, 0.8046875, 0.803125, 0.80625, 0.803125, 0.8, 0.803125, 0.803125, 0.8],