{"train": {"acc": [0.5515625, 0.6427734375, 0.6853515625, 0.725, 0.724609375, 0.7291015625, 0.7373046875, 0.726171875, 0.74296875, 0.755078125, 0.748828125, 0.77109375, 0.7744140625, 0.7783203125, 0.7732421875, 0.7763671875, 0.7802734375, 0.785546875, 0.7931640625, 0.7833984375, 0.7921875, 0.7970703125, 0.7759765625, 0.783984375, 0.80625, 0.8025390625, 0.800390625, 0.80546875, 0.8107421875, 0.8185546875, 0.8076171875, 0.8255859375, 0.8265625, 0.8173828125, 0.8291015625, 0.83046875, 0.832421875, 0.8306640625, 0.84375, 0.8296875, 0.831640625, 0.83359375, 0.8302734375, 0.8484375, 0.8423828125, 0.8525390625, 0.856640625, 0.853125, 0.8537109375, 0.8578125, 0.862109375, 0.8607421875, 0.8736328125, 0.866796875, 0.8751953125, 0.878125, 0.88828125, 0.88515625, 0.889453125, 0.884375, 0.8845703125, 0.8900390625, 0.887109375, 0.894140625, 0.899609375, 0.8986328125, 0.903125, 0.9041015625, 0.9064453125, 0.9107421875, 0.901953125, 0.9119140625, 0.9103515625, 0.91484375, 0.917578125, 0.916015625, 0.92109375, 0.9205078125, 0.9201171875, 0.92421875, 0.9271484375, 0.926171875, 0.927734375, 0.92421875, 0.930078125, 0.9287109375, 0.933203125, 0.933984375, 0.9294921875, 0.9330078125, 0.934375, 0.9341796875, 0.9369140625, 0.9388671875, 0.9373046875, 0.9392578125, 0.9384765625, 0.93828125, 0.942578125, 0.943359375, 0.9431640625, 0.9431640625, 0.9421875, 0.9431640625, 0.9431640625, 0.944140625, 0.94375, 0.9455078125, 0.945703125, 0.9447265625, 0.9458984375, 0.9435546875, 0.9462890625, 0.9453125, 0.947265625, 0.945703125, 0.9486328125, 0.9484375, 0.9486328125, 0.94765625, 0.946875, 0.9490234375, 0.946875, 0.9486328125, 0.948828125, 0.9482421875, 0.9494140625, 0.950390625, 0.9501953125, 0.9494140625, 0.9513671875, 0.9505859375, 0.9509765625, 0.9501953125, 0.9515625, 0.9513671875, 0.9513671875, 0.95078125, 0.9517578125, 0.951953125, 0.9513671875, 0.9515625, 0.9517578125, 0.9525390625, 0.9509765625, 0.9517578125, 0.9525390625, 0.952734375, 0.951953125, 0.9515625], "loss": [2.5575806430623502, 2.3883634337896034, 2.318115023118031, 2.2525779657726046, 2.2537089027935946, 2.2458872915823247, 2.2337975562373296, 2.2499247185791593, 2.2236979400055317, 2.2028117828731295, 2.2135731479789635, 2.1785057964204233, 2.1725515851491615, 2.1648488286175307, 2.172930758210677, 2.1678724107863028, 2.163909331152711, 2.154160689704026, 2.141318635095524, 2.157513500768927, 2.141735748399662, 2.1343381133260606, 2.1696343105050584, 2.1566900814635845, 2.121422882321515, 2.1265846143794964, 2.1297700903083703, 2.12213477454608, 2.114879003053979, 2.1016810634468177, 2.117364207400551, 2.0895425035983703, 2.0875116481056697, 2.099543603160713, 2.082592751406416, 2.0808766974678523, 2.077325890335856, 2.0801645622977727, 2.059442852116838, 2.0810659822029405, 2.0786328481722482, 2.0772152022470403, 2.0787982110735737, 2.0484094755559026, 2.058974676494357, 2.0424512036239046, 2.0368256282202806, 2.0427029842062843, 2.0409719808192195, 2.034235599674756, 2.028388780883596, 2.029946493197091, 2.010137997096098, 2.0201230139672, 2.004763468911376, 2.001252743262279, 1.984698343880569, 1.9899057315874704, 1.9840104625194888, 1.991296095184133, 1.992424501648432, 1.9814329222787785, 1.9874990408933615, 1.9740893418275858, 1.9673965143252024, 1.969687849660463, 1.9610344639307336, 1.9587075755565981, 1.9560791752006434, 1.9481522071210644, 1.9627602160731448, 1.945934902263593, 1.9484757592406454, 1.9412916340405428, 1.9374072581906863, 1.9387077560907677, 1.9331817732581609, 1.9321635191953634, 1.9326832173745843, 1.926067287408853, 1.9215766749804533, 1.922805238373672, 1.9210547103157527, 1.9251744581174246, 1.9166018781782705, 1.9182230339774602, 1.9114253490786008, 1.9104829528663732, 1.917013471639609, 1.9102832290190686, 1.9094681468191026, 1.9098859814148914, 1.9043557176107093, 1.9011911576307272, 1.9039740290822862, 1.900286914427069, 1.902098782454865, 1.9025961024851739, 1.8971719213678866, 1.894351627253279, 1.8943041381956656, 1.8945709723460524, 1.896887109249453, 1.8945918490615072, 1.8949989759469335, 1.8932075953181786, 1.893788287911234, 1.8906457092188582, 1.8910618537588963, 1.8921234577516965, 1.8899848551689824, 1.8929322656196883, 1.889466777632508, 1.890606030633178, 1.8879650695414483, 1.8900505606132219, 1.8858439243292506, 1.8854318163062953, 1.885372948042954, 1.8869357425955278, 1.887986512123784, 1.8853829676591898, 1.8874797051465964, 1.8857217378254179, 1.884541487391991, 1.885571202145347, 1.8846955103210257, 1.8829984212223487, 1.8829302078560939, 1.8833962165856664, 1.8813279052323932, 1.8822512747366218, 1.8812774766849567, 1.8824377331552626, 1.8806900540484657, 1.8805971266348152, 1.8805068731307983, 1.8816829240774806, 1.8802786507183993, 1.879815905908995, 1.8810908432248272, 1.8799178585221497, 1.8806143395508392, 1.8789500571504425, 1.881105895283856, 1.8802822949011115, 1.8793812401687042, 1.8787800149072575, 1.8800174812727337, 1.880643683143809]}, "valid": {"acc": [0.5015625, 0.6421875, 0.7203125, 0.7078125, 0.709375, 0.721875, 0.7296875, 0.6453125, 0.728125, 0.709375, 0.7390625, 0.7609375, 0.74375, 0.7484375, 0.75, 0.759375, 0.75625, 0.771875, 0.7328125, 0.7671875, 0.7609375, 0.7515625, 0.759375, 0.76875, 0.7796875, 0.784375, 0.7609375, 0.765625, 0.7765625, 0.7921875, 0.7640625, 0.7890625, 0.7828125, 0.7828125, 0.7953125, 0.815625, 0.8078125, 0.790625, 0.784375, 0.7578125, 0.8109375, 0.7875, 0.7890625, 0.7875, 0.784375, 0.79375, 0.7984375, 0.8046875, 0.8015625, 0.81875, 0.809375, 0.81875, 0.7953125, 0.80625, 0.796875, 0.8, 0.825, 0.8171875, 0.8234375, 0.8171875, 0.803125, 0.8015625, 0.8171875, 0.8, 0.8046875, 0.7921875, 0.8125, 0.8109375, 0.803125, 0.8109375, 0.8171875, 0.7953125, 0.7890625, 0.8140625, 0.815625, 0.809375, 0.828125, 0.815625, 0.8140625, 0.8125, 0.8078125, 0.8078125, 0.8171875, 0.796875, 0.809375, 0.8046875, 0.8, 0.8, 0.80625, 0.8, 0.81875, 0.809375, 0.8015625, 0.8203125, 0.8140625, 0.809375, 0.8046875, 0.821875, 0.8140625, 0.80625, 0.8109375, 0.8046875, 0.7984375, 0.8046875, 0.81875, 0.809375, 0.815625, 0.8140625, 0.8125, 0.8109375, 0.8140625, 0.8140625, 0.815625, 0.809375, 0.8109375, 0.80625, 0.8140625, 0.815625, 0.8140625, 0.8046875, 0.8125, 0.8109375, 0.8078125, 0.8015625, 0.8, 0.80625, 0.7984375, 0.8046875, 0.8109375, 0.8078125, 0.8109375, 0.8078125, 0.8078125, 0.80625, 0.8078125, 0.809375, 0.809375, 0.809375, 0.80625, 0.80625, 0.8046875, 0.80625, 0.8046875, 0.80625, 0.809375, 0.80625, 0.80625, 0.803125, 0.8015625, 0.803125],