{"train": {"acc": [0.534765625, 0.64609375, 0.67421875, 0.712109375, 0.72109375, 0.7267578125, 0.7451171875, 0.733984375, 0.73828125, 0.75859375, 0.7607421875, 0.7732421875, 0.773828125, 0.7693359375, 0.7646484375, 0.7697265625, 0.771875, 0.7923828125, 0.7884765625, 0.7890625, 0.7837890625, 0.79921875, 0.79296875, 0.780859375, 0.79609375, 0.795703125, 0.804296875, 0.8048828125, 0.8048828125, 0.805859375, 0.81484375, 0.8142578125, 0.8140625, 0.8228515625, 0.816015625, 0.8287109375, 0.8337890625, 0.8283203125, 0.83203125, 0.831640625, 0.830859375, 0.838671875, 0.8474609375, 0.83515625, 0.8361328125, 0.8466796875, 0.8478515625, 0.8513671875, 0.843359375, 0.852734375, 0.8560546875, 0.8529296875, 0.8603515625, 0.86171875, 0.873046875, 0.87109375, 0.8724609375, 0.8646484375, 0.8677734375, 0.8759765625, 0.87265625, 0.8828125, 0.88359375, 0.8861328125, 0.89375, 0.8966796875, 0.89453125, 0.8970703125, 0.9013671875, 0.9013671875, 0.9017578125, 0.905859375, 0.90703125, 0.9076171875, 0.9060546875, 0.90703125, 0.913671875, 0.9146484375, 0.91484375, 0.9193359375, 0.9197265625, 0.92109375, 0.919921875, 0.923046875, 0.9259765625, 0.9259765625, 0.9267578125, 0.925390625, 0.9298828125, 0.930078125, 0.9330078125, 0.9349609375, 0.9361328125, 0.937109375, 0.9361328125, 0.9396484375, 0.9365234375, 0.934765625, 0.9365234375, 0.93828125, 0.9392578125, 0.939453125, 0.94140625, 0.9419921875, 0.9416015625, 0.941015625, 0.94296875, 0.942578125, 0.9439453125, 0.9447265625, 0.9421875, 0.9455078125, 0.9455078125, 0.946484375, 0.94609375, 0.944921875, 0.9474609375, 0.9470703125, 0.9484375, 0.94765625, 0.9482421875, 0.947265625, 0.94765625, 0.9482421875, 0.9490234375, 0.94921875, 0.9484375, 0.948046875, 0.94765625, 0.9490234375, 0.94765625, 0.94921875, 0.9482421875, 0.94921875, 0.948828125, 0.94921875, 0.948046875, 0.9486328125, 0.95, 0.950390625, 0.95, 0.949609375, 0.94921875, 0.9501953125, 0.950390625, 0.95, 0.94921875, 0.949609375, 0.9501953125, 0.948828125], "loss": [2.579370773291286, 2.383023059820827, 2.336850923827932, 2.275188853469076, 2.259056178829338, 2.2534962696365164, 2.22192253040362, 2.2374141940587684, 2.2331851615181453, 2.198340826396701, 2.193941771229611, 2.1754197350031212, 2.171867251396179, 2.1796627572820158, 2.1862834178948702, 2.180323487595667, 2.177668735950808, 2.14233841624441, 2.1501694012291823, 2.149683077124101, 2.1568459800527067, 2.1316516716268996, 2.1417195540440233, 2.161482018760488, 2.13594846785823, 2.1360025617140757, 2.1234856210177457, 2.120797872543335, 2.1210461387151405, 2.120266772523711, 2.1082708171651334, 2.1061382731304894, 2.1061980890322336, 2.0927562321288677, 2.105143927320649, 2.0833896202377127, 2.0740536315531672, 2.081784667848032, 2.0773939860017996, 2.0777311174175406, 2.0787903357155715, 2.0660921169232718, 2.053047184702716, 2.0736728453937965, 2.0705612897872925, 2.0538857405698754, 2.0516454584990877, 2.0471105998075463, 2.0562670789187467, 2.0432689642604394, 2.0368322300005564, 2.043184129497673, 2.031448024737684, 2.027301098726973, 2.0096354876892475, 2.0126112986214553, 2.0109856385218947, 2.023596950724155, 2.019234879107415, 2.0053421983236, 2.01040535637095, 1.9940798765496364, 1.9911325264580642, 1.9888476540770712, 1.9759916293470166, 1.9705376112008397, 1.975113588043406, 1.9702730601346945, 1.9623951972285403, 1.962512363361407, 1.9622458762760404, 1.9545181838771966, 1.9548724482331095, 1.9527646710601034, 1.9542054918747913, 1.9534402014333991, 1.9434711872776853, 1.942195297796515, 1.9418754200392132, 1.934920937200136, 1.9340113446682314, 1.9305869416345525, 1.9329133999498584, 1.9279818202875838, 1.9222177614139606, 1.9229872468151623, 1.9211663505699061, 1.923371283313896, 1.9165616322167311, 1.9161023565485507, 1.911562577078614, 1.9083124972596954, 1.905851601045343, 1.9052560616143142, 1.906814451459088, 1.9016753782199909, 1.9059935672373711, 1.9087384063986284, 1.9057792560963691, 1.9032171089437944, 1.9012805917595006, 1.9007847022406663, 1.8974607398238363, 1.8963426668432695, 1.8968266807024992, 1.8975957707513738, 1.8952498058729534, 1.894609134408492, 1.894418862801564, 1.8919922928266888, 1.8958232191544544, 1.8909876286229002, 1.89098990416225, 1.8896854467029813, 1.890235090557533, 1.8915363022043734, 1.887265538867516, 1.8881868938856488, 1.8860514314868781, 1.8866882339308533, 1.8873174326329292, 1.8875009591066385, 1.8872548205943047, 1.8869114208825026, 1.8851788436310202, 1.8848261033432394, 1.885586830634105, 1.8864120969289466, 1.8866741596897947, 1.8849693883823444, 1.8868512096284311, 1.8844774810573723, 1.8862930068486854, 1.8842822735822653, 1.88488524624064, 1.8840823505498185, 1.8861457879030252, 1.885072189041331, 1.8831359495090534, 1.8825220473204987, 1.8826379851449895, 1.8839243982411638, 1.8843441673471957, 1.8825542368466341, 1.8824007073535194, 1.8834328817415842, 1.8844603677339191, 1.883815564686739, 1.8829495091981525, 1.884392815300181]}, "valid": {"acc": [0.565625, 0.6078125, 0.6484375, 0.659375, 0.66875, 0.7078125, 0.7171875, 0.7234375, 0.7390625, 0.725, 0.7625, 0.7359375, 0.7375, 0.7421875, 0.74375, 0.74375, 0.775, 0.7703125, 0.75625, 0.75625, 0.7578125, 0.78125, 0.75625, 0.765625, 0.734375, 0.7921875, 0.7765625, 0.7703125, 0.7796875, 0.7640625, 0.775, 0.775, 0.7671875, 0.76875, 0.775, 0.784375, 0.8015625, 0.796875, 0.796875, 0.796875, 0.79375, 0.7921875, 0.7921875, 0.7515625, 0.76875, 0.7796875, 0.7796875, 0.76875, 0.7703125, 0.7859375, 0.7328125, 0.796875, 0.7921875, 0.7953125, 0.7984375, 0.78125, 0.778125, 0.7671875, 0.803125, 0.78125, 0.79375, 0.8046875, 0.7859375, 0.7890625, 0.8, 0.7921875, 0.7953125, 0.7921875, 0.803125, 0.7953125, 0.7921875, 0.79375, 0.8109375, 0.803125, 0.8078125, 0.815625, 0.7984375, 0.803125, 0.796875, 0.8015625, 0.7921875, 0.796875, 0.7953125, 0.8109375, 0.7984375, 0.80625, 0.7953125, 0.809375, 0.8203125, 0.8078125, 0.7921875, 0.8109375, 0.7921875, 0.809375, 0.8109375, 0.80625, 0.7984375, 0.79375, 0.7921875, 0.803125, 0.80625, 0.7953125, 0.8015625, 0.8015625, 0.8046875, 0.8, 0.809375, 0.796875, 0.809375, 0.8078125, 0.7953125, 0.7984375, 0.8015625, 0.7984375, 0.796875, 0.79375, 0.790625, 0.803125, 0.8015625, 0.8015625, 0.796875, 0.8, 0.79375, 0.803125, 0.7921875, 0.8015625, 0.8, 0.7984375, 0.796875, 0.8, 0.8, 0.7953125, 0.8, 0.7953125, 0.7921875, 0.796875, 0.8, 0.8, 0.7921875, 0.7953125, 0.7984375, 0.7921875, 0.7953125, 0.7984375, 0.796875, 0.796875, 0.7953125, 0.7984375, 0.796875, 0.8],