{"train": {"acc": [0.534765625, 0.6455078125, 0.6736328125, 0.703515625, 0.71484375, 0.7162109375, 0.742578125, 0.7380859375, 0.7498046875, 0.7505859375, 0.7572265625, 0.7599609375, 0.7779296875, 0.762890625, 0.7650390625, 0.7685546875, 0.7775390625, 0.776953125, 0.7759765625, 0.766015625, 0.7814453125, 0.80078125, 0.7984375, 0.78515625, 0.80078125, 0.7974609375, 0.809375, 0.8134765625, 0.809375, 0.8158203125, 0.818359375, 0.817578125, 0.8208984375, 0.8302734375, 0.8306640625, 0.8326171875, 0.83125, 0.82890625, 0.83515625, 0.841796875, 0.8447265625, 0.8515625, 0.8427734375, 0.8423828125, 0.8494140625, 0.8490234375, 0.853515625, 0.857421875, 0.853515625, 0.8595703125, 0.8501953125, 0.8541015625, 0.8671875, 0.8630859375, 0.873046875, 0.8728515625, 0.879296875, 0.877734375, 0.88359375, 0.8771484375, 0.883203125, 0.8892578125, 0.89296875, 0.8943359375, 0.8986328125, 0.895703125, 0.9, 0.901171875, 0.9068359375, 0.9037109375, 0.90546875, 0.9068359375, 0.9126953125, 0.9078125, 0.9052734375, 0.913671875, 0.9171875, 0.9220703125, 0.9212890625, 0.9259765625, 0.9271484375, 0.9302734375, 0.93046875, 0.93046875, 0.9302734375, 0.9330078125, 0.9357421875, 0.932421875, 0.93515625, 0.937109375, 0.9375, 0.9388671875, 0.9388671875, 0.9390625, 0.9404296875, 0.941796875, 0.939453125, 0.940234375, 0.940234375, 0.94375, 0.9431640625, 0.94453125, 0.9423828125, 0.944921875, 0.9453125, 0.9423828125, 0.94375, 0.945703125, 0.9453125, 0.944921875, 0.9458984375, 0.946484375, 0.947265625, 0.9466796875, 0.94765625, 0.9470703125, 0.9484375, 0.948828125, 0.948046875, 0.949609375, 0.9490234375, 0.94921875, 0.9494140625, 0.95078125, 0.9505859375, 0.9494140625, 0.950390625, 0.95078125, 0.9505859375, 0.951171875, 0.9515625, 0.9521484375, 0.9513671875, 0.9521484375, 0.9533203125, 0.95078125, 0.952734375, 0.952734375, 0.952734375, 0.9521484375, 0.95234375, 0.953125, 0.9525390625, 0.9529296875, 0.953125, 0.9521484375, 0.9533203125, 0.9521484375, 0.9521484375, 0.953125], "loss": [2.57817494114743, 2.3856680815732934, 2.337001504777353, 2.28488631188115, 2.271556552452377, 2.267114723785014, 2.2246706515927857, 2.2320663234855553, 2.213267084918445, 2.2114677368840083, 2.20307459257826, 2.194709032396727, 2.167457251609126, 2.1913563209243967, 2.1874573351461675, 2.1816971588738356, 2.1646506122395963, 2.1687694742709778, 2.1677037311505667, 2.185071647921695, 2.1599811043920396, 2.1310403301746033, 2.133161070980603, 2.1531032172939444, 2.1286849522892433, 2.134286560589754, 2.1148624088190777, 2.1075525419621526, 2.114331716223608, 2.1062782233274437, 2.1002313381508935, 2.0997953897790063, 2.0962014288841924, 2.0816542453403715, 2.0806857015513165, 2.0770237898524804, 2.0784338335447674, 2.0827991011776503, 2.0725484150874465, 2.061588457868069, 2.0562933291061016, 2.0450922145119197, 2.0580829683738417, 2.0601912012583092, 2.048012030275562, 2.0467430775678612, 2.042141850990585, 2.0361154984824266, 2.0411759418777273, 2.032504889029491, 2.046132336688947, 2.041794367983371, 2.019534598422956, 2.0254610384566876, 2.0112054016016705, 2.0110861681684664, 1.9985834390302248, 2.0031435670731943, 1.9919542134562624, 2.00389122661156, 1.9938632174383235, 1.9832541097568561, 1.9755095062376578, 1.9750159722340257, 1.967335676845116, 1.9722929438458214, 1.964794610120073, 1.9629704846611506, 1.9550048339216015, 1.9594580991358697, 1.9560732962209968, 1.9548866673360896, 1.9439555874353722, 1.9528259023835388, 1.9572067819064176, 1.9433460099787652, 1.9377233257776574, 1.929205847691886, 1.9302992458584942, 1.924165324319767, 1.9206221269655832, 1.9161385071428516, 1.9161592721939087, 1.9166001006017757, 1.9162959720514998, 1.9104798247542563, 1.9081667088255096, 1.9111007180395005, 1.9074101448059082, 1.9038835507404954, 1.904568780826617, 1.902498246748236, 1.901896496362324, 1.9011502190481258, 1.8985682695726804, 1.8967867018301277, 1.901036885720265, 1.899244893955279, 1.8990391945537133, 1.8930696520624282, 1.8942338092417657, 1.892560575581804, 1.8952206750459308, 1.8918737867210484, 1.8915485219110417, 1.894847061060652, 1.8931327922434746, 1.8902569013305857, 1.890123205848887, 1.8910909453524818, 1.889926072917407, 1.889258312273629, 1.8886317663554903, 1.8887373857860323, 1.8869588918323759, 1.8877217769622803, 1.8855753095844123, 1.8856421331816082, 1.8860301216946374, 1.8842305065710334, 1.8844355993633028, 1.8838289900671077, 1.8842211976835999, 1.882288318646105, 1.8824331941483896, 1.884114665321157, 1.8826149264468421, 1.8818792210349553, 1.8822454485712172, 1.8815636046325104, 1.8804258651371244, 1.8795715268654158, 1.8812433813191667, 1.8796551755712003, 1.8783381664300267, 1.881902524187595, 1.8787397629098048, 1.8787908207012127, 1.878507107119017, 1.8794951906687096, 1.8792526631415645, 1.8784225998045523, 1.8788491064989115, 1.8781322059752066, 1.878204116338416, 1.8793242083320134, 1.8781895969487443, 1.8791654834264442, 1.8796581799470926, 1.8780036651635472]}, "valid": {"acc": [0.5640625, 0.53125, 0.6984375, 0.6859375, 0.678125, 0.75, 0.6671875, 0.746875, 0.7109375, 0.7234375, 0.7515625, 0.75, 0.78125, 0.7125, 0.7453125, 0.75625, 0.75625, 0.7328125, 0.740625, 0.75, 0.75625, 0.7484375, 0.765625, 0.78125, 0.765625, 0.7890625, 0.778125, 0.7578125, 0.759375, 0.7765625, 0.7640625, 0.7875, 0.7875, 0.79375, 0.7875, 0.740625, 0.778125, 0.784375, 0.7734375, 0.784375, 0.775, 0.7796875, 0.775, 0.7859375, 0.7828125, 0.7859375, 0.8015625, 0.8, 0.771875, 0.7890625, 0.790625, 0.7859375, 0.7875, 0.79375, 0.7921875, 0.790625, 0.79375, 0.8, 0.796875, 0.7921875, 0.79375, 0.7921875, 0.78125, 0.784375, 0.809375, 0.7984375, 0.80625, 0.7890625, 0.784375, 0.7921875, 0.7875, 0.7875, 0.803125, 0.803125, 0.7796875, 0.8046875, 0.7921875, 0.8015625, 0.809375, 0.81875, 0.809375, 0.8078125, 0.7953125, 0.7984375, 0.803125, 0.809375, 0.80625, 0.8125, 0.815625, 0.8125, 0.809375, 0.79375, 0.81875, 0.8015625, 0.8109375, 0.803125, 0.8140625, 0.821875, 0.8109375, 0.8140625, 0.815625, 0.8125, 0.80625, 0.8109375, 0.8015625, 0.815625, 0.8125, 0.809375, 0.8078125, 0.8015625, 0.8125, 0.8125, 0.809375, 0.7953125, 0.79375, 0.8015625, 0.809375, 0.8046875, 0.8046875, 0.803125, 0.8, 0.809375, 0.8046875, 0.803125, 0.809375, 0.8, 0.8015625, 0.8015625, 0.8, 0.7953125, 0.7890625, 0.79375, 0.79375, 0.7953125, 0.7921875, 0.7921875, 0.7984375, 0.79375, 0.79375, 0.7984375, 0.7984375, 0.79375, 0.7953125, 0.7875, 0.79375, 0.7953125, 0.796875, 0.796875, 0.7953125, 0.790625],