{"train": {"acc": [0.5162109375, 0.626171875, 0.6486328125, 0.678125, 0.698046875, 0.726171875, 0.7466796875, 0.7458984375, 0.7322265625, 0.7478515625, 0.7681640625, 0.748046875, 0.7494140625, 0.7578125, 0.7712890625, 0.767578125, 0.7708984375, 0.772265625, 0.79140625, 0.7767578125, 0.78828125, 0.80390625, 0.7955078125, 0.7984375, 0.8076171875, 0.8048828125, 0.795703125, 0.805078125, 0.817578125, 0.825, 0.8248046875, 0.8125, 0.8169921875, 0.825, 0.8296875, 0.8357421875, 0.8392578125, 0.8341796875, 0.8423828125, 0.840234375, 0.84375, 0.855859375, 0.85546875, 0.8509765625, 0.848046875, 0.8560546875, 0.8642578125, 0.8671875, 0.87109375, 0.8759765625, 0.871484375, 0.8703125, 0.867578125, 0.8642578125, 0.8740234375, 0.876953125, 0.8837890625, 0.88671875, 0.8841796875, 0.881640625, 0.89296875, 0.88984375, 0.8908203125, 0.89453125, 0.899609375, 0.9033203125, 0.9033203125, 0.9083984375, 0.9083984375, 0.9099609375, 0.9080078125, 0.9123046875, 0.9095703125, 0.9126953125, 0.915234375, 0.91484375, 0.9181640625, 0.9150390625, 0.9162109375, 0.9201171875, 0.9173828125, 0.9205078125, 0.9203125, 0.9224609375, 0.92421875, 0.9224609375, 0.923828125, 0.9259765625, 0.929296875, 0.9306640625, 0.9328125, 0.9306640625, 0.93125, 0.93671875, 0.937109375, 0.93515625, 0.9375, 0.9388671875, 0.93671875, 0.9376953125, 0.9392578125, 0.9412109375, 0.9412109375, 0.940234375, 0.94296875, 0.942578125, 0.9447265625, 0.9435546875, 0.943359375, 0.94375, 0.9453125, 0.94609375, 0.945703125, 0.9470703125, 0.9478515625, 0.946484375, 0.948046875, 0.9474609375, 0.948046875, 0.9494140625, 0.9486328125, 0.9498046875, 0.95, 0.94921875, 0.950390625, 0.950390625, 0.9501953125, 0.9509765625, 0.9513671875, 0.951171875, 0.9513671875, 0.951171875, 0.95234375, 0.951953125, 0.951953125, 0.952734375, 0.950390625, 0.95234375, 0.9515625, 0.9521484375, 0.9515625, 0.9515625, 0.952734375, 0.95234375, 0.9517578125, 0.9513671875, 0.951171875, 0.9525390625, 0.9525390625, 0.9529296875], "loss": [2.608413382421566, 2.4137846910500826, 2.3792136439794227, 2.3287767760361295, 2.296830654144287, 2.2497034465210346, 2.2188933650149574, 2.2214362892923476, 2.2412970790380164, 2.2174289709405053, 2.1856480670880667, 2.2126520585410203, 2.212520056133029, 2.2005038276503357, 2.176875221578381, 2.1848454233966295, 2.178733007817329, 2.176036022886445, 2.1446806856348544, 2.1656722056714792, 2.1502184369896034, 2.1253358110596863, 2.1357474809960473, 2.133378019815759, 2.119511546967905, 2.1220737514616568, 2.1355634686313096, 2.121870107288602, 2.102346092839784, 2.0887096954297415, 2.0915990856629385, 2.1089139377014545, 2.1024370887611488, 2.0887968947615803, 2.0818541744087318, 2.0743520712550683, 2.0666363676892052, 2.0717083396790903, 2.0602312329449233, 2.063832844359965, 2.0579365220250962, 2.0387766225428523, 2.039497570146488, 2.0461222521866422, 2.0525482123411156, 2.0378122767315636, 2.022635342199591, 2.021426036388059, 2.0126776363276226, 2.005890767785567, 2.0138628090484234, 2.0150271216525306, 2.018456575236743, 2.0237046842333637, 2.009120545809782, 2.0032868234417105, 1.9910966580427145, 1.9878692642042908, 1.9920070699498624, 1.9963140034977394, 1.976479817040359, 1.9825619308254387, 1.9809662827962562, 1.9745066829874545, 1.9669031282014484, 1.9625420193128948, 1.9605587524703787, 1.952777538118483, 1.951460423348825, 1.949836916561368, 1.9524459476712384, 1.9463858393174183, 1.9507897730115094, 1.9443781224987176, 1.9404884456079217, 1.9409555785263641, 1.9366204391551922, 1.940906489951701, 1.9381308585782595, 1.9334156769740432, 1.9381858698929413, 1.9321154159835623, 1.9326158580900747, 1.9284271861933455, 1.9258628706388836, 1.927727287328696, 1.9254673070545438, 1.9231523230106016, 1.918165831626216, 1.9153924954088428, 1.9121100117888632, 1.9150419069241873, 1.913536293597161, 1.9070018258275865, 1.905128906044779, 1.9067283416096168, 1.9043170832380463, 1.901866995835606, 1.905221285699289, 1.9026626740829855, 1.901081949849672, 1.8976454372647442, 1.8978082635734654, 1.9005100229118443, 1.8955878728552709, 1.8957211744936207, 1.892109670216524, 1.8945019501674025, 1.894388829605489, 1.8935280012179025, 1.8917158857176575, 1.8893806949446472, 1.8906179757057866, 1.8879491317121289, 1.8875621511966367, 1.8887719625159154, 1.8867805954776233, 1.8872512790221203, 1.8865318735943566, 1.8841218586209454, 1.8855825270278543, 1.8837362995630578, 1.8836168246933176, 1.8847132679782337, 1.8825791666779337, 1.882212558879128, 1.8828965682017653, 1.881698809092558, 1.880963492997085, 1.88131258306624, 1.8810337465020674, 1.881232210352451, 1.8793105384971522, 1.8801343712625624, 1.8800550216360936, 1.878909032556075, 1.8818320714974706, 1.8794876472859443, 1.8804504856278625, 1.8796496828900109, 1.8804241433928284, 1.8811092995390106, 1.8786426465722579, 1.8793449990357025, 1.880660303031342, 1.88059042375299, 1.8806989313680915, 1.8793292935890487, 1.878703002688251, 1.8787345388267613]}, "valid": {"acc": [0.5328125, 0.625, 0.6671875, 0.6671875, 0.721875, 0.73125, 0.7578125, 0.734375, 0.69375, 0.7171875, 0.7484375, 0.7375, 0.7359375, 0.7359375, 0.746875, 0.75625, 0.73125, 0.765625, 0.7546875, 0.7609375, 0.7984375, 0.7796875, 0.7796875, 0.765625, 0.7765625, 0.7765625, 0.75625, 0.759375, 0.778125, 0.7859375, 0.784375, 0.7765625, 0.7796875, 0.790625, 0.7921875, 0.7875, 0.7734375, 0.7796875, 0.784375, 0.7765625, 0.7953125, 0.7984375, 0.775, 0.75, 0.790625, 0.79375, 0.7828125, 0.7953125, 0.803125, 0.7890625, 0.7921875, 0.79375, 0.7953125, 0.7921875, 0.7984375, 0.8171875, 0.8015625, 0.7921875, 0.8171875, 0.8, 0.8109375, 0.8171875, 0.80625, 0.7984375, 0.803125, 0.78125, 0.8015625, 0.8125, 0.8, 0.803125, 0.8125, 0.803125, 0.8125, 0.8078125, 0.809375, 0.790625, 0.80625, 0.8046875, 0.7953125, 0.8109375, 0.796875, 0.7875, 0.7953125, 0.7953125, 0.796875, 0.803125, 0.8140625, 0.8125, 0.8140625, 0.8125, 0.8171875, 0.8015625, 0.8140625, 0.8109375, 0.803125, 0.8078125, 0.8078125, 0.803125, 0.8046875, 0.7921875, 0.8015625, 0.8046875, 0.80625, 0.8, 0.8, 0.8140625, 0.809375, 0.8046875, 0.8078125, 0.803125, 0.8015625, 0.80625, 0.8125, 0.8203125, 0.8171875, 0.803125, 0.809375, 0.8109375, 0.80625, 0.8109375, 0.80625, 0.809375, 0.8078125, 0.80625, 0.803125, 0.8046875, 0.8015625, 0.803125, 0.803125, 0.8046875, 0.80625, 0.8046875, 0.803125, 0.8046875, 0.8015625, 0.803125, 0.8, 0.8046875, 0.803125, 0.803125, 0.803125, 0.8015625, 0.8, 0.803125, 0.8, 0.8, 0.8, 0.803125, 0.803125, 0.8015625],