{"train": {"acc": [0.5470703125, 0.645703125, 0.6828125, 0.7013671875, 0.7109375, 0.714453125, 0.7361328125, 0.7505859375, 0.75, 0.7568359375, 0.75703125, 0.7671875, 0.7712890625, 0.7693359375, 0.778515625, 0.7814453125, 0.7783203125, 0.796484375, 0.7904296875, 0.79375, 0.766015625, 0.7771484375, 0.7912109375, 0.7904296875, 0.7951171875, 0.8021484375, 0.79140625, 0.7978515625, 0.8103515625, 0.8095703125, 0.80078125, 0.819140625, 0.8197265625, 0.813671875, 0.810546875, 0.8171875, 0.8259765625, 0.8248046875, 0.8189453125, 0.82734375, 0.821875, 0.83046875, 0.825, 0.8296875, 0.832421875, 0.8365234375, 0.8341796875, 0.825390625, 0.834375, 0.8439453125, 0.8455078125, 0.8546875, 0.847265625, 0.8517578125, 0.8501953125, 0.8572265625, 0.8541015625, 0.8546875, 0.860546875, 0.864453125, 0.860546875, 0.866796875, 0.876171875, 0.8818359375, 0.8802734375, 0.886328125, 0.885546875, 0.8908203125, 0.895703125, 0.891015625, 0.8955078125, 0.8970703125, 0.896875, 0.90078125, 0.9091796875, 0.9052734375, 0.9064453125, 0.91328125, 0.912890625, 0.9203125, 0.9189453125, 0.917578125, 0.916015625, 0.9236328125, 0.9201171875, 0.9255859375, 0.9265625, 0.928515625, 0.93125, 0.932421875, 0.9333984375, 0.932421875, 0.9365234375, 0.9365234375, 0.9353515625, 0.934765625, 0.9365234375, 0.9359375, 0.93984375, 0.9369140625, 0.93828125, 0.9396484375, 0.9408203125, 0.9419921875, 0.943359375, 0.940625, 0.94375, 0.94453125, 0.9423828125, 0.9431640625, 0.9423828125, 0.9458984375, 0.943359375, 0.9447265625, 0.945703125, 0.944921875, 0.9458984375, 0.9466796875, 0.945703125, 0.94609375, 0.946484375, 0.948046875, 0.945703125, 0.9466796875, 0.9470703125, 0.9478515625, 0.947265625, 0.947265625, 0.9470703125, 0.9451171875, 0.948046875, 0.948046875, 0.9478515625, 0.947265625, 0.948046875, 0.9484375, 0.9470703125, 0.94765625, 0.9478515625, 0.948828125, 0.9482421875, 0.9484375, 0.948828125, 0.9486328125, 0.9482421875, 0.9484375, 0.9484375, 0.9482421875, 0.947265625, 0.948828125], "loss": [2.5632271676123897, 2.3840400629405734, 2.3243537854544725, 2.2890441357334956, 2.2770540412468248, 2.27105418639847, 2.2337518387202975, 2.210575966895381, 2.2119166639786734, 2.204077189481711, 2.202800572672977, 2.1854355546492563, 2.176715316651743, 2.1815877277639846, 2.1657204235656353, 2.15926553327826, 2.1626841312722314, 2.1355262858958186, 2.144031999986383, 2.1405953214138367, 2.187602136708513, 2.16766064076484, 2.144079983988895, 2.144631610640997, 2.1393491874767254, 2.126166941244391, 2.1426450934591172, 2.1331415930880775, 2.1112604986263226, 2.1148094889483873, 2.1294071297102337, 2.0984856026082097, 2.0990653264371653, 2.1073129041285457, 2.111328349837774, 2.1029027142102206, 2.086812784400167, 2.089955838420723, 2.101141505603549, 2.085182120528402, 2.0930460525464407, 2.0805500051643273, 2.0875690088996404, 2.0828717222696618, 2.0777795224250117, 2.069757823702655, 2.0746151706840417, 2.087975575954099, 2.0750279894357995, 2.056998077827164, 2.0569686633122117, 2.0420244901995117, 2.051454441456855, 2.0461569451078585, 2.0449982036518146, 2.036314836031274, 2.04194730897493, 2.039734813231456, 2.032386622851408, 2.0235598238208627, 2.0306491957435124, 2.021953760823117, 2.004871255234827, 1.9952796244923072, 1.9984013445769684, 1.9876849983311906, 1.989017773278152, 1.9806373436239701, 1.972652377961557, 1.980741007418572, 1.971589077877093, 1.9702867661850363, 1.9711498821837992, 1.9636432928375052, 1.951012389569343, 1.9568505302260193, 1.9547679590273508, 1.943630636492862, 1.9435450004625925, 1.9321338285373737, 1.9341159545922582, 1.9360305976264085, 1.9388436652437042, 1.9257535602473006, 1.9323383373550223, 1.9237121781216393, 1.921179465100735, 1.919661183900471, 1.9142990851704078, 1.9127593568608732, 1.911586565307424, 1.9112319735032093, 1.9054387868205203, 1.905471617662454, 1.9070524595960785, 1.9081531219844576, 1.9052486434767517, 1.907014151162739, 1.900525355640846, 1.9040948846672154, 1.903100000152105, 1.9005778137641618, 1.898860911779766, 1.8964129867432993, 1.894260408003119, 1.8989049482949172, 1.8937507354760472, 1.8921638576290276, 1.8956264529047133, 1.8942635587499113, 1.8958620180057575, 1.8905726837206491, 1.8935471984404553, 1.8926196822637245, 1.8906487166127073, 1.8914663520040391, 1.889815083032922, 1.8883503011510343, 1.8902804278120209, 1.8895221073416215, 1.8889286020134068, 1.8859746335427972, 1.8898972574668595, 1.8885410526130773, 1.8878576800793032, 1.886374013333381, 1.8875030822391752, 1.8876894772807253, 1.8882170251653165, 1.891019837765754, 1.8862435108498683, 1.8861529706399651, 1.8867789642720283, 1.8877701653709895, 1.8863752672943888, 1.885824229143843, 1.8880191875409476, 1.8866016215915922, 1.886783726607697, 1.8850262678122218, 1.8863672093500066, 1.8858431788939465, 1.8853938836085646, 1.8853311267080186, 1.8862573828878282, 1.885624915738649, 1.8856012489222274, 1.8867531034010876, 1.8871966962572895, 1.8852556098865558]}, "valid": {"acc": [0.534375, 0.590625, 0.6828125, 0.696875, 0.690625, 0.6671875, 0.7390625, 0.7421875, 0.7421875, 0.7640625, 0.75, 0.75, 0.7578125, 0.7375, 0.7625, 0.734375, 0.7765625, 0.7640625, 0.753125, 0.7671875, 0.753125, 0.76875, 0.7640625, 0.76875, 0.7703125, 0.7578125, 0.771875, 0.784375, 0.78125, 0.775, 0.7796875, 0.8046875, 0.784375, 0.78125, 0.7734375, 0.784375, 0.80625, 0.7640625, 0.7609375, 0.7890625, 0.7734375, 0.8015625, 0.790625, 0.809375, 0.803125, 0.7453125, 0.7765625, 0.7875, 0.8234375, 0.796875, 0.790625, 0.7859375, 0.7734375, 0.7671875, 0.784375, 0.8, 0.7921875, 0.80625, 0.7984375, 0.79375, 0.790625, 0.796875, 0.8015625, 0.796875, 0.796875, 0.8078125, 0.778125, 0.7890625, 0.7953125, 0.790625, 0.803125, 0.8015625, 0.7890625, 0.8078125, 0.8140625, 0.809375, 0.80625, 0.8140625, 0.8140625, 0.815625, 0.8203125, 0.7875, 0.8140625, 0.8015625, 0.803125, 0.8171875, 0.8109375, 0.809375, 0.8140625, 0.809375, 0.8078125, 0.8015625, 0.8171875, 0.8203125, 0.821875, 0.825, 0.815625, 0.8171875, 0.8265625, 0.8078125, 0.8125, 0.815625, 0.821875, 0.8109375, 0.8265625, 0.815625, 0.825, 0.821875, 0.8109375, 0.8046875, 0.8, 0.8125, 0.8171875, 0.8203125, 0.81875, 0.8125, 0.815625, 0.815625, 0.81875, 0.8125, 0.8125, 0.8125, 0.809375, 0.8109375, 0.815625, 0.8140625, 0.8125, 0.8125, 0.8125, 0.8125, 0.821875, 0.8203125, 0.8203125, 0.815625, 0.8109375, 0.8078125, 0.8140625, 0.8125, 0.8078125, 0.809375, 0.809375, 0.8125, 0.809375, 0.80625, 0.815625, 0.809375, 0.809375, 0.8078125, 0.8109375, 0.80625],