{"train": {"acc": [0.5421875, 0.63984375, 0.6634765625, 0.694921875, 0.7033203125, 0.7169921875, 0.738671875, 0.739453125, 0.747265625, 0.758984375, 0.7638671875, 0.7607421875, 0.76640625, 0.7552734375, 0.7806640625, 0.7822265625, 0.7740234375, 0.7908203125, 0.79453125, 0.7884765625, 0.7919921875, 0.7994140625, 0.80234375, 0.81171875, 0.805859375, 0.80859375, 0.805859375, 0.8130859375, 0.8123046875, 0.8083984375, 0.8005859375, 0.808984375, 0.811328125, 0.80625, 0.812109375, 0.810546875, 0.8220703125, 0.825390625, 0.8287109375, 0.8384765625, 0.841015625, 0.8451171875, 0.849609375, 0.8404296875, 0.8451171875, 0.8451171875, 0.846484375, 0.85, 0.8568359375, 0.86328125, 0.85703125, 0.8552734375, 0.86953125, 0.8662109375, 0.87421875, 0.8771484375, 0.8810546875, 0.88828125, 0.890625, 0.8869140625, 0.8904296875, 0.8970703125, 0.8953125, 0.8966796875, 0.8984375, 0.9021484375, 0.90546875, 0.90546875, 0.9080078125, 0.9126953125, 0.913671875, 0.90625, 0.9099609375, 0.9134765625, 0.9166015625, 0.911328125, 0.915234375, 0.916796875, 0.9177734375, 0.921875, 0.9203125, 0.9240234375, 0.9216796875, 0.9234375, 0.928515625, 0.9265625, 0.9279296875, 0.9310546875, 0.9333984375, 0.93515625, 0.936328125, 0.93671875, 0.9390625, 0.9380859375, 0.937890625, 0.93828125, 0.9421875, 0.9419921875, 0.9412109375, 0.94296875, 0.942578125, 0.9462890625, 0.9458984375, 0.945703125, 0.947265625, 0.948828125, 0.94765625, 0.94765625, 0.9513671875, 0.9517578125, 0.951953125, 0.9533203125, 0.952734375, 0.95234375, 0.95234375, 0.9517578125, 0.9533203125, 0.953125, 0.953125, 0.9541015625, 0.9552734375, 0.9552734375, 0.95390625, 0.9548828125, 0.955078125, 0.95625, 0.955078125, 0.9560546875, 0.9560546875, 0.95546875, 0.95625, 0.955859375, 0.956640625, 0.95625, 0.9564453125, 0.9564453125, 0.95625, 0.9552734375, 0.957421875, 0.957421875, 0.9560546875, 0.9564453125, 0.9556640625, 0.95703125, 0.95625, 0.95703125, 0.9560546875, 0.955078125, 0.95625, 0.956640625], "loss": [2.5669624654552603, 2.393346261374558, 2.354682125622713, 2.303669049770017, 2.2892246397235727, 2.2659270355973065, 2.2320052913472623, 2.2307382263714755, 2.2152143671542786, 2.197836356826975, 2.189721350428424, 2.1936133496368986, 2.187067330638065, 2.2025336253492136, 2.160141379018373, 2.1608071644094924, 2.1720988886265813, 2.1454537639135047, 2.139759161804296, 2.1478403655788565, 2.1397707899914513, 2.1313549355615544, 2.125896414623985, 2.1113854193989234, 2.120452594153489, 2.115656277801417, 2.1193064737923537, 2.1083382669883437, 2.111803762520416, 2.1148960439464712, 2.1294438476803936, 2.1152045998392226, 2.109992585604704, 2.1196141756033597, 2.109979250763036, 2.1123361813871164, 2.0958128458336938, 2.086903519268277, 2.0825092867959905, 2.065762515309491, 2.0620255108121075, 2.0547881850713416, 2.0475668937345093, 2.0630972128880174, 2.057309349880943, 2.053510849988913, 2.055204380916644, 2.0491769479799875, 2.037878658198103, 2.026512803910654, 2.035163155084924, 2.0385643500315993, 2.0138718704634075, 2.021801571302776, 2.0090160747117634, 2.00449734699877, 1.9961849918848351, 1.9859055295775208, 1.9811833176431777, 1.9888238740872732, 1.98090676114529, 1.9708175749718388, 1.9744644406475598, 1.9696486147144172, 1.9683457854427868, 1.9635482121117507, 1.9587442965447148, 1.957002437567409, 1.95235714882235, 1.943940979015978, 1.9444651498070247, 1.9551163021522233, 1.9503126989437054, 1.943207236784923, 1.9387588003013707, 1.9475210407112218, 1.939717792257478, 1.939105147047888, 1.936684874039662, 1.9298734302762188, 1.9323146479039253, 1.9259185775925842, 1.9294737501989436, 1.927741773520844, 1.9188341943523552, 1.9209173178370995, 1.9208215203466295, 1.9145595635039896, 1.9105913654158386, 1.9090736727171307, 1.9061187143567242, 1.9052771616585646, 1.9021246523796758, 1.9045124310481398, 1.9038161326058303, 1.902637874023824, 1.8963074321988262, 1.8979679738418966, 1.8978256696387181, 1.895309926588324, 1.8952254222918161, 1.8905570431600642, 1.8898790184455583, 1.8906558782239504, 1.8881153879286368, 1.8848996841454808, 1.886878715285772, 1.8865446697307537, 1.881307856946052, 1.880514084538327, 1.8804583790936047, 1.878443796423417, 1.8796264597132235, 1.879076989391182, 1.879907722714581, 1.8797022979470748, 1.877462196953689, 1.8775529152230372, 1.8780969094626512, 1.8763225425647785, 1.8752019858058495, 1.8746599653099156, 1.8771504103382932, 1.8746639354319512, 1.8745943473864206, 1.8734036412420152, 1.8748009265223635, 1.8734353328052955, 1.8729721383203435, 1.8744201162193395, 1.8731456874292107, 1.8736894417412673, 1.8730314487143407, 1.8730300046220612, 1.8722585892375512, 1.8725141996069798, 1.8730640034132366, 1.8744847186004059, 1.8712025563928145, 1.8708793377574486, 1.8728031915954397, 1.872792509537709, 1.874042714698405, 1.8712364993517911, 1.8723575088042248, 1.8717758655548096, 1.872691637353052, 1.8744301237637484, 1.872753775572475, 1.8720955788334714]}, "valid": {"acc": [0.5734375, 0.6265625, 0.684375, 0.621875, 0.675, 0.7359375, 0.6953125, 0.7078125, 0.765625, 0.7671875, 0.734375, 0.75625, 0.69375, 0.71875, 0.7515625, 0.6984375, 0.778125, 0.7875, 0.740625, 0.7609375, 0.775, 0.78125, 0.796875, 0.7984375, 0.778125, 0.8046875, 0.7921875, 0.7796875, 0.78125, 0.7828125, 0.76875, 0.7625, 0.78125, 0.7609375, 0.8046875, 0.7796875, 0.796875, 0.7734375, 0.76875, 0.79375, 0.803125, 0.7703125, 0.8, 0.7859375, 0.79375, 0.784375, 0.7796875, 0.790625, 0.8078125, 0.7875, 0.7859375, 0.796875, 0.7859375, 0.8, 0.8125, 0.79375, 0.796875, 0.8109375, 0.7921875, 0.7875, 0.815625, 0.8125, 0.80625, 0.7984375, 0.8, 0.815625, 0.8125, 0.8046875, 0.8125, 0.803125, 0.815625, 0.80625, 0.8015625, 0.8078125, 0.796875, 0.790625, 0.784375, 0.79375, 0.8015625, 0.79375, 0.8, 0.80625, 0.8015625, 0.8015625, 0.8015625, 0.8140625, 0.8125, 0.8046875, 0.809375, 0.803125, 0.8015625, 0.7953125, 0.8, 0.7890625, 0.7875, 0.7953125, 0.7953125, 0.7984375, 0.8015625, 0.7953125, 0.796875, 0.796875, 0.8, 0.7953125, 0.8, 0.7890625, 0.7859375, 0.7921875, 0.8, 0.7953125, 0.80625, 0.8046875, 0.803125, 0.7875, 0.7984375, 0.803125, 0.7921875, 0.7828125, 0.790625, 0.796875, 0.8015625, 0.8046875, 0.796875, 0.7984375, 0.7921875, 0.8, 0.803125, 0.8, 0.796875, 0.796875, 0.803125, 0.803125, 0.790625, 0.803125, 0.7984375, 0.7984375, 0.79375, 0.790625, 0.8, 0.8015625, 0.7984375, 0.796875, 0.80625, 0.7984375, 0.803125, 0.803125, 0.803125, 0.8015625, 0.8046875, 0.8046875],