{"train": {"acc": [0.5486328125, 0.62890625, 0.66328125, 0.67421875, 0.713671875, 0.7169921875, 0.726171875, 0.75078125, 0.760546875, 0.76640625, 0.775390625, 0.76953125, 0.7654296875, 0.776953125, 0.7869140625, 0.7845703125, 0.77265625, 0.74453125, 0.762890625, 0.78515625, 0.78125, 0.7861328125, 0.7970703125, 0.7947265625, 0.794921875, 0.791015625, 0.7986328125, 0.8091796875, 0.811328125, 0.8080078125, 0.80625, 0.802734375, 0.816015625, 0.8125, 0.8166015625, 0.808984375, 0.8154296875, 0.81640625, 0.81640625, 0.8240234375, 0.8234375, 0.8279296875, 0.8216796875, 0.84453125, 0.8376953125, 0.823828125, 0.841796875, 0.8478515625, 0.847265625, 0.8408203125, 0.851953125, 0.857421875, 0.855078125, 0.8625, 0.8642578125, 0.8599609375, 0.865234375, 0.8703125, 0.875, 0.8755859375, 0.871484375, 0.875, 0.8720703125, 0.8744140625, 0.8767578125, 0.88203125, 0.8880859375, 0.8880859375, 0.8912109375, 0.89453125, 0.8953125, 0.8962890625, 0.89765625, 0.901953125, 0.8998046875, 0.9017578125, 0.9064453125, 0.9107421875, 0.915234375, 0.9146484375, 0.91171875, 0.9115234375, 0.915234375, 0.92265625, 0.921875, 0.9275390625, 0.92578125, 0.9251953125, 0.9244140625, 0.92890625, 0.9271484375, 0.9255859375, 0.9298828125, 0.9306640625, 0.930078125, 0.93125, 0.9349609375, 0.9328125, 0.9357421875, 0.9359375, 0.934765625, 0.93671875, 0.9375, 0.93515625, 0.9388671875, 0.9408203125, 0.9404296875, 0.941015625, 0.9421875, 0.9412109375, 0.942578125, 0.9421875, 0.9427734375, 0.94140625, 0.9439453125, 0.94375, 0.944921875, 0.944140625, 0.9431640625, 0.944140625, 0.944921875, 0.944921875, 0.9453125, 0.943359375, 0.945703125, 0.9447265625, 0.948046875, 0.948046875, 0.948828125, 0.9474609375, 0.948046875, 0.948046875, 0.948828125, 0.948828125, 0.948046875, 0.9494140625, 0.94921875, 0.948828125, 0.9498046875, 0.9490234375, 0.9482421875, 0.950390625, 0.9498046875, 0.948828125, 0.9498046875, 0.9505859375, 0.950390625, 0.9490234375, 0.9490234375, 0.9498046875], "loss": [2.5628121653689613, 2.411903613730322, 2.3520728425134587, 2.3370086331910724, 2.2726551611212233, 2.2685083377210398, 2.2495064373257794, 2.210368461246732, 2.1959484951405583, 2.1871126980721196, 2.1727256141131437, 2.1796677097489563, 2.1862052965767775, 2.167327544357203, 2.1527373654932918, 2.1548848318148264, 2.1764582440822937, 2.221736799312543, 2.1925768369360816, 2.1561790327482586, 2.16037395332433, 2.151018409789363, 2.137364585188371, 2.139003236082536, 2.1379608142225046, 2.1452568196043185, 2.132629091226602, 2.1158000306238103, 2.1142399069629136, 2.115021906321562, 2.119027563288242, 2.123897689807264, 2.1040321362169485, 2.1087661528889137, 2.1013987592503995, 2.1176116526881352, 2.104059844077388, 2.1034888572330717, 2.104092456117461, 2.0915037046504925, 2.090940351727643, 2.086360765408866, 2.0939077123810974, 2.0579023225398005, 2.0687351498422744, 2.090525071832198, 2.0630154187166236, 2.0507172361204895, 2.053042591372623, 2.064110197598421, 2.0454882579513742, 2.0353300631800786, 2.040616551532021, 2.027477338344236, 2.0231523770320265, 2.0320260011697115, 2.021823157238055, 2.0155048762695698, 2.0084447468383404, 2.006480410129209, 2.0138424016252348, 2.0061853611016573, 2.0119146561320824, 2.0078170510786997, 2.0031149840053124, 1.995232183722001, 1.9867471562156194, 1.9857429175437251, 1.9800017921230462, 1.9747747816616976, 1.972475325004964, 1.9718612326851375, 1.9704319902613192, 1.9623536429827726, 1.9645070229904562, 1.962775010096876, 1.9557621313046805, 1.9484960384006742, 1.9410316732865345, 1.94128695771664, 1.9449387532246263, 1.9467906680288194, 1.939477784724175, 1.9288519952870622, 1.9300071182130258, 1.9209369571903083, 1.9223978202554244, 1.92562441735328, 1.9246580132955238, 1.9177965816063216, 1.92147744456424, 1.9227403191071522, 1.9175218328644958, 1.9160371747197984, 1.9161717197563075, 1.9134103799168067, 1.9073224957985213, 1.9118948450571374, 1.906866496122336, 1.9068039263351053, 1.9084822512880157, 1.9047828399682347, 1.9038972100125084, 1.9073801297175734, 1.901564758035201, 1.8986197498780262, 1.8997121687176861, 1.8974583722368072, 1.8967465177367004, 1.8969661042660098, 1.895580157448974, 1.8962905708747575, 1.8954151189779933, 1.896523421323752, 1.8936611745930925, 1.8939048564886745, 1.8918504579157769, 1.8923955657814122, 1.894189080105552, 1.8929894030848635, 1.8918184690837618, 1.8912113361720797, 1.8911748143691052, 1.8935029959376855, 1.8903970084612882, 1.8915605122530008, 1.8872714570805997, 1.8869334625292429, 1.8862278838700886, 1.8872335953048514, 1.88644946979571, 1.88680263108845, 1.884950737409954, 1.8851809456378599, 1.886819155910347, 1.8843080801299856, 1.8850803812847863, 1.8853209365772297, 1.884252183045013, 1.8848236769060545, 1.8861830883388278, 1.8829037826272506, 1.8840077979655205, 1.88542902469635, 1.8830013290236267, 1.8827751724025872, 1.8831059374386752, 1.8845375927188728, 1.8848838428907757, 1.883604239813889]}, "valid": {"acc": [0.5546875, 0.59375, 0.596875, 0.646875, 0.7296875, 0.7046875, 0.7234375, 0.73125, 0.734375, 0.74375, 0.7609375, 0.7546875, 0.7765625, 0.7328125, 0.765625, 0.7640625, 0.7578125, 0.6859375, 0.7578125, 0.759375, 0.7703125, 0.74375, 0.790625, 0.790625, 0.721875, 0.7640625, 0.7796875, 0.7734375, 0.790625, 0.7765625, 0.7609375, 0.7921875, 0.76875, 0.7609375, 0.771875, 0.76875, 0.7890625, 0.7828125, 0.78125, 0.8015625, 0.7703125, 0.803125, 0.7890625, 0.7875, 0.7953125, 0.7921875, 0.796875, 0.7890625, 0.7828125, 0.7609375, 0.7765625, 0.7859375, 0.8015625, 0.7859375, 0.8046875, 0.7859375, 0.81875, 0.790625, 0.796875, 0.790625, 0.7984375, 0.8046875, 0.7828125, 0.803125, 0.79375, 0.7984375, 0.803125, 0.8046875, 0.8140625, 0.80625, 0.8046875, 0.80625, 0.8140625, 0.7921875, 0.7921875, 0.7984375, 0.80625, 0.7984375, 0.7953125, 0.7953125, 0.803125, 0.815625, 0.7875, 0.7953125, 0.8125, 0.815625, 0.8109375, 0.803125, 0.8109375, 0.7953125, 0.796875, 0.8140625, 0.8015625, 0.803125, 0.8015625, 0.790625, 0.7953125, 0.80625, 0.8078125, 0.8125, 0.8015625, 0.8078125, 0.8046875, 0.8125, 0.8203125, 0.80625, 0.809375, 0.8, 0.8203125, 0.8046875, 0.8171875, 0.81875, 0.8171875, 0.8203125, 0.8125, 0.81875, 0.81875, 0.8171875, 0.8078125, 0.8171875, 0.8140625, 0.8109375, 0.8015625, 0.8078125, 0.8015625, 0.80625, 0.79375, 0.7984375, 0.80625, 0.7953125, 0.80625, 0.8046875, 0.8015625, 0.8, 0.8, 0.803125, 0.8, 0.8015625, 0.7984375, 0.803125, 0.7953125, 0.8046875, 0.8015625, 0.8015625, 0.8046875, 0.803125, 0.8, 0.8, 0.7984375, 0.8],