{"train": {"acc": [0.5353515625, 0.662890625, 0.6763671875, 0.725, 0.7103515625, 0.741015625, 0.7498046875, 0.7599609375, 0.7609375, 0.7697265625, 0.7638671875, 0.7818359375, 0.798046875, 0.801171875, 0.787109375, 0.779296875, 0.7828125, 0.78671875, 0.7943359375, 0.7857421875, 0.8, 0.802734375, 0.8095703125, 0.804296875, 0.812890625, 0.8259765625, 0.817578125, 0.815625, 0.827734375, 0.8267578125, 0.8333984375, 0.8166015625, 0.835546875, 0.833203125, 0.847265625, 0.8345703125, 0.84921875, 0.85390625, 0.85390625, 0.851953125, 0.846484375, 0.8560546875, 0.858203125, 0.8681640625, 0.8578125, 0.86640625, 0.8552734375, 0.86328125, 0.8744140625, 0.8740234375, 0.8705078125, 0.8826171875, 0.878125, 0.885546875, 0.8861328125, 0.8896484375, 0.8970703125, 0.8947265625, 0.8931640625, 0.89765625, 0.9025390625, 0.902734375, 0.9029296875, 0.9111328125, 0.90390625, 0.91328125, 0.913671875, 0.9158203125, 0.919140625, 0.913671875, 0.9154296875, 0.921875, 0.9220703125, 0.9265625, 0.92890625, 0.928125, 0.9291015625, 0.933203125, 0.9314453125, 0.9314453125, 0.9345703125, 0.93359375, 0.934375, 0.9341796875, 0.937109375, 0.9384765625, 0.9396484375, 0.940234375, 0.9396484375, 0.9419921875, 0.941015625, 0.9419921875, 0.9443359375, 0.94296875, 0.94375, 0.9451171875, 0.9447265625, 0.9451171875, 0.9474609375, 0.9462890625, 0.9478515625, 0.9455078125, 0.9482421875, 0.949609375, 0.94921875, 0.9490234375, 0.951171875, 0.9494140625, 0.9498046875, 0.95078125, 0.9505859375, 0.95078125, 0.95078125, 0.9515625, 0.9513671875, 0.9517578125, 0.9529296875, 0.9525390625, 0.9521484375, 0.9529296875, 0.9525390625, 0.953515625, 0.95390625, 0.953515625, 0.9544921875, 0.95546875, 0.955078125, 0.9548828125, 0.954296875, 0.9552734375, 0.9544921875, 0.9541015625, 0.9556640625, 0.95546875, 0.95546875, 0.9546875, 0.9556640625, 0.9552734375, 0.9544921875, 0.9556640625, 0.95546875, 0.9552734375, 0.9541015625, 0.955859375, 0.9552734375, 0.955078125, 0.9548828125, 0.955859375, 0.9548828125, 0.955078125], "loss": [2.5815014839172363, 2.354376711422884, 2.3282478640351116, 2.254736809790889, 2.274210573751715, 2.2258863901790185, 2.211816003050985, 2.1951729557182214, 2.1933772986448266, 2.180881863907923, 2.188538744479795, 2.157204736637164, 2.1329206696039513, 2.130562596683261, 2.1516378333296955, 2.1635425271867197, 2.1556611679777316, 2.1501526696772517, 2.138054453873936, 2.153494997869564, 2.129414481452749, 2.1268577198439007, 2.11607677725297, 2.1226146206071106, 2.108777434011049, 2.090602305871022, 2.1012046261678767, 2.105350832395916, 2.0841271922558167, 2.0842936204958566, 2.0766902392423607, 2.1008763569819777, 2.0702104100698158, 2.0749830792221844, 2.0518712197677997, 2.0731396192236793, 2.050418604778338, 2.0413108505780184, 2.040754567218732, 2.043952293033841, 2.05322558970391, 2.037846041631095, 2.034892127483706, 2.018042858642868, 2.0370704493945158, 2.0228065025957327, 2.0388972019847436, 2.0255496833897846, 2.0093740526633925, 2.0082188542885118, 2.0135976121395447, 1.995407858981362, 2.0028967736642573, 1.9897247869757158, 1.9895360847062702, 1.9841849788834778, 1.972059649757192, 1.973449876036825, 1.9762166738510132, 1.970741768426533, 1.9625209298314927, 1.9610664346550084, 1.9597870413261125, 1.9483139545102663, 1.9594546797909314, 1.9441787125189094, 1.9428391411334653, 1.9391560675222663, 1.933937513375584, 1.9429143425784534, 1.9393695758867868, 1.9298920737037175, 1.9303001859520055, 1.9220052323763883, 1.9171186081970795, 1.919615612754339, 1.9181441355355178, 1.9119158485267735, 1.9137778070908558, 1.9141559857356398, 1.9096199455140512, 1.9107798790629906, 1.9080130344704738, 1.9094023915785778, 1.9055296258081365, 1.9030038420158097, 1.9006099866915354, 1.8988162565834914, 1.8998450719857518, 1.8966132704215715, 1.8976950419100025, 1.8974875407882883, 1.892220399047755, 1.8952606569362591, 1.8934719758697702, 1.8908083061628704, 1.8922196415406238, 1.8907418839539154, 1.887310357033452, 1.8900259250327, 1.8865961771977098, 1.8900032963933824, 1.8856447784206536, 1.8842649399479734, 1.8856550636170786, 1.88501923295516, 1.8813934205453606, 1.8841699437250066, 1.883277013332029, 1.8824297355700144, 1.8819195379184772, 1.8819118074223966, 1.8815734265725823, 1.8803828924517088, 1.8800659496572953, 1.880093191243425, 1.878355622291565, 1.8789633678484567, 1.8793684259245667, 1.8780760734896116, 1.878906111173992, 1.876821735237218, 1.8766562712343433, 1.8774925591070442, 1.8758934313737894, 1.874217861815344, 1.8748261475864845, 1.8747024898287616, 1.8760645465005803, 1.8742982043495662, 1.875774012336248, 1.8760878224916095, 1.8737921971309035, 1.8738380715816836, 1.8740204889563066, 1.875048724910881, 1.8736506428899644, 1.8742625321014017, 1.8755311799954764, 1.8736852558353279, 1.874083810214755, 1.8739784699452073, 1.8760182797154294, 1.8736417519895336, 1.8744380956963649, 1.8744734359692923, 1.8751416779771637, 1.8733980897106701, 1.8744972265219386, 1.8746929953369913]}, "valid": {"acc": [0.5765625, 0.6625, 0.6984375, 0.7171875, 0.659375, 0.7265625, 0.7609375, 0.7328125, 0.7546875, 0.734375, 0.740625, 0.778125, 0.7765625, 0.74375, 0.7640625, 0.753125, 0.759375, 0.7671875, 0.7453125, 0.7578125, 0.79375, 0.7859375, 0.765625, 0.7734375, 0.7734375, 0.796875, 0.7421875, 0.778125, 0.796875, 0.771875, 0.7765625, 0.7921875, 0.7796875, 0.7765625, 0.775, 0.7828125, 0.790625, 0.7796875, 0.796875, 0.8, 0.80625, 0.8171875, 0.815625, 0.8046875, 0.8078125, 0.796875, 0.778125, 0.8046875, 0.79375, 0.771875, 0.7828125, 0.784375, 0.8, 0.7921875, 0.790625, 0.8, 0.8046875, 0.8, 0.7859375, 0.7875, 0.821875, 0.8125, 0.796875, 0.8, 0.8140625, 0.8125, 0.7984375, 0.8125, 0.8046875, 0.809375, 0.8140625, 0.8, 0.8140625, 0.8171875, 0.8078125, 0.8078125, 0.8203125, 0.8046875, 0.796875, 0.815625, 0.7953125, 0.7890625, 0.79375, 0.809375, 0.7921875, 0.809375, 0.8015625, 0.8078125, 0.803125, 0.8125, 0.8171875, 0.809375, 0.80625, 0.8046875, 0.8125, 0.8234375, 0.8203125, 0.821875, 0.8296875, 0.8234375, 0.81875, 0.815625, 0.81875, 0.8140625, 0.8234375, 0.821875, 0.821875, 0.821875, 0.809375, 0.8171875, 0.815625, 0.8140625, 0.821875, 0.8203125, 0.8203125, 0.8078125, 0.81875, 0.8125, 0.8078125, 0.8, 0.8125, 0.8171875, 0.8140625, 0.8125, 0.81875, 0.8140625, 0.8125, 0.815625, 0.8203125, 0.8203125, 0.8203125, 0.825, 0.8203125, 0.81875, 0.8203125, 0.81875, 0.821875, 0.8171875, 0.8234375, 0.8203125, 0.81875, 0.8171875, 0.8171875, 0.821875, 0.821875, 0.8234375, 0.8203125, 0.8203125, 0.8203125, 0.821875],