{"train": {"acc": [0.519140625, 0.616015625, 0.65546875, 0.7037109375, 0.740625, 0.7296875, 0.744140625, 0.74921875, 0.734375, 0.7396484375, 0.7689453125, 0.7703125, 0.773046875, 0.76953125, 0.7767578125, 0.78125, 0.788671875, 0.79296875, 0.791015625, 0.7845703125, 0.801171875, 0.791015625, 0.798828125, 0.808203125, 0.814453125, 0.8154296875, 0.8232421875, 0.805078125, 0.816015625, 0.8236328125, 0.82421875, 0.8361328125, 0.8134765625, 0.81953125, 0.8267578125, 0.833203125, 0.830859375, 0.8330078125, 0.833203125, 0.8447265625, 0.8380859375, 0.847265625, 0.8458984375, 0.8466796875, 0.85546875, 0.8494140625, 0.8595703125, 0.85546875, 0.8603515625, 0.8595703125, 0.8703125, 0.8681640625, 0.8685546875, 0.8767578125, 0.876953125, 0.88203125, 0.8791015625, 0.8833984375, 0.877734375, 0.884375, 0.8921875, 0.8900390625, 0.8888671875, 0.891796875, 0.8986328125, 0.900390625, 0.9044921875, 0.903515625, 0.898046875, 0.8990234375, 0.9076171875, 0.9109375, 0.9115234375, 0.9099609375, 0.9142578125, 0.9134765625, 0.9154296875, 0.9189453125, 0.92421875, 0.92578125, 0.924609375, 0.9263671875, 0.925390625, 0.9248046875, 0.9291015625, 0.9283203125, 0.9294921875, 0.9275390625, 0.930078125, 0.9302734375, 0.9326171875, 0.9322265625, 0.932421875, 0.934375, 0.934375, 0.937109375, 0.936328125, 0.9388671875, 0.9373046875, 0.9384765625, 0.9400390625, 0.93984375, 0.941015625, 0.941015625, 0.941796875, 0.942578125, 0.941796875, 0.9443359375, 0.943359375, 0.943359375, 0.943359375, 0.944921875, 0.944921875, 0.945703125, 0.946875, 0.944921875, 0.9462890625, 0.9453125, 0.94765625, 0.946875, 0.9484375, 0.9462890625, 0.9482421875, 0.9482421875, 0.9482421875, 0.94765625, 0.9486328125, 0.9490234375, 0.9490234375, 0.94921875, 0.9490234375, 0.9498046875, 0.949609375, 0.9484375, 0.948828125, 0.9484375, 0.9490234375, 0.9482421875, 0.94921875, 0.9498046875, 0.94921875, 0.95, 0.9501953125, 0.94921875, 0.94921875, 0.949609375, 0.949609375, 0.9494140625, 0.95, 0.9494140625], "loss": [2.6089040840728375, 2.4302553164808054, 2.3668479919433594, 2.2858344331572327, 2.2283462421803533, 2.2462179389181016, 2.2218671222276325, 2.2152167513400696, 2.2396994482112835, 2.2311867324611807, 2.181063365332688, 2.1804678394824646, 2.174469140511525, 2.179084750670421, 2.1678225164172016, 2.1609536167941514, 2.1505547445031663, 2.1426550844047645, 2.1427001711688463, 2.1542401932462862, 2.127794458896299, 2.1438226247135597, 2.1306334477436693, 2.11815195445773, 2.106775827045682, 2.1034929209117648, 2.092267904100539, 2.120656322829331, 2.102882448630997, 2.0911499065688894, 2.0891584640816796, 2.0714667703531964, 2.1063296176210233, 2.0994304297845576, 2.0855215501181688, 2.078078309191933, 2.0778081477442876, 2.07591975640647, 2.0734608701512784, 2.0580213039736206, 2.066499604454523, 2.0522814476037325, 2.0530062536650067, 2.0529294542119474, 2.038283477855634, 2.048051889938644, 2.0326514349708074, 2.0393122555334355, 2.030767040916636, 2.0301364841340463, 2.015627643730067, 2.0171348158317275, 2.0172616409350046, 2.003121848347821, 2.002628994893424, 1.9967328506180002, 2.00019650217853, 1.9945096713078172, 2.0028304872633536, 1.9909294738045222, 1.9771841689001155, 1.9811807991583137, 1.983303337157527, 1.9784231834773776, 1.9678063528447212, 1.9654073081439054, 1.9589995130707947, 1.9605077218405809, 1.9691578647758388, 1.9664188412171375, 1.9528893775577787, 1.9487437900108626, 1.946833696546434, 1.9487310240540323, 1.9419531399690653, 1.9424148526372789, 1.9405414364005946, 1.933251233040532, 1.9264013254189793, 1.9244154993491838, 1.925858636445637, 1.9223641323137888, 1.9242724376388742, 1.9254878246331517, 1.9182488133635702, 1.9188401231282874, 1.9171885433076303, 1.920372516294069, 1.9161407992809634, 1.9163875247858748, 1.911942720413208, 1.9122139547444597, 1.9121417169329487, 1.9092878269243845, 1.9089481785327573, 1.9054513400114035, 1.9053233982641486, 1.9021816072584707, 1.9044846930081332, 1.902328056625173, 1.9000568148456043, 1.9000558928598332, 1.8984659110443503, 1.897742051112501, 1.8972196760056894, 1.8952458342419396, 1.8958442784562897, 1.89252867728849, 1.8943675801723818, 1.8942975273615197, 1.8939880525009543, 1.8911427319804324, 1.891253048860574, 1.8911591164673431, 1.888689424418196, 1.891273311421841, 1.888919057725351, 1.8909053908118718, 1.8876775080644632, 1.8882848009278503, 1.886076245126845, 1.8891348672818533, 1.8860265016555786, 1.8862723293183725, 1.8867742713493636, 1.8865655509731438, 1.8859002997603598, 1.884889764121816, 1.8843370706220217, 1.8846220230754418, 1.8852070962326437, 1.8836761531950552, 1.8835660852963412, 1.8850344434569153, 1.8851719083665293, 1.885664939880371, 1.8843200614180746, 1.8858991182303126, 1.8844607766670516, 1.8837462814548347, 1.8841284739820263, 1.8833275716516036, 1.8831249158593673, 1.8848787395260003, 1.8844399452209473, 1.8840008189406576, 1.884074096438251, 1.884345557116255, 1.8835038776639141, 1.8841162482394447]}, "valid": {"acc": [0.528125, 0.6359375, 0.6453125, 0.6875, 0.7, 0.7171875, 0.6796875, 0.671875, 0.6765625, 0.725, 0.7515625, 0.7640625, 0.740625, 0.7203125, 0.7296875, 0.7375, 0.740625, 0.75625, 0.7703125, 0.7265625, 0.7234375, 0.740625, 0.7609375, 0.7578125, 0.778125, 0.78125, 0.753125, 0.775, 0.78125, 0.8046875, 0.7859375, 0.7671875, 0.7453125, 0.7703125, 0.765625, 0.775, 0.7625, 0.7890625, 0.7828125, 0.7796875, 0.790625, 0.7890625, 0.7984375, 0.7921875, 0.76875, 0.7984375, 0.790625, 0.775, 0.78125, 0.7890625, 0.7984375, 0.7921875, 0.7984375, 0.7953125, 0.7859375, 0.7953125, 0.771875, 0.775, 0.8046875, 0.80625, 0.8015625, 0.796875, 0.8, 0.7859375, 0.8015625, 0.796875, 0.7828125, 0.8140625, 0.8046875, 0.8140625, 0.8109375, 0.8109375, 0.8078125, 0.80625, 0.803125, 0.7875, 0.8109375, 0.8140625, 0.80625, 0.8125, 0.8140625, 0.7953125, 0.7953125, 0.7984375, 0.8046875, 0.8, 0.8046875, 0.790625, 0.8046875, 0.796875, 0.8, 0.8046875, 0.821875, 0.803125, 0.7984375, 0.8109375, 0.803125, 0.8171875, 0.79375, 0.7953125, 0.80625, 0.8, 0.7984375, 0.8078125, 0.8015625, 0.80625, 0.8125, 0.8046875, 0.7890625, 0.809375, 0.8109375, 0.803125, 0.8015625, 0.7984375, 0.8015625, 0.8140625, 0.8203125, 0.80625, 0.8078125, 0.8109375, 0.80625, 0.8125, 0.8015625, 0.803125, 0.80625, 0.803125, 0.8078125, 0.80625, 0.8078125, 0.7984375, 0.796875, 0.796875, 0.8, 0.8015625, 0.7984375, 0.8046875, 0.8015625, 0.8015625, 0.8, 0.8046875, 0.803125, 0.8015625, 0.8, 0.803125, 0.8015625, 0.8, 0.8015625, 0.8015625, 0.8015625, 0.8],