{"train": {"acc": [0.546484375, 0.6501953125, 0.672265625, 0.7076171875, 0.704296875, 0.7189453125, 0.72265625, 0.748828125, 0.74765625, 0.751171875, 0.76875, 0.7794921875, 0.769921875, 0.769921875, 0.777734375, 0.7837890625, 0.7884765625, 0.7740234375, 0.7689453125, 0.7859375, 0.7888671875, 0.7982421875, 0.8015625, 0.7861328125, 0.7935546875, 0.8029296875, 0.8111328125, 0.8115234375, 0.8232421875, 0.808984375, 0.816796875, 0.8099609375, 0.809375, 0.8240234375, 0.8095703125, 0.819140625, 0.8294921875, 0.828125, 0.826953125, 0.829296875, 0.8392578125, 0.850390625, 0.8376953125, 0.84609375, 0.844921875, 0.8458984375, 0.853515625, 0.862890625, 0.8498046875, 0.855859375, 0.8521484375, 0.849609375, 0.862890625, 0.8583984375, 0.8693359375, 0.868359375, 0.87734375, 0.88125, 0.869921875, 0.8751953125, 0.8859375, 0.885546875, 0.888671875, 0.8923828125, 0.9033203125, 0.903125, 0.9005859375, 0.903125, 0.8966796875, 0.8939453125, 0.908203125, 0.9103515625, 0.9146484375, 0.919140625, 0.9212890625, 0.921484375, 0.92578125, 0.9224609375, 0.9259765625, 0.92578125, 0.9263671875, 0.926171875, 0.9283203125, 0.9267578125, 0.9298828125, 0.934765625, 0.933984375, 0.9333984375, 0.9328125, 0.9361328125, 0.936328125, 0.934765625, 0.9369140625, 0.9390625, 0.940625, 0.9421875, 0.9423828125, 0.943359375, 0.9439453125, 0.9427734375, 0.943359375, 0.9439453125, 0.9462890625, 0.9447265625, 0.9423828125, 0.9451171875, 0.9462890625, 0.944140625, 0.94765625, 0.9482421875, 0.9451171875, 0.947265625, 0.947265625, 0.9494140625, 0.946484375, 0.94921875, 0.9482421875, 0.948046875, 0.9484375, 0.95, 0.9494140625, 0.9501953125, 0.95, 0.9505859375, 0.9509765625, 0.9505859375, 0.95, 0.9513671875, 0.9494140625, 0.9513671875, 0.9501953125, 0.9517578125, 0.950390625, 0.9501953125, 0.9517578125, 0.951953125, 0.9505859375, 0.951171875, 0.9513671875, 0.9501953125, 0.950390625, 0.951171875, 0.9517578125, 0.951953125, 0.9515625, 0.9515625, 0.9513671875, 0.9521484375, 0.9517578125, 0.9521484375], "loss": [2.564478925511807, 2.3785788620574566, 2.3368600471110286, 2.2802874891063833, 2.2881702682639977, 2.264124698276761, 2.2557455286195007, 2.215716440466386, 2.2181358186504507, 2.2115074501761907, 2.1828708935387526, 2.1636129889307143, 2.1792986619321604, 2.1819454537162297, 2.1652203783204285, 2.156771584402157, 2.1487509676172762, 2.172031429749501, 2.1811729186697852, 2.1522777940653546, 2.1480414565605455, 2.1337352417692355, 2.126259455197974, 2.1532133621505545, 2.141788536989236, 2.1254021985621394, 2.112338236615628, 2.112852848028835, 2.0922733877278583, 2.116950563237637, 2.104277966897699, 2.113282224800013, 2.1142153709749634, 2.0883430423615854, 2.1132717509812946, 2.098197215720068, 2.0806695298303532, 2.085091675384135, 2.085563309584992, 2.0814992008329947, 2.066638353504712, 2.0486285188530067, 2.0661403951765616, 2.053300094000901, 2.0544199068335036, 2.0556087237370164, 2.041432178473171, 2.0273362503776067, 2.0481610765940026, 2.036487553693071, 2.0435382565365563, 2.0499236100836646, 2.0275832640973825, 2.033973886996885, 2.0163676829277715, 2.0169095283822167, 2.0013260781010493, 1.9947367287889313, 2.0150093066541452, 2.005644333513477, 1.9887637820424913, 1.9884344007395491, 1.9854658781727659, 1.9774845808367185, 1.960590258429322, 1.9618808830840677, 1.964896559715271, 1.9609235751477978, 1.9700811618491063, 1.9761493885064427, 1.9535995057866544, 1.9482814420627643, 1.9419655588608753, 1.934482532211497, 1.9308714368675328, 1.9316860120507735, 1.924131968353368, 1.9290437592735774, 1.923077699504321, 1.9241656276244152, 1.9217019941233382, 1.9231509362594992, 1.918538178069682, 1.9219121872624265, 1.9181022236618814, 1.9085158743435824, 1.909687586977512, 1.9117683956894693, 1.9121401883378815, 1.9065968296195888, 1.9049570650994023, 1.907881099966508, 1.9047303652461571, 1.9008928114854837, 1.8987213418453555, 1.8965383783171448, 1.8954703536214708, 1.8939641487749317, 1.8933592295344872, 1.8954057074800323, 1.893903513497944, 1.8928333837774736, 1.8898597638818282, 1.8915230654462982, 1.8954683828957473, 1.8908635317524778, 1.8898151509369476, 1.8926397411129143, 1.8878896130791194, 1.8866489371166955, 1.890641645540165, 1.8882517105416408, 1.8872632753999927, 1.8843194367010383, 1.8881092976920213, 1.8843611705152294, 1.886137817479387, 1.8862655872031102, 1.885863206054591, 1.8834670389754862, 1.8839396313775945, 1.8831176863440984, 1.8831464655791657, 1.8826014331624479, 1.8815040618558474, 1.8825344465955902, 1.883458357823046, 1.8806650864927075, 1.8842232348043708, 1.8809289132492453, 1.882790826543977, 1.8802713351913645, 1.8825973906094515, 1.8821851362155964, 1.880131647556643, 1.880207122126712, 1.8819255406343485, 1.8809306395204761, 1.8810007662712773, 1.8822586777844006, 1.8822080923032156, 1.881232145466382, 1.8804454833646365, 1.8798708583735213, 1.8805843802947033, 1.8808504584469372, 1.8806135941155349, 1.879630022411105, 1.8803051483782032, 1.879913153527658]}, "valid": {"acc": [0.503125, 0.621875, 0.665625, 0.6703125, 0.678125, 0.69375, 0.740625, 0.7296875, 0.7375, 0.74375, 0.771875, 0.75, 0.740625, 0.746875, 0.7453125, 0.7453125, 0.7359375, 0.7453125, 0.74375, 0.76875, 0.7765625, 0.778125, 0.7375, 0.7703125, 0.7828125, 0.7640625, 0.775, 0.7734375, 0.778125, 0.753125, 0.765625, 0.765625, 0.7734375, 0.734375, 0.7671875, 0.7828125, 0.7765625, 0.765625, 0.775, 0.7921875, 0.7875, 0.8109375, 0.76875, 0.7953125, 0.7734375, 0.8125, 0.8125, 0.80625, 0.7890625, 0.790625, 0.796875, 0.7828125, 0.7828125, 0.784375, 0.7921875, 0.79375, 0.8015625, 0.7890625, 0.771875, 0.8109375, 0.8046875, 0.8140625, 0.8015625, 0.8015625, 0.8, 0.796875, 0.8109375, 0.7953125, 0.8109375, 0.8046875, 0.81875, 0.7921875, 0.803125, 0.7984375, 0.790625, 0.7875, 0.7921875, 0.7859375, 0.80625, 0.803125, 0.8140625, 0.7984375, 0.7953125, 0.8140625, 0.8046875, 0.815625, 0.7984375, 0.796875, 0.8109375, 0.8015625, 0.7921875, 0.796875, 0.80625, 0.80625, 0.8, 0.803125, 0.80625, 0.8046875, 0.80625, 0.8109375, 0.8046875, 0.809375, 0.8015625, 0.8015625, 0.8078125, 0.8, 0.803125, 0.8078125, 0.8125, 0.8140625, 0.815625, 0.8234375, 0.8140625, 0.821875, 0.815625, 0.809375, 0.8078125, 0.8078125, 0.8125, 0.8, 0.809375, 0.8109375, 0.8109375, 0.80625, 0.8078125, 0.80625, 0.809375, 0.8125, 0.8046875, 0.8109375, 0.8109375, 0.8125, 0.8109375, 0.8078125, 0.8078125, 0.8078125, 0.8046875, 0.8078125, 0.8046875, 0.80625, 0.803125, 0.8078125, 0.8078125, 0.8046875, 0.8109375, 0.8078125, 0.803125, 0.8046875, 0.803125, 0.8046875],