{"train": {"acc": [0.528125, 0.641796875, 0.6744140625, 0.70078125, 0.720703125, 0.7298828125, 0.7345703125, 0.74921875, 0.7619140625, 0.7740234375, 0.7759765625, 0.7716796875, 0.7810546875, 0.7900390625, 0.78203125, 0.7833984375, 0.783984375, 0.7763671875, 0.787890625, 0.7958984375, 0.791015625, 0.7908203125, 0.79609375, 0.798046875, 0.8099609375, 0.8056640625, 0.81640625, 0.8197265625, 0.8150390625, 0.8208984375, 0.8275390625, 0.8205078125, 0.8240234375, 0.82265625, 0.831640625, 0.8396484375, 0.84375, 0.8439453125, 0.8474609375, 0.839453125, 0.84921875, 0.8439453125, 0.8451171875, 0.855859375, 0.84765625, 0.850390625, 0.8580078125, 0.8646484375, 0.8619140625, 0.86875, 0.870703125, 0.8708984375, 0.8728515625, 0.862109375, 0.8712890625, 0.8740234375, 0.8837890625, 0.8853515625, 0.8890625, 0.8947265625, 0.895703125, 0.9015625, 0.9044921875, 0.903125, 0.901953125, 0.9064453125, 0.9099609375, 0.9107421875, 0.908203125, 0.907421875, 0.9103515625, 0.9158203125, 0.91953125, 0.921875, 0.9224609375, 0.925, 0.924609375, 0.9228515625, 0.9228515625, 0.924609375, 0.9267578125, 0.9265625, 0.9298828125, 0.930859375, 0.9314453125, 0.9330078125, 0.9359375, 0.9359375, 0.93515625, 0.93515625, 0.9376953125, 0.9369140625, 0.940625, 0.9396484375, 0.93984375, 0.9396484375, 0.939453125, 0.940625, 0.942578125, 0.942578125, 0.942578125, 0.9443359375, 0.944921875, 0.9431640625, 0.9451171875, 0.9439453125, 0.94453125, 0.9451171875, 0.94609375, 0.9453125, 0.946875, 0.9470703125, 0.946875, 0.9458984375, 0.946875, 0.9462890625, 0.9486328125, 0.9478515625, 0.948046875, 0.94765625, 0.9470703125, 0.9494140625, 0.9498046875, 0.95, 0.94921875, 0.9490234375, 0.948828125, 0.9501953125, 0.9501953125, 0.9490234375, 0.951171875, 0.95, 0.950390625, 0.94921875, 0.9513671875, 0.950390625, 0.950390625, 0.951171875, 0.9517578125, 0.9501953125, 0.95, 0.9513671875, 0.9513671875, 0.9509765625, 0.95078125, 0.949609375, 0.9521484375, 0.951171875, 0.9513671875, 0.950390625], "loss": [2.5901916811737835, 2.3911691919157776, 2.3345663788952407, 2.290604174891605, 2.2614006271845177, 2.2467448319060894, 2.235660121410708, 2.2133184445055227, 2.1929471070253395, 2.1730336448814294, 2.170045961307574, 2.1746280268777776, 2.160416737387452, 2.147080321855183, 2.160235948200467, 2.1552315542969525, 2.157300902318351, 2.1714592598661593, 2.1503657826894447, 2.1348838066752953, 2.145860948140108, 2.1463183224955693, 2.1380225751973407, 2.1351015854485427, 2.1150547975226295, 2.1190668963178805, 2.103675757782369, 2.097619328317763, 2.103074191491815, 2.095948789693132, 2.08543780483777, 2.0961868612072134, 2.09066117715232, 2.0925015452541884, 2.0791682548160795, 2.064508080482483, 2.0600365943546537, 2.056668144238146, 2.053350815290137, 2.065025430691393, 2.048564192614978, 2.056527278091334, 2.053721489785593, 2.037663489957399, 2.0513684372358685, 2.046510263334347, 2.0363173092467877, 2.0241955911056904, 2.0270234844352624, 2.018468633482728, 2.0142352731922006, 2.0138189521016954, 2.010943046099023, 2.026489520374733, 2.0093569302860694, 2.010478827017772, 1.9930316436139843, 1.98945608772809, 1.9845390802697291, 1.972769406777394, 1.9721060734760911, 1.9648543083215062, 1.9579764936543718, 1.9594998480398444, 1.9612242526645902, 1.9550100881842118, 1.9489967838118347, 1.9471936225891113, 1.953545417966722, 1.9533906375305563, 1.9490273270425917, 1.938296170174321, 1.9339858248263975, 1.9303224464006061, 1.9295283389996878, 1.9247061406509787, 1.9254952367348006, 1.9278165464159809, 1.9271604109414016, 1.9241590605506413, 1.9217058118385604, 1.921459440943561, 1.9167537659029417, 1.915431196176553, 1.9135007858276367, 1.9118000570731828, 1.90676520293272, 1.9065306050867974, 1.907388232931306, 1.9074179869663865, 1.9025313144997706, 1.90422523021698, 1.898966822443129, 1.900884258596203, 1.9002126530755925, 1.9006174048290978, 1.9010198689714264, 1.8988289244567291, 1.8957689080057265, 1.8950126050393792, 1.8963818097416358, 1.893380131902574, 1.8916051251978814, 1.8941753966898858, 1.8925300549857225, 1.8929692235174058, 1.891930626917489, 1.8909228436554535, 1.8897823517835592, 1.8913210781314704, 1.888397766064994, 1.8879183410089226, 1.8880117739303202, 1.889008330393441, 1.8879460307616223, 1.8898692568646203, 1.8860575488851041, 1.8868880724605126, 1.8861868215512625, 1.8872136119045788, 1.887915031819404, 1.8844718570950665, 1.883691283720958, 1.8828259299073038, 1.8842246622978887, 1.8847762255729, 1.8852904069272778, 1.8826642036437988, 1.8824818511552448, 1.8843492314785342, 1.8809462740451475, 1.8827417696578592, 1.882099571107309, 1.8842487787898583, 1.8808664475815207, 1.8822141101088705, 1.881881689723534, 1.8814363555063176, 1.8798207934898665, 1.882580484016032, 1.8831125165842757, 1.8808634447146066, 1.8810971386824982, 1.8810078554515597, 1.8814192029494274, 1.8838920487633235, 1.8797380954404421, 1.8810242459743838, 1.8807306334942202, 1.8825596872764299]}, "valid": {"acc": [0.565625, 0.6359375, 0.6609375, 0.746875, 0.6203125, 0.68125, 0.740625, 0.696875, 0.753125, 0.70625, 0.753125, 0.728125, 0.7734375, 0.7625, 0.7765625, 0.7640625, 0.7546875, 0.753125, 0.7625, 0.78125, 0.740625, 0.775, 0.753125, 0.7765625, 0.7765625, 0.78125, 0.7953125, 0.7796875, 0.7734375, 0.784375, 0.775, 0.771875, 0.7859375, 0.784375, 0.784375, 0.79375, 0.7828125, 0.7875, 0.7859375, 0.7890625, 0.7890625, 0.78125, 0.7890625, 0.8109375, 0.790625, 0.7921875, 0.80625, 0.809375, 0.778125, 0.8078125, 0.821875, 0.796875, 0.815625, 0.8125, 0.8, 0.8, 0.8015625, 0.79375, 0.828125, 0.809375, 0.796875, 0.8125, 0.7921875, 0.8078125, 0.80625, 0.8015625, 0.8109375, 0.8125, 0.821875, 0.809375, 0.815625, 0.8140625, 0.8140625, 0.821875, 0.8171875, 0.8171875, 0.809375, 0.8, 0.809375, 0.8015625, 0.803125, 0.7953125, 0.803125, 0.8125, 0.80625, 0.8125, 0.815625, 0.8125, 0.8171875, 0.8140625, 0.8078125, 0.815625, 0.8203125, 0.8203125, 0.815625, 0.8125, 0.825, 0.8234375, 0.83125, 0.828125, 0.828125, 0.834375, 0.8328125, 0.81875, 0.8296875, 0.8328125, 0.834375, 0.821875, 0.8234375, 0.825, 0.8265625, 0.8265625, 0.8203125, 0.8203125, 0.8265625, 0.828125, 0.815625, 0.8234375, 0.8296875, 0.825, 0.8234375, 0.83125, 0.8359375, 0.8234375, 0.8234375, 0.8265625, 0.825, 0.8265625, 0.8296875, 0.825, 0.828125, 0.8265625, 0.83125, 0.8296875, 0.8234375, 0.828125, 0.825, 0.825, 0.8234375, 0.828125, 0.8296875, 0.821875, 0.8203125, 0.8234375, 0.8234375, 0.825, 0.8265625, 0.8265625, 0.821875, 0.821875],