{"train": {"acc": [0.534375, 0.634375, 0.6626953125, 0.6876953125, 0.702734375, 0.7224609375, 0.7408203125, 0.7361328125, 0.733984375, 0.740625, 0.7509765625, 0.762109375, 0.754296875, 0.7705078125, 0.7736328125, 0.77578125, 0.7802734375, 0.7888671875, 0.7953125, 0.7986328125, 0.803515625, 0.7908203125, 0.8048828125, 0.7962890625, 0.8017578125, 0.796484375, 0.7984375, 0.803515625, 0.805859375, 0.815625, 0.8248046875, 0.8220703125, 0.8138671875, 0.8234375, 0.8201171875, 0.8232421875, 0.824609375, 0.8267578125, 0.8337890625, 0.8283203125, 0.8375, 0.8447265625, 0.841796875, 0.8326171875, 0.8427734375, 0.849609375, 0.8595703125, 0.856640625, 0.85390625, 0.8537109375, 0.8650390625, 0.8779296875, 0.871875, 0.8705078125, 0.873046875, 0.876171875, 0.8736328125, 0.8796875, 0.884765625, 0.8748046875, 0.8845703125, 0.8908203125, 0.8974609375, 0.903125, 0.905078125, 0.8955078125, 0.8998046875, 0.8990234375, 0.9033203125, 0.912109375, 0.91171875, 0.9109375, 0.9177734375, 0.9138671875, 0.9197265625, 0.91953125, 0.91796875, 0.9236328125, 0.9220703125, 0.92421875, 0.9232421875, 0.9248046875, 0.9283203125, 0.923828125, 0.927734375, 0.9298828125, 0.9298828125, 0.9341796875, 0.9357421875, 0.93828125, 0.9404296875, 0.9404296875, 0.9400390625, 0.9404296875, 0.9431640625, 0.9427734375, 0.9412109375, 0.9423828125, 0.94375, 0.94453125, 0.946484375, 0.9458984375, 0.9458984375, 0.946875, 0.9466796875, 0.9455078125, 0.9486328125, 0.94765625, 0.949609375, 0.949609375, 0.9509765625, 0.9498046875, 0.9509765625, 0.9505859375, 0.9501953125, 0.9509765625, 0.9517578125, 0.951953125, 0.9533203125, 0.9517578125, 0.95234375, 0.951953125, 0.9505859375, 0.9525390625, 0.9515625, 0.9525390625, 0.952734375, 0.95234375, 0.9533203125, 0.95390625, 0.9533203125, 0.9533203125, 0.9537109375, 0.953515625, 0.953515625, 0.953125, 0.9537109375, 0.9544921875, 0.9537109375, 0.9546875, 0.9541015625, 0.9537109375, 0.953515625, 0.9544921875, 0.9541015625, 0.9541015625, 0.9546875, 0.9548828125, 0.95390625, 0.954296875], "loss": [2.5836601106426382, 2.403439548951161, 2.353951906856102, 2.3142738493182993, 2.2914821407462975, 2.2566902697840825, 2.2269031850597525, 2.2347887829889226, 2.240412153775179, 2.229260793215112, 2.210428957697711, 2.194357316705245, 2.205313139323947, 2.181062405622458, 2.1738453273531757, 2.167201322845266, 2.162102901482884, 2.1480874909630305, 2.1390755236903325, 2.132477404196051, 2.1253467028654076, 2.145867774758158, 2.1219642237771916, 2.13427324083787, 2.127418845514708, 2.135661205158958, 2.1313925317571134, 2.123221768608576, 2.119046808798102, 2.1044080121607722, 2.0908942630019367, 2.093349847612502, 2.1071196206008334, 2.0911129381083233, 2.096516621263721, 2.0921219210081463, 2.0882182543790795, 2.0851073431063303, 2.0737744509419307, 2.0829333957237535, 2.068611965903753, 2.059692833997026, 2.0629740983625, 2.0760962359512907, 2.059124871145321, 2.047974654390842, 2.032136541378649, 2.035674763631217, 2.0425553442556645, 2.0424342502521564, 2.0239965930769714, 2.0038992241968083, 2.0124004898192007, 2.0153516938414753, 2.0117645444749277, 2.004366569881198, 2.0086213274847102, 1.9992536321471008, 1.9921978002862086, 2.007096954538852, 1.9904029535341867, 1.9810263884218433, 1.9702512750142738, 1.9623621113692657, 1.9566507067861436, 1.9745710771295089, 1.9669909205617784, 1.9671986087968079, 1.9606258401387855, 1.9464132001128378, 1.9463109155244465, 1.9474666933470135, 1.9370633786237692, 1.9420767615113077, 1.9347484821005712, 1.9354450491410267, 1.9356742403175258, 1.9268024797681012, 1.9289552803280987, 1.9264603702327874, 1.9265105543257315, 1.9248285580284987, 1.918800080878825, 1.9259121659435803, 1.9192633070523226, 1.9169304989561249, 1.9165265726137766, 1.9091219298447235, 1.9073795457429523, 1.902340188811097, 1.8999126727067972, 1.8988747747638557, 1.8999136490157889, 1.8994169838820831, 1.8952100261857239, 1.8953855067868777, 1.897518360162083, 1.8958228434188455, 1.893688968465298, 1.8927712455580505, 1.88967227030404, 1.8893748944318747, 1.890491173237185, 1.888368594495556, 1.8893016395689566, 1.8899779395212102, 1.8851819445815268, 1.8865314888048776, 1.8844740345508237, 1.8839538338818127, 1.8824347770666774, 1.8832422509978088, 1.8814795439756369, 1.8824971054173723, 1.8825272563137585, 1.881283683112905, 1.8806327007993866, 1.8807135096079186, 1.8781217547911633, 1.879727057263821, 1.8786511511742314, 1.8798815857006024, 1.8818241342713562, 1.879264075544816, 1.88017672979379, 1.8790229996548424, 1.8790062122707125, 1.8789488122433047, 1.877484982526755, 1.877067342589173, 1.8772184984593452, 1.877572987653032, 1.877108993409555, 1.8777677545064613, 1.8772430193575123, 1.8778630857226215, 1.8768922060350828, 1.8761820521535753, 1.8767496649223039, 1.875288409522817, 1.8763683642013163, 1.8768706638601762, 1.8771954201444794, 1.8754659755320489, 1.876433957981158, 1.8764847652821601, 1.8752876897401447, 1.8752418741395203, 1.8765034087096588, 1.8760004632080658]}, "valid": {"acc": [0.5359375, 0.6359375, 0.6015625, 0.6625, 0.6875, 0.73125, 0.703125, 0.709375, 0.75, 0.71875, 0.725, 0.753125, 0.784375, 0.7546875, 0.775, 0.753125, 0.7484375, 0.75625, 0.7546875, 0.803125, 0.75625, 0.7546875, 0.784375, 0.7796875, 0.746875, 0.7671875, 0.759375, 0.7625, 0.7609375, 0.775, 0.778125, 0.78125, 0.740625, 0.7921875, 0.7671875, 0.7796875, 0.7734375, 0.7859375, 0.7796875, 0.7734375, 0.7953125, 0.7703125, 0.7859375, 0.7640625, 0.784375, 0.7765625, 0.7765625, 0.803125, 0.790625, 0.796875, 0.8078125, 0.8109375, 0.81875, 0.79375, 0.7875, 0.809375, 0.8046875, 0.8, 0.8078125, 0.79375, 0.8125, 0.7953125, 0.8078125, 0.790625, 0.796875, 0.803125, 0.7984375, 0.796875, 0.8078125, 0.8, 0.7953125, 0.8046875, 0.796875, 0.8015625, 0.80625, 0.80625, 0.7921875, 0.7953125, 0.803125, 0.8046875, 0.8078125, 0.828125, 0.80625, 0.8125, 0.796875, 0.784375, 0.803125, 0.8171875, 0.8078125, 0.803125, 0.809375, 0.7984375, 0.8140625, 0.8125, 0.8015625, 0.8203125, 0.8203125, 0.8015625, 0.8078125, 0.8078125, 0.7984375, 0.796875, 0.8109375, 0.8109375, 0.809375, 0.796875, 0.8015625, 0.803125, 0.80625, 0.8109375, 0.809375, 0.803125, 0.803125, 0.80625, 0.8015625, 0.803125, 0.809375, 0.8078125, 0.8109375, 0.8078125, 0.80625, 0.803125, 0.803125, 0.809375, 0.8078125, 0.80625, 0.8078125, 0.80625, 0.80625, 0.8078125, 0.80625, 0.8125, 0.809375, 0.8078125, 0.8046875, 0.803125, 0.8015625, 0.8046875, 0.80625, 0.8046875, 0.8078125, 0.8109375, 0.80625, 0.80625, 0.8046875, 0.80625, 0.8109375, 0.80625, 0.8078125, 0.80625],