{"train": {"acc": [0.5466796875, 0.6484375, 0.6755859375, 0.7044921875, 0.7095703125, 0.712109375, 0.72578125, 0.74296875, 0.73828125, 0.73671875, 0.7443359375, 0.7556640625, 0.7732421875, 0.776171875, 0.7802734375, 0.7828125, 0.7767578125, 0.7634765625, 0.76953125, 0.7802734375, 0.781640625, 0.7833984375, 0.784765625, 0.7873046875, 0.7947265625, 0.796875, 0.7982421875, 0.789453125, 0.802734375, 0.7923828125, 0.79921875, 0.812890625, 0.7837890625, 0.794921875, 0.79765625, 0.795703125, 0.808203125, 0.8146484375, 0.8173828125, 0.8119140625, 0.821484375, 0.8296875, 0.8265625, 0.8333984375, 0.837890625, 0.81484375, 0.8296875, 0.8337890625, 0.8396484375, 0.8521484375, 0.8484375, 0.8462890625, 0.854296875, 0.849609375, 0.8490234375, 0.8552734375, 0.859375, 0.867578125, 0.8583984375, 0.862109375, 0.8685546875, 0.8619140625, 0.870703125, 0.87734375, 0.8765625, 0.8779296875, 0.882421875, 0.8912109375, 0.886328125, 0.8923828125, 0.8970703125, 0.894921875, 0.898046875, 0.9005859375, 0.903515625, 0.9013671875, 0.8974609375, 0.90546875, 0.90546875, 0.903125, 0.90234375, 0.908203125, 0.911328125, 0.9150390625, 0.9134765625, 0.912890625, 0.91484375, 0.9169921875, 0.920703125, 0.9208984375, 0.9208984375, 0.92109375, 0.921484375, 0.925, 0.926953125, 0.928125, 0.9248046875, 0.9298828125, 0.930859375, 0.933203125, 0.928515625, 0.9330078125, 0.9345703125, 0.9365234375, 0.9349609375, 0.9345703125, 0.9375, 0.934765625, 0.9369140625, 0.93671875, 0.939453125, 0.940234375, 0.9392578125, 0.9396484375, 0.9388671875, 0.9390625, 0.94140625, 0.9400390625, 0.940625, 0.9412109375, 0.9427734375, 0.94140625, 0.94296875, 0.94296875, 0.9435546875, 0.9431640625, 0.942578125, 0.94296875, 0.9447265625, 0.9431640625, 0.943359375, 0.9447265625, 0.94453125, 0.944921875, 0.9439453125, 0.945703125, 0.9447265625, 0.94453125, 0.9462890625, 0.9458984375, 0.944921875, 0.9453125, 0.9451171875, 0.94609375, 0.9455078125, 0.9455078125, 0.9462890625, 0.945703125, 0.9447265625, 0.944921875], "loss": [2.563165275356438, 2.3811014724683157, 2.3366770502887193, 2.289561953725694, 2.278986562656451, 2.276632399498662, 2.252894003180009, 2.2244609956499897, 2.231505608256859, 2.2344133431398414, 2.222963164124308, 2.2027122823497916, 2.1752033761785, 2.1691631576682946, 2.161693509620956, 2.1599001265779325, 2.1682391845727267, 2.1899900330772883, 2.179200184496143, 2.1609987412826923, 2.1584991141210628, 2.156714999223057, 2.1545889045618756, 2.149388520023491, 2.1400285355652433, 2.1354673919798453, 2.1320600781259658, 2.149516734895827, 2.1254476806785485, 2.1432783860194533, 2.131908351861978, 2.1077631425253953, 2.1563495246669913, 2.1384393927417222, 2.1330525965630254, 2.136697269693206, 2.1185068374947655, 2.107187477848198, 2.1014961592758756, 2.1113516182839116, 2.0934626527979403, 2.0815010191519048, 2.0867812708963323, 2.07609567008441, 2.069413453717775, 2.105923497224156, 2.079861945743802, 2.072661698619022, 2.0651265382766724, 2.04493918298166, 2.0501538364193106, 2.0546474336068843, 2.041596821591824, 2.0490007581590097, 2.048304138304312, 2.0392658801018437, 2.0332060961783687, 2.0196331543258474, 2.033122441436671, 2.0279272417478924, 2.016637109502961, 2.028216177904153, 2.0136752083331726, 2.0033520445039, 2.003778395773489, 1.9998404104498368, 1.9947614352914351, 1.9787598893612246, 1.9879357573352283, 1.979296776312816, 1.9708529801308354, 1.9754108703589137, 1.9672863558877873, 1.965510502646241, 1.960607189166395, 1.9623474154291274, 1.970699992360948, 1.9563565284390994, 1.9569498979592626, 1.9609472630899163, 1.9617609102514726, 1.951090308684337, 1.9473110045058817, 1.9410752978505967, 1.9429930795597126, 1.9447689901424359, 1.9411620716505413, 1.9380312328097187, 1.9329332430151445, 1.9311904016929338, 1.9318773293796974, 1.9296254960796502, 1.929316516163983, 1.9247457060632827, 1.9221663007253333, 1.91947816142553, 1.9239032585409623, 1.9163073105148123, 1.9153200478493413, 1.9114213563218903, 1.9178921572769745, 1.9111259300497514, 1.909089216703101, 1.9060438720485833, 1.9083770936048483, 1.9080243276644357, 1.9037413808363903, 1.9077808087385153, 1.905152011521255, 1.904936692382716, 1.9006213855139817, 1.8996549135521998, 1.900763983967938, 1.900105192691465, 1.9014738451076458, 1.9014869354948212, 1.8976759156094323, 1.8997672826428957, 1.8988359110264839, 1.8971898782102368, 1.8952329370039929, 1.897426573536064, 1.8953146119660969, 1.8948406886450853, 1.8940171214598645, 1.8945545365538778, 1.8952635451208186, 1.8947542679460743, 1.892218582237823, 1.8938161119630066, 1.8931000187427183, 1.8920146377780769, 1.8923949833157696, 1.8921516107607492, 1.8941611308085768, 1.8903744914863683, 1.8920082834702503, 1.8922961256172084, 1.8897864803483215, 1.890350107905231, 1.891409089293661, 1.8916052670418462, 1.890901912616778, 1.889970972568174, 1.8908793428276158, 1.8914375395714482, 1.8894150951240636, 1.89070447638065, 1.8919389987293678, 1.891818612436705]}, "valid": {"acc": [0.553125, 0.6265625, 0.70625, 0.65625, 0.640625, 0.6953125, 0.7296875, 0.740625, 0.7328125, 0.6578125, 0.734375, 0.771875, 0.759375, 0.7484375, 0.771875, 0.771875, 0.784375, 0.7765625, 0.7390625, 0.784375, 0.7578125, 0.75, 0.7796875, 0.7640625, 0.7828125, 0.7859375, 0.7421875, 0.7671875, 0.765625, 0.7828125, 0.7859375, 0.765625, 0.7375, 0.7703125, 0.7625, 0.7953125, 0.775, 0.796875, 0.7625, 0.7765625, 0.79375, 0.8015625, 0.7859375, 0.7890625, 0.775, 0.7828125, 0.7890625, 0.8, 0.796875, 0.8171875, 0.7953125, 0.8140625, 0.7828125, 0.8, 0.8078125, 0.828125, 0.8078125, 0.8015625, 0.8046875, 0.8, 0.790625, 0.8046875, 0.81875, 0.815625, 0.8203125, 0.8046875, 0.821875, 0.8015625, 0.8109375, 0.8109375, 0.8109375, 0.8078125, 0.8078125, 0.828125, 0.83125, 0.8234375, 0.81875, 0.8234375, 0.80625, 0.8078125, 0.8171875, 0.8171875, 0.821875, 0.8234375, 0.809375, 0.7984375, 0.81875, 0.8296875, 0.8125, 0.821875, 0.8265625, 0.8171875, 0.8140625, 0.825, 0.825, 0.809375, 0.821875, 0.8265625, 0.821875, 0.8234375, 0.8203125, 0.821875, 0.8265625, 0.8328125, 0.8296875, 0.8265625, 0.825, 0.825, 0.81875, 0.8328125, 0.825, 0.8359375, 0.8375, 0.840625, 0.840625, 0.8390625, 0.8453125, 0.8375, 0.828125, 0.8296875, 0.83125, 0.8328125, 0.8390625, 0.8375, 0.84375, 0.8453125, 0.8453125, 0.8359375, 0.8359375, 0.8421875, 0.8515625, 0.8390625, 0.8390625, 0.840625, 0.840625, 0.8453125, 0.8359375, 0.8453125, 0.840625, 0.85, 0.8390625, 0.8375, 0.8390625, 0.85, 0.84375, 0.846875, 0.8375, 0.8375, 0.8359375, 0.840625],