{"train": {"acc": [0.521484375, 0.6107421875, 0.6740234375, 0.6828125, 0.7126953125, 0.7259765625, 0.7291015625, 0.7435546875, 0.7654296875, 0.7638671875, 0.76171875, 0.7541015625, 0.76328125, 0.77578125, 0.7818359375, 0.7796875, 0.78203125, 0.783203125, 0.7900390625, 0.7869140625, 0.7904296875, 0.7869140625, 0.7931640625, 0.7978515625, 0.7904296875, 0.798046875, 0.80078125, 0.80546875, 0.8083984375, 0.8046875, 0.8109375, 0.803515625, 0.806640625, 0.8205078125, 0.8197265625, 0.8291015625, 0.83671875, 0.83125, 0.83046875, 0.83671875, 0.8376953125, 0.8505859375, 0.85, 0.842578125, 0.85234375, 0.8455078125, 0.8419921875, 0.8564453125, 0.8546875, 0.862890625, 0.86484375, 0.8771484375, 0.87734375, 0.8759765625, 0.8740234375, 0.8765625, 0.8814453125, 0.88515625, 0.8833984375, 0.8857421875, 0.892578125, 0.887890625, 0.891796875, 0.8951171875, 0.8966796875, 0.8900390625, 0.905859375, 0.905859375, 0.91015625, 0.9083984375, 0.9138671875, 0.9150390625, 0.9134765625, 0.919140625, 0.9193359375, 0.9173828125, 0.9283203125, 0.9267578125, 0.9287109375, 0.92890625, 0.9341796875, 0.933984375, 0.9337890625, 0.9345703125, 0.9302734375, 0.93671875, 0.9361328125, 0.9376953125, 0.937109375, 0.9380859375, 0.93671875, 0.938671875, 0.940234375, 0.9423828125, 0.93828125, 0.942578125, 0.9404296875, 0.9421875, 0.9443359375, 0.9453125, 0.948046875, 0.9466796875, 0.947265625, 0.946484375, 0.9462890625, 0.9470703125, 0.9482421875, 0.9490234375, 0.9490234375, 0.94921875, 0.9482421875, 0.9484375, 0.9501953125, 0.9505859375, 0.951171875, 0.95078125, 0.9509765625, 0.9515625, 0.95078125, 0.9513671875, 0.951953125, 0.9521484375, 0.9521484375, 0.9529296875, 0.9537109375, 0.953125, 0.954296875, 0.9537109375, 0.9544921875, 0.9533203125, 0.953125, 0.9537109375, 0.9537109375, 0.953125, 0.9544921875, 0.9544921875, 0.9548828125, 0.954296875, 0.9537109375, 0.955078125, 0.955078125, 0.955078125, 0.9546875, 0.95390625, 0.954296875, 0.954296875, 0.9548828125, 0.954296875, 0.9548828125, 0.9544921875], "loss": [2.6026742699780043, 2.4403765201568604, 2.3370303534254244, 2.3206952765018127, 2.2695601212827463, 2.249394947969461, 2.2470138344583632, 2.2240685722495934, 2.1861924491351163, 2.1891533332534983, 2.191522218004058, 2.204149434838114, 2.1910756177540067, 2.17128014715412, 2.161429962025413, 2.162425878681714, 2.1599472021754784, 2.158716420584087, 2.1466614475733117, 2.1523636609693115, 2.147132410278803, 2.1508732053297983, 2.1425547539433345, 2.13421190388595, 2.1454391117337384, 2.1331305745281752, 2.1306252328655386, 2.121016938475114, 2.1172590663161457, 2.122439864315564, 2.1105763731123526, 2.1240026965925964, 2.118866467777687, 2.0965206985232197, 2.098081406158737, 2.085096018223823, 2.0702347604534292, 2.0782337415067453, 2.079305259487297, 2.068902408020406, 2.0682925830913494, 2.0469421299198007, 2.0496770762190035, 2.0586954898472074, 2.0436975382551363, 2.055775351162198, 2.058255581916133, 2.037549121470391, 2.039893340460862, 2.025699690927433, 2.0254361629486084, 2.00369164460822, 2.0049389691292485, 2.0046860281425185, 2.008684010445317, 2.003809444511993, 1.9967144139205353, 1.9912621688239183, 1.9942324553863913, 1.9904219032842903, 1.977370841593682, 1.9851753319366068, 1.98018333127227, 1.9736499907095222, 1.9725231686724891, 1.9808152551892437, 1.9552605438836013, 1.9572157905071597, 1.9489415189887904, 1.9520746484587463, 1.9428530916382996, 1.9398997886271416, 1.9440477799765672, 1.934718771825863, 1.9327261327188225, 1.9353976234605041, 1.9208849517604973, 1.9212880587276024, 1.918567959266373, 1.918057105209254, 1.9101054970222184, 1.909589548654194, 1.9103015736688542, 1.9087682796429983, 1.915831004516988, 1.9060753961152668, 1.9062117036384871, 1.9034457327444343, 1.9038936503325836, 1.9035870666745343, 1.9046662306483788, 1.9025157735317568, 1.899258717705932, 1.896834688850596, 1.9025425065921833, 1.895390056356599, 1.897986516167846, 1.8967861359632467, 1.892037886607496, 1.8914934804167929, 1.8866359478310695, 1.8893440735491016, 1.8876260322860525, 1.8883456459528283, 1.8885506859308556, 1.8880257108543492, 1.8862527684320378, 1.88461074798922, 1.8852141522154022, 1.8851650228983239, 1.886433547056174, 1.885004067722755, 1.8832957337174234, 1.881884801236889, 1.8814701883098748, 1.8819230523290513, 1.881171027316323, 1.8801151257527025, 1.8813520232333412, 1.8807816082918192, 1.8793347560906712, 1.8797017245353023, 1.8793243758286102, 1.878278889233553, 1.8769986342780198, 1.8780095637599123, 1.876075865347174, 1.8772402111488053, 1.8760309068462517, 1.8774789511402952, 1.8775911285907407, 1.8769602669945247, 1.8767233196693132, 1.8775777213181122, 1.8755768824227248, 1.87559762182115, 1.8753815708281119, 1.8762953009786485, 1.8768533860580832, 1.8748011830486828, 1.8748409235024754, 1.874812584889086, 1.8754291609872746, 1.876526514186135, 1.875805524331105, 1.8763540394698517, 1.874908192248284, 1.876052841355529, 1.8753635083572775, 1.8754822574084318]}, "valid": {"acc": [0.5140625, 0.58125, 0.6484375, 0.690625, 0.675, 0.7078125, 0.7578125, 0.7296875, 0.78125, 0.7546875, 0.721875, 0.7109375, 0.7375, 0.7453125, 0.765625, 0.778125, 0.76875, 0.7671875, 0.7515625, 0.74375, 0.7515625, 0.7625, 0.7671875, 0.76875, 0.7578125, 0.7890625, 0.7671875, 0.7828125, 0.7421875, 0.771875, 0.7484375, 0.759375, 0.7546875, 0.7875, 0.7984375, 0.8109375, 0.796875, 0.7875, 0.796875, 0.778125, 0.7875, 0.79375, 0.8109375, 0.8015625, 0.78125, 0.790625, 0.803125, 0.7984375, 0.8078125, 0.79375, 0.8171875, 0.8109375, 0.7984375, 0.81875, 0.809375, 0.8109375, 0.8171875, 0.7921875, 0.8015625, 0.825, 0.7953125, 0.8078125, 0.8015625, 0.815625, 0.778125, 0.79375, 0.8171875, 0.81875, 0.8171875, 0.815625, 0.815625, 0.7984375, 0.803125, 0.803125, 0.80625, 0.80625, 0.8171875, 0.821875, 0.8203125, 0.809375, 0.8234375, 0.809375, 0.821875, 0.8015625, 0.796875, 0.8015625, 0.80625, 0.7953125, 0.8046875, 0.8109375, 0.809375, 0.8078125, 0.8125, 0.8046875, 0.809375, 0.809375, 0.8171875, 0.815625, 0.815625, 0.8171875, 0.8125, 0.8109375, 0.8140625, 0.80625, 0.8203125, 0.8203125, 0.8234375, 0.8140625, 0.815625, 0.81875, 0.821875, 0.815625, 0.8140625, 0.8140625, 0.821875, 0.825, 0.8140625, 0.821875, 0.815625, 0.8140625, 0.81875, 0.8140625, 0.8140625, 0.81875, 0.8078125, 0.815625, 0.8171875, 0.8171875, 0.8203125, 0.81875, 0.8125, 0.815625, 0.8171875, 0.815625, 0.8125, 0.8125, 0.8140625, 0.8140625, 0.8109375, 0.8125, 0.8125, 0.8125, 0.8171875, 0.815625, 0.815625, 0.81875, 0.8171875, 0.8171875, 0.81875, 0.8171875],