{"train": {"acc": [0.5279296875, 0.64296875, 0.6525390625, 0.713671875, 0.6951171875, 0.7177734375, 0.7322265625, 0.7337890625, 0.740625, 0.740625, 0.7576171875, 0.7677734375, 0.7611328125, 0.7634765625, 0.771875, 0.762890625, 0.776953125, 0.784765625, 0.7830078125, 0.7861328125, 0.7875, 0.7919921875, 0.7970703125, 0.8017578125, 0.8017578125, 0.8044921875, 0.8103515625, 0.8076171875, 0.7984375, 0.7962890625, 0.7984375, 0.81328125, 0.807421875, 0.8087890625, 0.8123046875, 0.826171875, 0.825, 0.825, 0.8267578125, 0.835546875, 0.8345703125, 0.829296875, 0.8376953125, 0.83515625, 0.830859375, 0.8296875, 0.8322265625, 0.848828125, 0.8482421875, 0.8537109375, 0.85390625, 0.8513671875, 0.85859375, 0.8626953125, 0.86171875, 0.87109375, 0.871875, 0.866796875, 0.8748046875, 0.87734375, 0.8798828125, 0.8798828125, 0.88359375, 0.8919921875, 0.8908203125, 0.887109375, 0.8958984375, 0.8923828125, 0.8923828125, 0.8986328125, 0.9015625, 0.90625, 0.90390625, 0.9076171875, 0.908203125, 0.90859375, 0.9134765625, 0.9126953125, 0.916015625, 0.9171875, 0.9201171875, 0.9166015625, 0.922265625, 0.9185546875, 0.922265625, 0.9216796875, 0.925, 0.922265625, 0.92734375, 0.9267578125, 0.9291015625, 0.929296875, 0.929296875, 0.93203125, 0.9314453125, 0.9314453125, 0.9318359375, 0.9337890625, 0.934765625, 0.933984375, 0.9380859375, 0.9373046875, 0.93671875, 0.93828125, 0.9373046875, 0.93984375, 0.9404296875, 0.941796875, 0.9419921875, 0.9416015625, 0.9419921875, 0.9404296875, 0.9431640625, 0.94375, 0.9439453125, 0.94453125, 0.9419921875, 0.9439453125, 0.9439453125, 0.944140625, 0.943359375, 0.9443359375, 0.94609375, 0.945703125, 0.94609375, 0.94609375, 0.94609375, 0.9455078125, 0.945703125, 0.945703125, 0.9455078125, 0.9458984375, 0.946875, 0.946875, 0.946875, 0.946484375, 0.9458984375, 0.948046875, 0.946484375, 0.946875, 0.947265625, 0.9474609375, 0.9474609375, 0.9466796875, 0.9470703125, 0.94765625, 0.947265625, 0.9482421875, 0.94765625, 0.9478515625], "loss": [2.593506885480277, 2.3873326355897926, 2.3724251065073134, 2.2729727980456773, 2.3021878230420847, 2.2650524694708327, 2.2418149030661283, 2.240472544597674, 2.2307125827934167, 2.2264295046842553, 2.201697334458556, 2.1834873504276517, 2.193120254745966, 2.1889627824855755, 2.1772817705250995, 2.188528323475319, 2.168073616450346, 2.1540204663819904, 2.1576519585862943, 2.1519795097882235, 2.1484209963037997, 2.1407344477086125, 2.136297894429557, 2.127406630334975, 2.12694545788101, 2.1228965535948547, 2.1147480690026583, 2.118513520759872, 2.1331541010096102, 2.13809825046153, 2.1348282415655593, 2.109700646581529, 2.1186633879625343, 2.117658050754402, 2.1114708290824407, 2.086043937296807, 2.0915231312377545, 2.0887125987040847, 2.085713060596321, 2.0693394066412236, 2.071960907948168, 2.081553021563759, 2.0699879413918603, 2.072297487077834, 2.078595657891865, 2.079446450064454, 2.0766502241545086, 2.0518914627123483, 2.0505952895442143, 2.0418623700926575, 2.0430744961847234, 2.0475975018513353, 2.0341732290726675, 2.026986663854575, 2.0301312057277823, 2.013216915009897, 2.0134728437737572, 2.0204939298991915, 2.007998261270644, 2.0020999003060256, 1.9986081576045556, 1.9991817595083503, 1.9947914624515968, 1.9793886066992072, 1.9793412066713165, 1.986596499817281, 1.972219402277017, 1.9777499874935875, 1.9772819174995906, 1.969795528846451, 1.964713433120824, 1.9558986410309998, 1.9604319681095173, 1.953424044802219, 1.9533709212194514, 1.953609217571307, 1.9440884484520442, 1.9455895740774614, 1.9398358049271982, 1.9375350128246258, 1.9328677805164192, 1.937566392029388, 1.9287071484553664, 1.9351387159733833, 1.9292778712284715, 1.9301925897598267, 1.9245555868631676, 1.9284920737713198, 1.9212601365922373, 1.9217539256132101, 1.917983201485646, 1.9176341099075125, 1.917337582081179, 1.9130335020113596, 1.9146261607544333, 1.913837398154826, 1.9138962724540807, 1.910414932649347, 1.9090675719176666, 1.9092804721639127, 1.9033059364632716, 1.9047498718092712, 1.904882005498379, 1.9026650763765167, 1.9033956844595414, 1.9002121083344086, 1.8986044397836999, 1.8972389003898524, 1.8973403535311735, 1.8975067515916462, 1.8969390724278703, 1.8986502765100213, 1.894715194460712, 1.8933656608002096, 1.8935410946230344, 1.8923181370843816, 1.8958629535723337, 1.8932806932473485, 1.8931283317034757, 1.8925230578531194, 1.8939191314238537, 1.891840774801713, 1.8905716772320904, 1.8906947736498676, 1.8900195088567613, 1.8897884586189366, 1.8892530278314519, 1.8910190742227095, 1.8903998091251035, 1.8900402708898616, 1.8911184359200393, 1.8905601410926143, 1.8883703177488302, 1.8885656897025773, 1.8885961967178537, 1.8892808367934408, 1.889152030401592, 1.886664936814127, 1.8894310057917727, 1.8883865573738194, 1.8876205456407764, 1.8872125767454315, 1.8873841143861603, 1.8889004550402677, 1.8887555629392214, 1.8870381931715374, 1.8874431486371197, 1.886841079856776, 1.887758277639558, 1.886950455134428]}, "valid": {"acc": [0.5546875, 0.60625, 0.6453125, 0.6578125, 0.6625, 0.721875, 0.7203125, 0.646875, 0.7234375, 0.7234375, 0.74375, 0.7515625, 0.7484375, 0.7546875, 0.753125, 0.75625, 0.78125, 0.7625, 0.7734375, 0.74375, 0.7171875, 0.775, 0.7640625, 0.784375, 0.7453125, 0.75625, 0.7734375, 0.7671875, 0.7515625, 0.7734375, 0.775, 0.76875, 0.7578125, 0.7671875, 0.7640625, 0.7828125, 0.7859375, 0.7890625, 0.7859375, 0.7859375, 0.778125, 0.7734375, 0.775, 0.7875, 0.7765625, 0.7734375, 0.78125, 0.8, 0.78125, 0.7890625, 0.7875, 0.771875, 0.784375, 0.7953125, 0.8109375, 0.7921875, 0.7921875, 0.7828125, 0.80625, 0.7765625, 0.821875, 0.8046875, 0.8109375, 0.796875, 0.803125, 0.803125, 0.815625, 0.784375, 0.8078125, 0.784375, 0.8140625, 0.8125, 0.809375, 0.7984375, 0.8125, 0.803125, 0.815625, 0.8234375, 0.8109375, 0.8125, 0.821875, 0.8109375, 0.8078125, 0.8, 0.8171875, 0.815625, 0.80625, 0.80625, 0.8109375, 0.80625, 0.8140625, 0.803125, 0.8171875, 0.796875, 0.8046875, 0.8015625, 0.809375, 0.80625, 0.8046875, 0.7953125, 0.7984375, 0.8015625, 0.8140625, 0.8203125, 0.828125, 0.825, 0.821875, 0.828125, 0.8234375, 0.8125, 0.8203125, 0.821875, 0.8234375, 0.815625, 0.81875, 0.815625, 0.8140625, 0.809375, 0.8109375, 0.8125, 0.8078125, 0.8109375, 0.815625, 0.8171875, 0.821875, 0.815625, 0.815625, 0.809375, 0.81875, 0.8140625, 0.8125, 0.8140625, 0.8109375, 0.815625, 0.8125, 0.815625, 0.815625, 0.8171875, 0.8140625, 0.815625, 0.8140625, 0.8171875, 0.8140625, 0.8171875, 0.8171875, 0.815625, 0.8140625, 0.8171875, 0.8140625, 0.815625],