{"train": {"acc": [0.5283203125, 0.641796875, 0.673828125, 0.6953125, 0.716015625, 0.7314453125, 0.752734375, 0.7466796875, 0.7453125, 0.755859375, 0.7609375, 0.7701171875, 0.7685546875, 0.7689453125, 0.77890625, 0.7666015625, 0.782421875, 0.7763671875, 0.791015625, 0.791015625, 0.8013671875, 0.7916015625, 0.797265625, 0.7986328125, 0.7939453125, 0.8046875, 0.8017578125, 0.7994140625, 0.8017578125, 0.815234375, 0.805859375, 0.809375, 0.800390625, 0.8091796875, 0.803515625, 0.81328125, 0.7908203125, 0.8037109375, 0.8099609375, 0.819140625, 0.8130859375, 0.81484375, 0.830859375, 0.82109375, 0.8330078125, 0.84375, 0.8470703125, 0.841796875, 0.8529296875, 0.8568359375, 0.8509765625, 0.8447265625, 0.8521484375, 0.8599609375, 0.859375, 0.870703125, 0.873046875, 0.876171875, 0.87421875, 0.8763671875, 0.8810546875, 0.8876953125, 0.8833984375, 0.887890625, 0.891015625, 0.8857421875, 0.8857421875, 0.887109375, 0.8875, 0.886328125, 0.8888671875, 0.8998046875, 0.8955078125, 0.896875, 0.896484375, 0.9033203125, 0.90625, 0.908984375, 0.9107421875, 0.9119140625, 0.912109375, 0.9078125, 0.9138671875, 0.921875, 0.9177734375, 0.9189453125, 0.922265625, 0.92421875, 0.9259765625, 0.9255859375, 0.9259765625, 0.9287109375, 0.925390625, 0.9271484375, 0.9291015625, 0.9330078125, 0.9306640625, 0.9330078125, 0.9333984375, 0.933984375, 0.933984375, 0.9318359375, 0.933984375, 0.934765625, 0.934765625, 0.93671875, 0.9375, 0.93828125, 0.9365234375, 0.93671875, 0.93828125, 0.9375, 0.9396484375, 0.9380859375, 0.940625, 0.9392578125, 0.9392578125, 0.939453125, 0.93984375, 0.940234375, 0.941015625, 0.94140625, 0.9421875, 0.9412109375, 0.942578125, 0.941796875, 0.9423828125, 0.9431640625, 0.9423828125, 0.94296875, 0.9423828125, 0.9431640625, 0.9443359375, 0.94296875, 0.9439453125, 0.9439453125, 0.94375, 0.9439453125, 0.9435546875, 0.94375, 0.9435546875, 0.9447265625, 0.9423828125, 0.9439453125, 0.944140625, 0.9431640625, 0.944921875, 0.94453125, 0.944921875, 0.9439453125], "loss": [2.590201039857502, 2.3904201803328116, 2.3342349649984624, 2.2994291631481314, 2.2700772436359262, 2.2397736310958862, 2.2102670941171767, 2.2167124370985394, 2.219642186466652, 2.2019243225266663, 2.1944167206559, 2.1787083948714825, 2.1815468465225605, 2.1825262443928777, 2.164708315571652, 2.1838646327392963, 2.1613101551804363, 2.167758158490628, 2.1454114053822773, 2.1457140038285076, 2.128383920162539, 2.1462321930293795, 2.134455599362337, 2.131679975533787, 2.1396064547043814, 2.124116129513028, 2.1295923070062566, 2.131269589255128, 2.1265451606315904, 2.103965812091586, 2.1194016284580472, 2.1164249211927, 2.12996600851228, 2.1150710280937486, 2.1234518817708463, 2.1098552791378165, 2.146500267559969, 2.1222449269475816, 2.112885416308536, 2.0985792030262043, 2.1100053047832055, 2.104187657561483, 2.0773077388352985, 2.0953504556342017, 2.0765200279936007, 2.0578813507587097, 2.052293849896781, 2.06009516534926, 2.043963688838331, 2.03635296489619, 2.045957962168923, 2.056317557262469, 2.0451330293582966, 2.030352948587152, 2.0320807378503343, 2.01472711864906, 2.0101951662498183, 2.0060915494266944, 2.00838875619671, 2.004832088192807, 1.9987467602838445, 1.9857380465616155, 1.9939313176312023, 1.9874434561669072, 1.980128890351404, 1.9893761903424807, 1.9888797922979427, 1.9865687014181403, 1.9866166597680202, 1.9863194181949277, 1.9833834216564517, 1.9666358353216438, 1.9716592574421363, 1.9707911769046058, 1.971221634104282, 1.959586799899234, 1.9543037414550781, 1.9513738502430011, 1.9473302002194561, 1.945900814442695, 1.9448768504058258, 1.9526335136799873, 1.9434767101384416, 1.9302272253398653, 1.9356227871737903, 1.9344277985488312, 1.9292691568785076, 1.9265744007086452, 1.9246898014334184, 1.9246457528464402, 1.922043030775046, 1.9182976816273942, 1.922789086269427, 1.9205919473986082, 1.9170981087262118, 1.9115286612812477, 1.9150520487676692, 1.9109622390964363, 1.9108478374119047, 1.9102554366558413, 1.9099430539939977, 1.9123040618775766, 1.909768729270259, 1.9088387051715126, 1.908908572378038, 1.9046173186241826, 1.9038010156607326, 1.90226379829117, 1.9049049962925007, 1.9046119149727156, 1.903244665906399, 1.9030503200579294, 1.9003076900409748, 1.9029397557053385, 1.8989475950410095, 1.9006252666062946, 1.9014091597327702, 1.8999797060519834, 1.8996581804903248, 1.899240723139123, 1.8980247566971598, 1.8973894239980964, 1.8959954403623749, 1.8973636521568782, 1.8960703234129315, 1.8968507126916814, 1.8954947824719586, 1.8946682546712175, 1.896229464796525, 1.894604811185523, 1.8950478215760822, 1.8944694920431209, 1.8926360214812845, 1.8946056260338313, 1.8928405167181281, 1.8931724165059343, 1.8938381822803352, 1.8932530532909344, 1.8947181777109074, 1.8935873523543152, 1.8935455249834665, 1.8915300580519665, 1.8955643810803378, 1.8927316077147858, 1.8924113949642907, 1.8940429506422598, 1.8921747781053375, 1.8919720906245558, 1.891706433477281, 1.893100091173679]}, "valid": {"acc": [0.4765625, 0.5234375, 0.690625, 0.6890625, 0.6796875, 0.684375, 0.7109375, 0.7234375, 0.6734375, 0.7546875, 0.7546875, 0.7578125, 0.740625, 0.7515625, 0.7296875, 0.759375, 0.7609375, 0.7609375, 0.7265625, 0.7625, 0.765625, 0.75625, 0.7796875, 0.7875, 0.778125, 0.784375, 0.78125, 0.759375, 0.775, 0.775, 0.7828125, 0.71875, 0.7578125, 0.76875, 0.7671875, 0.696875, 0.753125, 0.74375, 0.7875, 0.790625, 0.7640625, 0.7984375, 0.79375, 0.771875, 0.7953125, 0.7984375, 0.796875, 0.7953125, 0.803125, 0.7890625, 0.771875, 0.790625, 0.7671875, 0.7671875, 0.7734375, 0.8, 0.7875, 0.796875, 0.80625, 0.7875, 0.803125, 0.7953125, 0.7890625, 0.7875, 0.803125, 0.796875, 0.7890625, 0.8, 0.7953125, 0.7625, 0.796875, 0.79375, 0.7875, 0.7859375, 0.7953125, 0.7984375, 0.796875, 0.7921875, 0.8, 0.796875, 0.796875, 0.7890625, 0.803125, 0.790625, 0.7953125, 0.7953125, 0.8015625, 0.790625, 0.7984375, 0.7984375, 0.8046875, 0.7984375, 0.7890625, 0.7953125, 0.803125, 0.8046875, 0.8, 0.803125, 0.8078125, 0.8046875, 0.8, 0.803125, 0.8046875, 0.8109375, 0.8171875, 0.81875, 0.825, 0.809375, 0.8078125, 0.8125, 0.8109375, 0.803125, 0.8109375, 0.8171875, 0.815625, 0.8046875, 0.803125, 0.8015625, 0.8109375, 0.8125, 0.809375, 0.8, 0.803125, 0.8078125, 0.8046875, 0.8046875, 0.8109375, 0.8109375, 0.8109375, 0.803125, 0.8140625, 0.8078125, 0.8046875, 0.803125, 0.8078125, 0.80625, 0.8078125, 0.80625, 0.8125, 0.8109375, 0.8140625, 0.8140625, 0.8125, 0.809375, 0.8109375, 0.8109375, 0.809375, 0.8140625, 0.809375, 0.8078125],