{"train": {"acc": [0.544140625, 0.6767578125, 0.70703125, 0.735546875, 0.7462890625, 0.7564453125, 0.7802734375, 0.7865234375, 0.79453125, 0.8052734375, 0.815625, 0.8166015625, 0.8302734375, 0.82578125, 0.836328125, 0.84296875, 0.8478515625, 0.8482421875, 0.8611328125, 0.8654296875, 0.87578125, 0.8720703125, 0.875, 0.8654296875, 0.880078125, 0.882421875, 0.8830078125, 0.884375, 0.9005859375, 0.896484375, 0.898828125, 0.903515625, 0.8982421875, 0.9083984375, 0.9126953125, 0.90625, 0.91328125, 0.9169921875, 0.915625, 0.9201171875, 0.9267578125, 0.9208984375, 0.9236328125, 0.9248046875, 0.9255859375, 0.9244140625, 0.9314453125, 0.93125, 0.933203125, 0.933984375, 0.9328125, 0.9314453125, 0.937109375, 0.9359375, 0.934375, 0.93828125, 0.9419921875, 0.940625, 0.9400390625, 0.939453125, 0.945703125, 0.945703125, 0.9419921875, 0.9447265625, 0.944921875, 0.950390625, 0.95078125, 0.9517578125, 0.953125, 0.953125, 0.9521484375, 0.9533203125, 0.9548828125, 0.95546875, 0.955859375, 0.956640625, 0.955859375, 0.95703125, 0.959375, 0.9599609375, 0.958984375, 0.958203125, 0.958203125, 0.959375, 0.958203125, 0.960546875, 0.961328125, 0.962109375, 0.9626953125, 0.9625, 0.9640625, 0.9630859375, 0.961328125, 0.963671875, 0.9638671875, 0.9638671875, 0.9640625, 0.9634765625, 0.9642578125, 0.9640625, 0.9642578125, 0.96484375, 0.9658203125, 0.965234375, 0.96640625, 0.966796875, 0.9658203125, 0.9658203125, 0.9646484375, 0.9666015625, 0.9669921875, 0.9673828125, 0.967578125, 0.9671875, 0.9671875, 0.9669921875, 0.96796875, 0.966796875, 0.967578125, 0.9681640625, 0.96875, 0.9689453125, 0.968359375, 0.96875, 0.9677734375, 0.9685546875, 0.96875, 0.9689453125, 0.9693359375, 0.9689453125, 0.9693359375, 0.9693359375, 0.9689453125, 0.968359375, 0.96953125, 0.969921875, 0.9689453125, 0.969921875, 0.969140625, 0.9693359375, 0.969921875, 0.969921875, 0.970703125, 0.9705078125, 0.969921875, 0.96875, 0.9703125, 0.9701171875, 0.9689453125, 0.969140625], "loss": [2.5895914216584797, 2.3324942588806152, 2.280273636685142, 2.2390478140191186, 2.2194372762607624, 2.200910447519037, 2.163531564459016, 2.15326385558406, 2.1386640418933918, 2.123323665389532, 2.1047844554804547, 2.1027000191845473, 2.0815324783325195, 2.084952982166145, 2.0698003844369817, 2.0605942554111722, 2.051810068420217, 2.0499068649509287, 2.029546226127238, 2.0241781925853295, 2.0067926826356333, 2.0114940555789804, 2.0077915689613244, 2.0233698977699763, 1.9974820825118054, 1.9947915484633627, 1.9932799128037464, 1.9924454296691507, 1.9673892621752582, 1.9731571176384068, 1.9658707229396966, 1.9609499294546586, 1.9708934992174558, 1.9498120848136613, 1.944336998311779, 1.9551455793501455, 1.9443000871923906, 1.9374041195157208, 1.9405058260205426, 1.9320708875414692, 1.92231871357447, 1.9318994525112683, 1.926222792154626, 1.9239979605131512, 1.9234198467640937, 1.924771002576321, 1.9138100449042985, 1.9147903496706034, 1.9109463767160344, 1.9108277891255632, 1.911798457556133, 1.9124333617053455, 1.9048855817770656, 1.906203779993178, 1.9085464824604084, 1.9022547006607056, 1.8964487570750563, 1.8984519695933861, 1.898352026939392, 1.8999267484568343, 1.8912265089493763, 1.8917697185202489, 1.896705162676075, 1.8915842092489894, 1.892589114889314, 1.8837792254701446, 1.8817846820324282, 1.880842314490789, 1.8783837149414835, 1.8782385557512693, 1.8800372443621671, 1.8773046520691883, 1.8758571344085886, 1.8744730300541166, 1.8725070938279358, 1.8724424175069303, 1.8734230995178223, 1.8712357810780973, 1.8680267017098922, 1.8669592987132977, 1.8683092352710193, 1.8689804167687138, 1.8691243310517902, 1.8683755548694465, 1.8695547701437263, 1.8661041848267181, 1.8648615185218522, 1.863461041752296, 1.8624721403363385, 1.8626272874542429, 1.8601355567763123, 1.8615111912353128, 1.8641426623622073, 1.8610407853428321, 1.8604435317123993, 1.860351189782348, 1.8598456126225145, 1.8608386290224292, 1.8593094922319244, 1.8593441730813136, 1.8593841021573996, 1.8586494771740105, 1.8573943406720705, 1.8581086216093619, 1.856059951118276, 1.8549745263932627, 1.8571284149266496, 1.8565245519710492, 1.8586269783068308, 1.8553224485131758, 1.8552131848999216, 1.8540233947053741, 1.8537803103652182, 1.8547540193871608, 1.8549505426913877, 1.8546526130241683, 1.8532939560805695, 1.8549877208999441, 1.8540844977656497, 1.852755757826793, 1.852094721190537, 1.8515267115605027, 1.8521633646156215, 1.8519912580900555, 1.8534394910063925, 1.852755480174777, 1.8519577331180814, 1.851554582390604, 1.850907997239994, 1.8519835472106934, 1.85089226463173, 1.8512549264521538, 1.8516164489939242, 1.8522750818276708, 1.850800429718404, 1.850185263005993, 1.8518751633318165, 1.849779690368266, 1.851249847231032, 1.8509350939642024, 1.850136853471587, 1.8497022616712353, 1.8490015781378444, 1.8492797130270848, 1.850128831742685, 1.8514678508420535, 1.8495204991932157, 1.8500538008122505, 1.8520044435428669, 1.8511138716830482]}, "valid": {"acc": [0.590625, 0.6703125, 0.6828125, 0.6984375, 0.7515625, 0.7515625, 0.753125, 0.765625, 0.7640625, 0.7796875, 0.7453125, 0.790625, 0.7765625, 0.8078125, 0.784375, 0.7640625, 0.7703125, 0.7890625, 0.79375, 0.7953125, 0.784375, 0.790625, 0.7984375, 0.7859375, 0.7984375, 0.80625, 0.80625, 0.7984375, 0.775, 0.7734375, 0.790625, 0.7890625, 0.78125, 0.7875, 0.8171875, 0.7953125, 0.8046875, 0.79375, 0.8140625, 0.7859375, 0.7953125, 0.78125, 0.8140625, 0.8078125, 0.8078125, 0.8, 0.7921875, 0.790625, 0.809375, 0.775, 0.7921875, 0.7984375, 0.8046875, 0.809375, 0.8015625, 0.8015625, 0.790625, 0.809375, 0.7890625, 0.7921875, 0.803125, 0.7921875, 0.7890625, 0.790625, 0.80625, 0.8109375, 0.803125, 0.8015625, 0.7984375, 0.803125, 0.7921875, 0.803125, 0.803125, 0.8109375, 0.8125, 0.8046875, 0.7953125, 0.8109375, 0.7984375, 0.8140625, 0.796875, 0.8, 0.8015625, 0.79375, 0.803125, 0.8046875, 0.8, 0.796875, 0.8046875, 0.8046875, 0.790625, 0.8, 0.7921875, 0.8078125, 0.7984375, 0.80625, 0.8046875, 0.7921875, 0.79375, 0.8, 0.8, 0.7953125, 0.7875, 0.7890625, 0.8, 0.8, 0.8, 0.7921875, 0.79375, 0.796875, 0.79375, 0.7953125, 0.7984375, 0.8015625, 0.8046875, 0.79375, 0.7953125, 0.7921875, 0.7984375, 0.796875, 0.803125, 0.8015625, 0.7953125, 0.8, 0.796875, 0.79375, 0.7953125, 0.8, 0.8, 0.8015625, 0.8015625, 0.8015625, 0.809375, 0.7984375, 0.8015625, 0.8046875, 0.8, 0.8015625, 0.7984375, 0.8015625, 0.803125, 0.8015625, 0.8109375, 0.796875, 0.8078125, 0.803125, 0.8046875, 0.803125, 0.803125, 0.803125],