{"train": {"acc": [0.5341796875, 0.628515625, 0.6837890625, 0.7076171875, 0.7181640625, 0.7310546875, 0.7349609375, 0.7361328125, 0.758203125, 0.761328125, 0.7630859375, 0.7638671875, 0.7677734375, 0.76796875, 0.7744140625, 0.7892578125, 0.77265625, 0.7931640625, 0.7787109375, 0.79140625, 0.7873046875, 0.794921875, 0.7966796875, 0.8099609375, 0.7982421875, 0.8115234375, 0.8173828125, 0.8193359375, 0.8056640625, 0.80625, 0.80390625, 0.8271484375, 0.8310546875, 0.8259765625, 0.8240234375, 0.83125, 0.8302734375, 0.8388671875, 0.844921875, 0.84375, 0.843359375, 0.841015625, 0.8455078125, 0.855859375, 0.8525390625, 0.8611328125, 0.8609375, 0.8654296875, 0.8630859375, 0.8626953125, 0.8712890625, 0.8650390625, 0.8794921875, 0.8771484375, 0.873828125, 0.8755859375, 0.8798828125, 0.883203125, 0.8865234375, 0.887890625, 0.89140625, 0.8921875, 0.8908203125, 0.890625, 0.8978515625, 0.896875, 0.898828125, 0.9048828125, 0.9037109375, 0.905078125, 0.909765625, 0.9099609375, 0.907421875, 0.9095703125, 0.9158203125, 0.9123046875, 0.916796875, 0.9173828125, 0.9224609375, 0.9228515625, 0.923046875, 0.921875, 0.917578125, 0.921484375, 0.9267578125, 0.9240234375, 0.92734375, 0.9275390625, 0.9298828125, 0.93046875, 0.9328125, 0.9337890625, 0.9345703125, 0.9353515625, 0.935546875, 0.9388671875, 0.9373046875, 0.93828125, 0.93671875, 0.9376953125, 0.937890625, 0.9376953125, 0.93984375, 0.940234375, 0.9412109375, 0.9408203125, 0.9443359375, 0.9435546875, 0.942578125, 0.9439453125, 0.9435546875, 0.94453125, 0.944921875, 0.9451171875, 0.9470703125, 0.94765625, 0.946484375, 0.947265625, 0.947265625, 0.9484375, 0.9490234375, 0.9484375, 0.948828125, 0.948828125, 0.948828125, 0.9486328125, 0.9498046875, 0.9501953125, 0.9505859375, 0.95078125, 0.9498046875, 0.95, 0.9498046875, 0.9505859375, 0.95, 0.95078125, 0.9521484375, 0.95078125, 0.9517578125, 0.9517578125, 0.9517578125, 0.9505859375, 0.9513671875, 0.9515625, 0.951953125, 0.9517578125, 0.9515625, 0.950390625, 0.9521484375, 0.9517578125], "loss": [2.586770404743243, 2.4130771039407466, 2.3232234882403024, 2.2827731325656555, 2.264982286887833, 2.242653662645364, 2.235551716406134, 2.234990691836876, 2.200848389275466, 2.1924417652661288, 2.1897564221032058, 2.19160797022566, 2.18269532088992, 2.1825197467321082, 2.1713261272333844, 2.1477069915095464, 2.1735908230648766, 2.1414751025694834, 2.1656547166124174, 2.144624779496012, 2.1507783871662767, 2.1375721798667424, 2.13475258440911, 2.115684928773325, 2.132245413864715, 2.1109457378146015, 2.101472365705273, 2.0967361866673335, 2.120179057121277, 2.118145907981486, 2.1221357418012015, 2.0858191613909565, 2.0800256819664678, 2.085153392598599, 2.088027026079878, 2.0779469722433936, 2.08007764967182, 2.0683021288883836, 2.0563794133029405, 2.0582774877548218, 2.0587103457390508, 2.062093537065047, 2.0556806748426415, 2.040354908267154, 2.04319523557832, 2.0306712404082092, 2.029389206367203, 2.0225483435618727, 2.025337460674817, 2.0265103125874, 2.0114390925516057, 2.024132438852817, 2.0006421683709834, 2.0041991215717943, 2.0091869604738455, 2.0050399424154546, 1.9978523058227347, 1.9925188731543626, 1.986112940160534, 1.9869020105917243, 1.9792315446877782, 1.9782033540025543, 1.9801187213463118, 1.9802370886259442, 1.9695106382611431, 1.9709848195691653, 1.966955788527863, 1.958052605013304, 1.959402633618705, 1.9565519864046121, 1.950217898887924, 1.94759707360328, 1.9517252233963978, 1.9498034066791776, 1.9383589783801307, 1.9449105670180502, 1.9377510215662703, 1.9373711211771905, 1.9279259216936329, 1.9286543281772468, 1.927233169350443, 1.9294348698628099, 1.9358751155153107, 1.9298445046702517, 1.9216264305235464, 1.9261824028401435, 1.9204202784767634, 1.920628110064736, 1.916226011288317, 1.915936074679411, 1.911583138417594, 1.9100717411765569, 1.9089223719850372, 1.907246115841443, 1.9066075539287133, 1.9025060451483424, 1.9053265580648109, 1.9028141936169396, 1.9042812842357009, 1.9030377517772625, 1.9031677683697472, 1.9039381516130665, 1.9004795189145245, 1.8985828885549232, 1.8976129308531555, 1.8981658159932004, 1.8933509724049629, 1.8942442242103288, 1.8962024103237103, 1.8940429068818878, 1.8939534139029588, 1.8920060003860086, 1.8921629748766935, 1.8915577447867091, 1.8891080723533147, 1.8875713529466074, 1.8887608534173121, 1.8876624378976943, 1.8878106210805192, 1.8858430853372887, 1.885336230072794, 1.886171597468702, 1.8852438730529593, 1.8853771339488934, 1.8852352733853497, 1.8857227201703228, 1.8842602560791788, 1.8832503421397149, 1.882279715960539, 1.8827357654330097, 1.8839251874368401, 1.8826460340355016, 1.883212451693378, 1.8822373845909215, 1.883292641820787, 1.8813662151747113, 1.8805684560461888, 1.8820883744879613, 1.8804408402382573, 1.8803360130213485, 1.8805980018422574, 1.8822368504125861, 1.8813552298123324, 1.8806509820720818, 1.8802588559404205, 1.8803509700147412, 1.8809328969520858, 1.8815981843803502, 1.8803595002693465, 1.8804797341551962]}, "valid": {"acc": [0.4890625, 0.59375, 0.7078125, 0.6703125, 0.734375, 0.715625, 0.7265625, 0.7421875, 0.7734375, 0.734375, 0.7140625, 0.59375, 0.6703125, 0.7484375, 0.7859375, 0.775, 0.7640625, 0.76875, 0.76875, 0.7640625, 0.7609375, 0.765625, 0.7671875, 0.7765625, 0.775, 0.7484375, 0.775, 0.7640625, 0.775, 0.7828125, 0.76875, 0.784375, 0.778125, 0.7921875, 0.7859375, 0.7796875, 0.796875, 0.8046875, 0.79375, 0.7890625, 0.79375, 0.7875, 0.7984375, 0.790625, 0.7984375, 0.8140625, 0.7875, 0.8109375, 0.815625, 0.7953125, 0.8078125, 0.796875, 0.8, 0.809375, 0.809375, 0.8109375, 0.809375, 0.7953125, 0.8, 0.8140625, 0.8046875, 0.8140625, 0.8078125, 0.8046875, 0.8171875, 0.8140625, 0.8140625, 0.8140625, 0.825, 0.815625, 0.815625, 0.809375, 0.809375, 0.809375, 0.8171875, 0.815625, 0.815625, 0.8234375, 0.8375, 0.80625, 0.815625, 0.825, 0.80625, 0.821875, 0.8125, 0.8125, 0.8015625, 0.815625, 0.803125, 0.8109375, 0.815625, 0.815625, 0.80625, 0.8203125, 0.8171875, 0.8203125, 0.81875, 0.8140625, 0.8171875, 0.825, 0.8203125, 0.8203125, 0.828125, 0.821875, 0.8328125, 0.834375, 0.8375, 0.825, 0.815625, 0.825, 0.8140625, 0.8234375, 0.8328125, 0.83125, 0.83125, 0.821875, 0.8234375, 0.821875, 0.8234375, 0.8234375, 0.81875, 0.8125, 0.81875, 0.8171875, 0.815625, 0.83125, 0.821875, 0.821875, 0.828125, 0.8265625, 0.8203125, 0.821875, 0.8078125, 0.8234375, 0.8265625, 0.8234375, 0.81875, 0.821875, 0.81875, 0.821875, 0.8203125, 0.8265625, 0.815625, 0.8203125, 0.8140625, 0.821875, 0.821875, 0.8203125, 0.8203125, 0.8203125],