{"train": {"acc": [0.5611328125, 0.63671875, 0.68203125, 0.7046875, 0.7154296875, 0.744921875, 0.725390625, 0.746484375, 0.7587890625, 0.7482421875, 0.762890625, 0.771484375, 0.7775390625, 0.787109375, 0.7771484375, 0.78515625, 0.7794921875, 0.7931640625, 0.7994140625, 0.7962890625, 0.796875, 0.794921875, 0.7951171875, 0.7990234375, 0.80625, 0.7974609375, 0.8150390625, 0.7998046875, 0.807421875, 0.81015625, 0.826171875, 0.83359375, 0.8421875, 0.8396484375, 0.8216796875, 0.83359375, 0.8265625, 0.84140625, 0.8419921875, 0.841015625, 0.834765625, 0.8416015625, 0.8544921875, 0.84609375, 0.851953125, 0.8685546875, 0.8703125, 0.863671875, 0.86640625, 0.8615234375, 0.870703125, 0.86015625, 0.86640625, 0.87421875, 0.8736328125, 0.877734375, 0.8822265625, 0.8853515625, 0.8884765625, 0.8873046875, 0.89609375, 0.8974609375, 0.8927734375, 0.8998046875, 0.893359375, 0.8982421875, 0.8974609375, 0.904296875, 0.9076171875, 0.9103515625, 0.9109375, 0.91171875, 0.9125, 0.918359375, 0.915625, 0.9150390625, 0.9169921875, 0.9189453125, 0.9240234375, 0.9263671875, 0.92734375, 0.928515625, 0.9302734375, 0.9294921875, 0.9267578125, 0.9302734375, 0.9318359375, 0.9359375, 0.935546875, 0.932421875, 0.9341796875, 0.935546875, 0.935546875, 0.9384765625, 0.9392578125, 0.9412109375, 0.9416015625, 0.943359375, 0.9408203125, 0.94453125, 0.946484375, 0.9447265625, 0.9447265625, 0.946484375, 0.947265625, 0.947265625, 0.948828125, 0.947265625, 0.9494140625, 0.946875, 0.9462890625, 0.9482421875, 0.948046875, 0.95, 0.948046875, 0.9490234375, 0.950390625, 0.9509765625, 0.9515625, 0.951171875, 0.951171875, 0.9505859375, 0.9517578125, 0.9515625, 0.9529296875, 0.952734375, 0.9529296875, 0.95078125, 0.951953125, 0.9517578125, 0.95234375, 0.9521484375, 0.952734375, 0.9521484375, 0.9533203125, 0.9537109375, 0.9525390625, 0.9525390625, 0.9537109375, 0.9533203125, 0.95390625, 0.95390625, 0.9533203125, 0.9537109375, 0.9533203125, 0.951953125, 0.953125, 0.953515625, 0.9537109375, 0.95390625], "loss": [2.5458355402644677, 2.3999868223938763, 2.324700117111206, 2.284611644624155, 2.2675389911555035, 2.221873853780046, 2.2519394053688533, 2.220496358750742, 2.1970921347412884, 2.2157293558120728, 2.1920200178894818, 2.177133493785617, 2.1648980711079853, 2.1506694087499305, 2.1677384059640428, 2.153347765343099, 2.1646262226225454, 2.1404684238795992, 2.130399027957192, 2.13673981382877, 2.1353240133840825, 2.139199297639388, 2.1384658255154574, 2.129940529412861, 2.118311972557744, 2.134280744987198, 2.1046422629416743, 2.130639326723316, 2.116853369942194, 2.113476759270777, 2.0890511470504953, 2.0761879788169377, 2.0609565731845323, 2.06437886666648, 2.0943167043637625, 2.0750290668463407, 2.0846764603747596, 2.06227560737465, 2.0610017670860774, 2.0643151983430115, 2.073999267590197, 2.062419343598281, 2.0418336346179626, 2.054695050927657, 2.0440932421744624, 2.0185078457940984, 2.016193094132822, 2.0242730469643315, 2.0212573099739943, 2.025850042512145, 2.0146467534801626, 2.0329999063588398, 2.0213878531999225, 2.0081128364876855, 2.0081874569760094, 2.001432154752031, 1.995177928405472, 1.9891814415967917, 1.9847293624395057, 1.9846972302545476, 1.9718411089498786, 1.971145727966405, 1.9777637720108032, 1.9657719542708578, 1.9758430115784271, 1.9693108253841158, 1.9687490855591208, 1.9589705557762822, 1.954507394682003, 1.9483363990542255, 1.9472326266614697, 1.946886494189878, 1.943391866321805, 1.9360268191446233, 1.93952444082574, 1.9419071448000171, 1.9381974060324174, 1.9335939039157917, 1.9271347417107112, 1.9218648113781893, 1.921141885503938, 1.9185718162150323, 1.9153079126454606, 1.9176083350483375, 1.921470222593863, 1.915685617471043, 1.913265148295632, 1.9058435280111772, 1.9070537361917617, 1.9126028063931042, 1.9096164265765418, 1.9066810743718208, 1.9066585347622256, 1.901805575889877, 1.9000031978269167, 1.8981210687492467, 1.8968118580081794, 1.8947139344637907, 1.898609472226493, 1.8931205649919147, 1.889340796048128, 1.8912575923943822, 1.8912450497663473, 1.8885063868534715, 1.8880879064149494, 1.8877692086787163, 1.8852288994608046, 1.8873751751984222, 1.8838459132592889, 1.8881203630302525, 1.8885294485695754, 1.8865236315546157, 1.8862180845646919, 1.8833756522287297, 1.8859369739701477, 1.8851529389997073, 1.882273355616799, 1.8817540271372735, 1.8808278132088576, 1.8812152977231182, 1.8816493598720696, 1.8818536936482297, 1.8802492754368842, 1.8799941102160682, 1.878370355956162, 1.8785301552543157, 1.878323837171627, 1.8813825121408776, 1.8795389284061481, 1.8800269818004174, 1.879143099241619, 1.8796979173829285, 1.8782496995563749, 1.8788839820065075, 1.8776687957063507, 1.8769681212268299, 1.8787932924077482, 1.8788908493669727, 1.8763275418100478, 1.877272462543053, 1.8769439307949212, 1.8767226542098612, 1.8778696633592438, 1.8772296452824073, 1.8775405597083177, 1.8789594429957717, 1.8779065322272386, 1.87729518323005, 1.876600111587138, 1.8765827870067162]}, "valid": {"acc": [0.578125, 0.603125, 0.6359375, 0.65625, 0.70625, 0.728125, 0.7203125, 0.7171875, 0.7421875, 0.753125, 0.7578125, 0.78125, 0.7890625, 0.734375, 0.7328125, 0.7515625, 0.76875, 0.8078125, 0.7875, 0.771875, 0.740625, 0.7546875, 0.7671875, 0.765625, 0.759375, 0.778125, 0.7671875, 0.7734375, 0.7453125, 0.7765625, 0.7890625, 0.7828125, 0.78125, 0.7796875, 0.7828125, 0.775, 0.7828125, 0.7953125, 0.790625, 0.7625, 0.778125, 0.7984375, 0.778125, 0.7953125, 0.7859375, 0.7984375, 0.803125, 0.7984375, 0.803125, 0.7953125, 0.778125, 0.790625, 0.8046875, 0.8265625, 0.8046875, 0.825, 0.8125, 0.821875, 0.8234375, 0.815625, 0.8234375, 0.8015625, 0.8140625, 0.815625, 0.809375, 0.8015625, 0.8046875, 0.803125, 0.8078125, 0.796875, 0.7890625, 0.8078125, 0.8015625, 0.8046875, 0.8140625, 0.7875, 0.79375, 0.8109375, 0.8078125, 0.803125, 0.796875, 0.79375, 0.796875, 0.790625, 0.784375, 0.8015625, 0.8015625, 0.8046875, 0.7984375, 0.8015625, 0.7921875, 0.80625, 0.8140625, 0.8, 0.7921875, 0.803125, 0.8046875, 0.8078125, 0.8046875, 0.8109375, 0.8078125, 0.796875, 0.8046875, 0.8046875, 0.803125, 0.80625, 0.8015625, 0.7921875, 0.7953125, 0.79375, 0.7984375, 0.803125, 0.796875, 0.809375, 0.7953125, 0.7984375, 0.803125, 0.8015625, 0.8078125, 0.7984375, 0.8015625, 0.8, 0.7984375, 0.8078125, 0.8046875, 0.7984375, 0.7953125, 0.8, 0.803125, 0.80625, 0.8046875, 0.7984375, 0.8015625, 0.8, 0.803125, 0.7984375, 0.803125, 0.796875, 0.7984375, 0.803125, 0.8015625, 0.8015625, 0.809375, 0.8015625, 0.796875, 0.8015625, 0.803125, 0.796875, 0.796875, 0.796875],