{"train": {"acc": [0.5359375, 0.669140625, 0.711328125, 0.73671875, 0.759765625, 0.75234375, 0.7572265625, 0.7837890625, 0.799609375, 0.8029296875, 0.8181640625, 0.8134765625, 0.81015625, 0.8169921875, 0.8298828125, 0.8375, 0.846484375, 0.841796875, 0.846484375, 0.85234375, 0.8607421875, 0.858984375, 0.866015625, 0.8626953125, 0.8689453125, 0.8703125, 0.8734375, 0.8859375, 0.8798828125, 0.8849609375, 0.882421875, 0.8958984375, 0.8888671875, 0.8892578125, 0.8919921875, 0.900390625, 0.899609375, 0.889453125, 0.9037109375, 0.90390625, 0.90390625, 0.9146484375, 0.9162109375, 0.9166015625, 0.9224609375, 0.92265625, 0.9275390625, 0.9287109375, 0.92578125, 0.926953125, 0.9318359375, 0.928515625, 0.9291015625, 0.9306640625, 0.9322265625, 0.9396484375, 0.9388671875, 0.9375, 0.9404296875, 0.9419921875, 0.9435546875, 0.9427734375, 0.947265625, 0.946484375, 0.9462890625, 0.9470703125, 0.94921875, 0.9466796875, 0.9486328125, 0.9484375, 0.9498046875, 0.949609375, 0.95078125, 0.950390625, 0.9529296875, 0.9529296875, 0.952734375, 0.95546875, 0.9541015625, 0.95390625, 0.9564453125, 0.9572265625, 0.955859375, 0.9556640625, 0.9572265625, 0.9572265625, 0.95703125, 0.9587890625, 0.9603515625, 0.9578125, 0.9595703125, 0.959765625, 0.9595703125, 0.960546875, 0.9607421875, 0.9615234375, 0.9630859375, 0.962109375, 0.9634765625, 0.9619140625, 0.963671875, 0.9638671875, 0.9625, 0.962890625, 0.96171875, 0.963671875, 0.9654296875, 0.964453125, 0.966015625, 0.96484375, 0.965625, 0.966015625, 0.96484375, 0.966796875, 0.966796875, 0.966015625, 0.9662109375, 0.966015625, 0.966796875, 0.9669921875, 0.9662109375, 0.9666015625, 0.9662109375, 0.9669921875, 0.9671875, 0.966796875, 0.96796875, 0.96796875, 0.9669921875, 0.96796875, 0.9677734375, 0.96796875, 0.96796875, 0.967578125, 0.9681640625, 0.9677734375, 0.9666015625, 0.9681640625, 0.966796875, 0.96796875, 0.967578125, 0.9669921875, 0.9685546875, 0.9677734375, 0.96796875, 0.9689453125, 0.968359375, 0.9685546875, 0.96796875, 0.9689453125], "loss": [2.5956024248388747, 2.344689520099495, 2.276474282711367, 2.235605937016161, 2.197787799412691, 2.207312433025505, 2.1980272893664203, 2.157390327393254, 2.1291092845458017, 2.124260721327383, 2.1028983562807495, 2.1093190742444388, 2.112573214724094, 2.1023196434672875, 2.0792218567449834, 2.067566761487647, 2.0540760001049767, 2.0611709371397766, 2.05305230768421, 2.046291201929503, 2.03225511991525, 2.034479538096657, 2.0221440067774132, 2.0269623059260695, 2.019073477274255, 2.0154480511629127, 2.0101649610302115, 1.9897005361846731, 1.999690280684942, 1.988712949088857, 1.9948304061648212, 1.9726935730704778, 1.9831504233275787, 1.983264147480832, 1.9799757682824437, 1.9665486088281945, 1.9671640547015998, 1.9827629569210583, 1.9602970126308972, 1.9614710928518562, 1.959123151211799, 1.9402393147915225, 1.9398960252351398, 1.9388690960558155, 1.9297182348710071, 1.9291133925884585, 1.9210358284696747, 1.9185121663009064, 1.9233823652508892, 1.920028511481949, 1.9138024441803558, 1.91763453242145, 1.9167739756499664, 1.9149349641196336, 1.9130177950557274, 1.9013584007190754, 1.9019871995418887, 1.9038216207600847, 1.8991656409034245, 1.8974497122100638, 1.8938058660000185, 1.8951120150240162, 1.8882812608646442, 1.889765090580228, 1.8898292749742918, 1.8884239921086952, 1.8842817001704928, 1.8887203871449338, 1.8861766148217116, 1.8864067083672633, 1.8838702063017254, 1.883386055125466, 1.8828835592994206, 1.8819417938401428, 1.8788584893262839, 1.8791608101204982, 1.8797327823276762, 1.874440796767609, 1.8766008887109877, 1.8770824670791626, 1.8719442796103563, 1.8718442916870117, 1.8735460420198078, 1.8740931704074522, 1.8714444773106635, 1.8709285244157043, 1.8711587281166753, 1.8692076855067965, 1.8665952939021437, 1.8704614397845691, 1.8678440338448634, 1.8667256681224969, 1.8668097333063054, 1.8657918278175065, 1.8647387299356581, 1.8646768603143813, 1.8612475727177873, 1.8632652925539621, 1.8611803326425673, 1.8629499598394466, 1.8607943616335905, 1.859964231901531, 1.8624663760390463, 1.8619218430941618, 1.8630329747743244, 1.8606278096573263, 1.858080934874619, 1.8591410117813303, 1.856956374796131, 1.8585098785690115, 1.8576575125320047, 1.8571238080157508, 1.857621825194057, 1.8558974039705494, 1.855994013291371, 1.8559951193725006, 1.8561833312239828, 1.8565686443183995, 1.8553077948244312, 1.8553590925433967, 1.856029394306714, 1.8559362480912027, 1.8562448718879796, 1.8552060700670074, 1.854553399206717, 1.8551901578903198, 1.8534255314476882, 1.853174804132196, 1.8543629721750188, 1.8538704763484906, 1.85385832303687, 1.8532110286664358, 1.8529451119748852, 1.853836797460725, 1.852893734280067, 1.8534632181819481, 1.854984340788443, 1.8530237071121796, 1.8548423685605013, 1.8531563312192507, 1.853826806515078, 1.8545371233662473, 1.852029549924633, 1.8534351798552502, 1.8531696026838278, 1.8525755375246458, 1.8525384966331193, 1.8523556914510606, 1.8533882657183876, 1.8519628379918351]}, "valid": {"acc": [0.609375, 0.6625, 0.6640625, 0.70625, 0.71875, 0.740625, 0.7328125, 0.7640625, 0.7296875, 0.75, 0.7578125, 0.753125, 0.753125, 0.7671875, 0.7671875, 0.7546875, 0.76875, 0.759375, 0.7671875, 0.775, 0.7640625, 0.7765625, 0.7703125, 0.7953125, 0.7609375, 0.7828125, 0.803125, 0.775, 0.7765625, 0.7734375, 0.7890625, 0.7609375, 0.7734375, 0.7875, 0.7515625, 0.7546875, 0.7546875, 0.75625, 0.784375, 0.7765625, 0.784375, 0.8015625, 0.7828125, 0.778125, 0.7953125, 0.7953125, 0.7890625, 0.7859375, 0.79375, 0.8015625, 0.79375, 0.809375, 0.7984375, 0.8046875, 0.790625, 0.79375, 0.790625, 0.8, 0.790625, 0.809375, 0.790625, 0.7796875, 0.8, 0.7984375, 0.8, 0.784375, 0.790625, 0.790625, 0.784375, 0.796875, 0.7890625, 0.80625, 0.79375, 0.7984375, 0.80625, 0.803125, 0.796875, 0.8078125, 0.8046875, 0.809375, 0.809375, 0.796875, 0.7984375, 0.8015625, 0.790625, 0.790625, 0.7953125, 0.790625, 0.796875, 0.7734375, 0.7875, 0.7890625, 0.79375, 0.796875, 0.7828125, 0.7921875, 0.796875, 0.790625, 0.784375, 0.7953125, 0.7953125, 0.790625, 0.7859375, 0.790625, 0.7890625, 0.7921875, 0.7875, 0.7921875, 0.790625, 0.79375, 0.7953125, 0.8, 0.784375, 0.7875, 0.7921875, 0.7859375, 0.7921875, 0.79375, 0.784375, 0.7875, 0.803125, 0.8, 0.790625, 0.7890625, 0.7984375, 0.7984375, 0.79375, 0.8, 0.803125, 0.7984375, 0.7984375, 0.7953125, 0.8015625, 0.8015625, 0.796875, 0.7984375, 0.7953125, 0.803125, 0.796875, 0.8, 0.796875, 0.796875, 0.8015625, 0.8015625, 0.7921875, 0.8015625, 0.7984375, 0.803125, 0.7984375, 0.796875],