{"train": {"acc": [0.534765625, 0.631640625, 0.6599609375, 0.68984375, 0.702734375, 0.725390625, 0.719140625, 0.7529296875, 0.7458984375, 0.753515625, 0.7720703125, 0.778125, 0.765234375, 0.76796875, 0.7841796875, 0.78671875, 0.7951171875, 0.791015625, 0.801171875, 0.7970703125, 0.80625, 0.7962890625, 0.796484375, 0.79609375, 0.808203125, 0.8087890625, 0.818359375, 0.8185546875, 0.8208984375, 0.8205078125, 0.8244140625, 0.82890625, 0.82734375, 0.83515625, 0.83203125, 0.8140625, 0.8369140625, 0.8361328125, 0.8330078125, 0.85, 0.858203125, 0.85078125, 0.858203125, 0.858203125, 0.8576171875, 0.858984375, 0.8693359375, 0.86875, 0.8705078125, 0.8779296875, 0.8759765625, 0.8705078125, 0.874609375, 0.87578125, 0.8806640625, 0.884765625, 0.8884765625, 0.8892578125, 0.8935546875, 0.8912109375, 0.89609375, 0.8974609375, 0.898828125, 0.903125, 0.901953125, 0.9056640625, 0.90859375, 0.9115234375, 0.908984375, 0.913671875, 0.9107421875, 0.9205078125, 0.9189453125, 0.9236328125, 0.9244140625, 0.924609375, 0.9244140625, 0.9203125, 0.9298828125, 0.9263671875, 0.9296875, 0.9330078125, 0.9310546875, 0.9302734375, 0.934375, 0.9328125, 0.9345703125, 0.93515625, 0.937109375, 0.9376953125, 0.9361328125, 0.9353515625, 0.9384765625, 0.9380859375, 0.939453125, 0.9400390625, 0.94140625, 0.9416015625, 0.9400390625, 0.9431640625, 0.941796875, 0.941796875, 0.9408203125, 0.942578125, 0.9427734375, 0.9435546875, 0.94375, 0.94375, 0.94296875, 0.9439453125, 0.944140625, 0.9458984375, 0.9458984375, 0.944921875, 0.9455078125, 0.9486328125, 0.9470703125, 0.9484375, 0.9494140625, 0.9494140625, 0.95078125, 0.950390625, 0.950390625, 0.95, 0.95078125, 0.9505859375, 0.9501953125, 0.951171875, 0.9521484375, 0.951953125, 0.952734375, 0.9529296875, 0.952734375, 0.9533203125, 0.952734375, 0.952734375, 0.952734375, 0.9525390625, 0.953125, 0.9533203125, 0.953125, 0.95390625, 0.9537109375, 0.9529296875, 0.9533203125, 0.9537109375, 0.953515625, 0.953515625, 0.95234375, 0.9529296875], "loss": [2.581524151789991, 2.406855912148198, 2.3598598136177547, 2.3119517066810706, 2.2893363433548166, 2.253980100909366, 2.2634626551519466, 2.204736836348908, 2.2169651109961013, 2.204740783836268, 2.178011835375919, 2.166620093055918, 2.1850743203223506, 2.181276390824137, 2.154199692267406, 2.1528770048407058, 2.139906957179685, 2.1454001816013193, 2.129493873330611, 2.1349763840059692, 2.121785978727703, 2.137618099586873, 2.1356229812284058, 2.1357031487211398, 2.1167909344540368, 2.1169090059739126, 2.0991236318515827, 2.099239322203624, 2.0948129092590717, 2.098227184030074, 2.0912405086469046, 2.083100247986709, 2.0833123846899104, 2.0738507056538062, 2.0762072107459923, 2.106070145776, 2.069300275814684, 2.0704739123960083, 2.0755086246925063, 2.0483207687546936, 2.0366389977781076, 2.047044414508192, 2.035656369185146, 2.037650880934317, 2.0348660644096666, 2.0325189632705496, 2.0163280058510695, 2.0172954254512545, 2.013353575634051, 2.0032821380639376, 2.006265607061265, 2.0132613529132892, 2.0084290323378164, 2.006775914868222, 1.997098199928863, 1.9915195522429068, 1.986710103252266, 1.9830241203308105, 1.9758862211734434, 1.9800674628607835, 1.973399527465241, 1.9685529892957663, 1.9676267497147186, 1.9606922397130653, 1.9625318593616727, 1.9555916454218611, 1.952048404307305, 1.9474435697627972, 1.9499077238614047, 1.9427755739115462, 1.9475032136410098, 1.9340934361083597, 1.9355302520945101, 1.9264164453820338, 1.9258734546130216, 1.924371171601211, 1.9262477748001678, 1.932309247270415, 1.916688916049426, 1.9218037792398959, 1.9173588511310047, 1.9116547243504585, 1.9144903542120246, 1.9160687123672873, 1.9096521018426629, 1.9104517034337491, 1.9095752405214914, 1.908266514162474, 1.90608550023429, 1.9038594116138507, 1.906122231785255, 1.9070701372774341, 1.9020580370214921, 1.9033607576466813, 1.902143202250517, 1.8994979118999047, 1.8975840716422359, 1.8971960846381852, 1.8987999520724332, 1.8949262190468703, 1.8962816135792793, 1.896724799011327, 1.898117349117617, 1.895435453970221, 1.8952267169952393, 1.8938537202303922, 1.8935486304609082, 1.8931459143191953, 1.8951125914537454, 1.8934169207947165, 1.893084717702262, 1.88982956922507, 1.8898711355426643, 1.891354055344304, 1.8900857333895527, 1.8857571852358082, 1.8878199903270867, 1.8856172410747674, 1.8845939364614366, 1.884841141821463, 1.8826415553877625, 1.882343603085868, 1.882406559171556, 1.8832937584647649, 1.8818970013268386, 1.8825980605958383, 1.8824572382093985, 1.8818690791914734, 1.8801036816609056, 1.8799547711505165, 1.8789104404328745, 1.8790665819675108, 1.8783019222790682, 1.8775966016552117, 1.878274437747424, 1.8788566694983952, 1.8784180321270907, 1.8790564250342454, 1.8781081272076956, 1.8775378148767012, 1.8780000798309906, 1.8770689089086992, 1.8772296845158445, 1.8784576020663297, 1.8778727944893172, 1.8764793540858016, 1.8772427356695827, 1.8773289737822134, 1.8787876910801176, 1.878263156625289]}, "valid": {"acc": [0.525, 0.6125, 0.653125, 0.671875, 0.7234375, 0.609375, 0.7171875, 0.715625, 0.753125, 0.7515625, 0.7671875, 0.7328125, 0.7375, 0.76875, 0.7484375, 0.76875, 0.74375, 0.753125, 0.7703125, 0.775, 0.753125, 0.7640625, 0.7515625, 0.740625, 0.7640625, 0.7859375, 0.7453125, 0.7671875, 0.7859375, 0.7671875, 0.771875, 0.775, 0.7734375, 0.7734375, 0.7390625, 0.7734375, 0.7578125, 0.775, 0.790625, 0.7859375, 0.76875, 0.790625, 0.796875, 0.7921875, 0.784375, 0.7859375, 0.8, 0.7796875, 0.7890625, 0.7640625, 0.7640625, 0.790625, 0.7703125, 0.778125, 0.796875, 0.8046875, 0.8078125, 0.796875, 0.7765625, 0.8, 0.8, 0.79375, 0.8, 0.790625, 0.7921875, 0.7828125, 0.8046875, 0.796875, 0.79375, 0.78125, 0.803125, 0.7984375, 0.7984375, 0.8046875, 0.80625, 0.8140625, 0.8015625, 0.8015625, 0.803125, 0.8078125, 0.8, 0.803125, 0.7953125, 0.8015625, 0.80625, 0.8109375, 0.8046875, 0.8015625, 0.8109375, 0.809375, 0.809375, 0.803125, 0.81875, 0.8046875, 0.8046875, 0.8078125, 0.809375, 0.8125, 0.8078125, 0.809375, 0.796875, 0.803125, 0.8015625, 0.803125, 0.8, 0.803125, 0.8171875, 0.815625, 0.815625, 0.80625, 0.79375, 0.80625, 0.796875, 0.8, 0.8, 0.7984375, 0.7984375, 0.796875, 0.796875, 0.8, 0.796875, 0.796875, 0.7890625, 0.7984375, 0.8015625, 0.7984375, 0.8, 0.7953125, 0.8, 0.803125, 0.8015625, 0.803125, 0.8015625, 0.8015625, 0.803125, 0.803125, 0.7984375, 0.8015625, 0.7984375, 0.796875, 0.7984375, 0.7984375, 0.7953125, 0.8, 0.7984375, 0.8015625, 0.796875, 0.796875, 0.796875, 0.796875],