{"train": {"acc": [0.550390625, 0.6478515625, 0.683203125, 0.708984375, 0.720703125, 0.7298828125, 0.7353515625, 0.7541015625, 0.758203125, 0.76171875, 0.7681640625, 0.7775390625, 0.7775390625, 0.7689453125, 0.771875, 0.7859375, 0.784765625, 0.791015625, 0.79609375, 0.7861328125, 0.7916015625, 0.794140625, 0.797265625, 0.8037109375, 0.8060546875, 0.8052734375, 0.81328125, 0.8189453125, 0.81796875, 0.8294921875, 0.828125, 0.8314453125, 0.8228515625, 0.8298828125, 0.835546875, 0.832421875, 0.8365234375, 0.845703125, 0.8310546875, 0.84609375, 0.86171875, 0.8599609375, 0.8576171875, 0.867578125, 0.8615234375, 0.8619140625, 0.8669921875, 0.8625, 0.8669921875, 0.866796875, 0.8814453125, 0.8810546875, 0.884375, 0.8826171875, 0.8951171875, 0.893359375, 0.89140625, 0.8923828125, 0.897265625, 0.8994140625, 0.898046875, 0.8994140625, 0.9009765625, 0.9013671875, 0.9037109375, 0.909375, 0.9064453125, 0.9068359375, 0.9103515625, 0.917578125, 0.9150390625, 0.9197265625, 0.9232421875, 0.9201171875, 0.9193359375, 0.9232421875, 0.9240234375, 0.91953125, 0.9232421875, 0.923828125, 0.92578125, 0.925390625, 0.9279296875, 0.93125, 0.925390625, 0.934375, 0.933984375, 0.936328125, 0.9373046875, 0.9375, 0.93828125, 0.9376953125, 0.9400390625, 0.93984375, 0.9384765625, 0.942578125, 0.941796875, 0.9431640625, 0.9427734375, 0.94453125, 0.9451171875, 0.9458984375, 0.946484375, 0.9470703125, 0.947265625, 0.9455078125, 0.9474609375, 0.945703125, 0.946875, 0.9470703125, 0.946484375, 0.9482421875, 0.9474609375, 0.948828125, 0.95, 0.9470703125, 0.950390625, 0.9486328125, 0.9486328125, 0.9498046875, 0.9501953125, 0.9498046875, 0.9501953125, 0.950390625, 0.95078125, 0.9513671875, 0.9509765625, 0.951171875, 0.951171875, 0.9517578125, 0.9521484375, 0.95234375, 0.9513671875, 0.9513671875, 0.9517578125, 0.9525390625, 0.9529296875, 0.95234375, 0.9515625, 0.9525390625, 0.95234375, 0.952734375, 0.951953125, 0.95234375, 0.952734375, 0.9521484375, 0.9521484375, 0.9517578125, 0.9515625, 0.9525390625], "loss": [2.5551968828032288, 2.374716396573224, 2.3238428710382197, 2.2807204723358154, 2.2585905352725257, 2.2436529141438157, 2.2363203597974173, 2.205922663966312, 2.197701997394803, 2.1903395139718356, 2.1831361040284363, 2.1657161727736267, 2.1672245520579665, 2.1813805887970745, 2.1735961527764043, 2.1535648756389376, 2.1530468116832684, 2.147886897944197, 2.1371343543257892, 2.1518475526495826, 2.1445371365245385, 2.139010501813285, 2.1364144132107117, 2.1244300513327876, 2.1182616798183584, 2.1203471769260456, 2.107764105253582, 2.1008592723291133, 2.0992850457565693, 2.081805948969684, 2.083242018011552, 2.076600717592843, 2.0914223013044912, 2.0815717193144785, 2.0733357154870333, 2.076217791702174, 2.0709209110163433, 2.054384839685657, 2.076795470865467, 2.0535905014110516, 2.0295394372336473, 2.03228990035721, 2.034247605106499, 2.019950270652771, 2.027202542824081, 2.02649757379218, 2.0195439088193674, 2.025830136069769, 2.0195134757440303, 2.0201934560944763, 1.9953610549999188, 1.9971665611749962, 1.9906355550017538, 1.9936403639708893, 1.9755607933937749, 1.9758844466149053, 1.979872673372679, 1.977729631375663, 1.971335358257535, 1.966551423072815, 1.967703407323813, 1.9669873201394383, 1.9657532459572902, 1.9640492638455163, 1.958992055699795, 1.9514479727684697, 1.954491553427298, 1.9533595088162, 1.9497155524507355, 1.9368916659415523, 1.9409301039538807, 1.9331799323045755, 1.9286116769042196, 1.9339775963674617, 1.9335730272003366, 1.9284666912465156, 1.9266837322259251, 1.9333442072325115, 1.9271361058271383, 1.92727073989337, 1.9236658947377265, 1.9232538923432556, 1.920394094684456, 1.9144930718820306, 1.9219860683513592, 1.9089927205556556, 1.9094163254846501, 1.904994539067715, 1.904105076306983, 1.903299491616744, 1.9028087748756892, 1.9037938947919049, 1.9003876613665232, 1.8992712467531614, 1.9014550009860267, 1.8956278260750106, 1.8969779225844372, 1.893883327894573, 1.8943999055065686, 1.8919763761230661, 1.8912076799175408, 1.8901297487790072, 1.8886234035974816, 1.8881492735464362, 1.887577157986315, 1.890735703178599, 1.8872879064535792, 1.8903229100794732, 1.8880539710008646, 1.887863706938828, 1.8883688057525247, 1.886001611057716, 1.8873113831387291, 1.8851544947563847, 1.8838617122626002, 1.8876989370659938, 1.8831705171850663, 1.8854962270471114, 1.8851491544820085, 1.8829617394676692, 1.883094176461425, 1.8834037765671936, 1.882878822616384, 1.8822989433626585, 1.8822559736951996, 1.8807765999926795, 1.8813699061357523, 1.8811562936517257, 1.8813178584545474, 1.8802031550226332, 1.8792062650752972, 1.8795828457120098, 1.8811894081815888, 1.8807433556906785, 1.8800878328613089, 1.878871603857113, 1.8786952601203435, 1.8790529242044762, 1.8803071402296234, 1.8789726918256735, 1.8793219614632521, 1.8788502472865432, 1.8796529860436162, 1.878832770299308, 1.8785665321953688, 1.8793354849272137, 1.879394591609134, 1.8802611918389043, 1.8803291622596452, 1.8787912884845008]}, "valid": {"acc": [0.4265625, 0.66875, 0.6734375, 0.715625, 0.6625, 0.684375, 0.690625, 0.7390625, 0.7234375, 0.771875, 0.715625, 0.7359375, 0.7609375, 0.7453125, 0.7515625, 0.7546875, 0.7671875, 0.740625, 0.7328125, 0.76875, 0.775, 0.74375, 0.7859375, 0.7953125, 0.73125, 0.775, 0.76875, 0.784375, 0.7546875, 0.7765625, 0.78125, 0.7703125, 0.76875, 0.7890625, 0.7234375, 0.8, 0.7796875, 0.7625, 0.7703125, 0.7890625, 0.8015625, 0.7828125, 0.803125, 0.7796875, 0.7921875, 0.8015625, 0.790625, 0.79375, 0.7984375, 0.803125, 0.8, 0.8015625, 0.8109375, 0.7921875, 0.8, 0.8078125, 0.815625, 0.8015625, 0.8234375, 0.8015625, 0.7921875, 0.8046875, 0.7765625, 0.8125, 0.8, 0.803125, 0.8015625, 0.8125, 0.8, 0.8109375, 0.815625, 0.80625, 0.8171875, 0.8203125, 0.80625, 0.790625, 0.80625, 0.815625, 0.8046875, 0.809375, 0.8046875, 0.8015625, 0.809375, 0.81875, 0.796875, 0.8046875, 0.7984375, 0.80625, 0.828125, 0.8140625, 0.8125, 0.8078125, 0.8078125, 0.8, 0.8203125, 0.81875, 0.8265625, 0.8125, 0.809375, 0.8109375, 0.821875, 0.8203125, 0.8203125, 0.821875, 0.8046875, 0.8203125, 0.8125, 0.80625, 0.81875, 0.8140625, 0.809375, 0.815625, 0.8203125, 0.80625, 0.8046875, 0.8140625, 0.809375, 0.8125, 0.809375, 0.8078125, 0.8046875, 0.803125, 0.803125, 0.8078125, 0.809375, 0.809375, 0.80625, 0.8125, 0.8140625, 0.80625, 0.803125, 0.8078125, 0.8109375, 0.8078125, 0.8046875, 0.80625, 0.8046875, 0.80625, 0.80625, 0.8078125, 0.80625, 0.8078125, 0.8046875, 0.80625, 0.8046875, 0.809375, 0.8046875, 0.80625, 0.8078125, 0.8078125],