{"train": {"acc": [0.56171875, 0.6474609375, 0.67109375, 0.7, 0.723046875, 0.7103515625, 0.7279296875, 0.733984375, 0.752734375, 0.7474609375, 0.773046875, 0.76484375, 0.76953125, 0.7619140625, 0.7677734375, 0.77578125, 0.7775390625, 0.7828125, 0.7697265625, 0.7791015625, 0.78515625, 0.787890625, 0.79375, 0.775390625, 0.7919921875, 0.7982421875, 0.793359375, 0.8025390625, 0.80703125, 0.8095703125, 0.794140625, 0.802734375, 0.810546875, 0.8056640625, 0.8017578125, 0.80703125, 0.817578125, 0.815625, 0.8185546875, 0.82109375, 0.83125, 0.834375, 0.831640625, 0.83984375, 0.83828125, 0.841796875, 0.8462890625, 0.84453125, 0.8400390625, 0.835546875, 0.84296875, 0.8416015625, 0.8369140625, 0.837890625, 0.8384765625, 0.8525390625, 0.8544921875, 0.8548828125, 0.8533203125, 0.8546875, 0.8642578125, 0.8580078125, 0.8669921875, 0.8634765625, 0.86953125, 0.8744140625, 0.8783203125, 0.88203125, 0.88671875, 0.883203125, 0.8876953125, 0.888671875, 0.8935546875, 0.89609375, 0.8984375, 0.898828125, 0.8916015625, 0.897265625, 0.9013671875, 0.90625, 0.9095703125, 0.9078125, 0.90859375, 0.9076171875, 0.9080078125, 0.9087890625, 0.9138671875, 0.9115234375, 0.9111328125, 0.912890625, 0.91328125, 0.9162109375, 0.923046875, 0.9228515625, 0.9228515625, 0.9197265625, 0.9236328125, 0.9244140625, 0.9275390625, 0.92578125, 0.9259765625, 0.9251953125, 0.9259765625, 0.928125, 0.9265625, 0.9310546875, 0.930078125, 0.931640625, 0.9314453125, 0.9314453125, 0.9330078125, 0.93515625, 0.9345703125, 0.9359375, 0.9369140625, 0.937890625, 0.937890625, 0.937890625, 0.939453125, 0.9400390625, 0.940234375, 0.939453125, 0.9408203125, 0.9419921875, 0.9412109375, 0.9439453125, 0.941796875, 0.942578125, 0.942578125, 0.9427734375, 0.9423828125, 0.94453125, 0.94375, 0.944140625, 0.9443359375, 0.945703125, 0.9455078125, 0.9451171875, 0.9443359375, 0.9451171875, 0.9443359375, 0.946484375, 0.9453125, 0.943359375, 0.944921875, 0.9453125, 0.945703125, 0.9455078125, 0.9435546875, 0.9447265625], "loss": [2.5451494772222976, 2.3828205851059927, 2.341905699500555, 2.294227271140376, 2.256731048414979, 2.2775157463701468, 2.2475915920885305, 2.238853285584269, 2.209481440012968, 2.2145276582693754, 2.174000045921229, 2.18756769729566, 2.1796062128453313, 2.191817855533165, 2.1844969188110737, 2.17033983634997, 2.167958040780659, 2.157860206652291, 2.181437560274631, 2.16355607932127, 2.1552212630646137, 2.15129064457326, 2.1394604716119887, 2.169073370438588, 2.1431284735474407, 2.1330093990398358, 2.1404599222955825, 2.1266198912753334, 2.118901269345344, 2.115913714034648, 2.1384608881383, 2.126878988893726, 2.1132522685618342, 2.1207208180729347, 2.1257349645035175, 2.118241898621185, 2.103246998183335, 2.104204635076885, 2.0999822737295415, 2.095660967162893, 2.0801792823815646, 2.0752536284772654, 2.077127166941196, 2.0646455167215083, 2.0672903196721135, 2.0627962396114685, 2.055035308946537, 2.0582444018955472, 2.06382826159272, 2.0725010437301443, 2.0582083237322073, 2.062222606019129, 2.0677096511744244, 2.069093254548085, 2.0673565426959266, 2.045403406589846, 2.0421216804769973, 2.039657300031638, 2.0412885765486126, 2.0402317424363727, 2.024044610277007, 2.0330861323996436, 2.0205417464051068, 2.0274236307868474, 2.015526819832717, 2.008606251282028, 2.0011808087554157, 1.9959329940095734, 1.9872945034051244, 1.9937986829612828, 1.9865361603000495, 1.9838005047810228, 1.976388627969766, 1.9718502307239967, 1.968020404441447, 1.967525670800028, 1.980379987366592, 1.9701099893714809, 1.9644412722768663, 1.9564867547795743, 1.950079014029684, 1.953446691549277, 1.9514042561567282, 1.9535368575325496, 1.9525361211994026, 1.9510934730119343, 1.9431118889700008, 1.948127883899061, 1.947618149503877, 1.9456315583820585, 1.9443166844452484, 1.9387243397628204, 1.9284535103206393, 1.9286293681663802, 1.9277835073350351, 1.9326059712639339, 1.9262943237642698, 1.9248606223094313, 1.920484164093114, 1.9232336810872526, 1.923159806034233, 1.9240776511687268, 1.9224531725992131, 1.9193788721591611, 1.9210271473172345, 1.9148075037364718, 1.9156860414939592, 1.9132662453228915, 1.913772398912454, 1.913659700864478, 1.9114288574532619, 1.908468848542322, 1.9088236500945273, 1.9071068401578106, 1.9054053901117058, 1.9028804845447782, 1.9030862775030015, 1.9033396440216257, 1.9012626877313927, 1.9006803111185002, 1.8997888368896292, 1.9005845377716837, 1.8989082454126092, 1.8973150962515721, 1.8975615969187096, 1.8939087436169009, 1.8956278653084477, 1.8959728524654726, 1.8962316392343255, 1.8958389396908917, 1.8959333081788654, 1.8937955928754202, 1.8941485263124298, 1.8931363398515726, 1.8922439617446707, 1.891079739679264, 1.8916420936584473, 1.8919653364374667, 1.8925477869902985, 1.8920358419418335, 1.8929123576683333, 1.8897424951384338, 1.8909157122237772, 1.8942684116242807, 1.8929104246670687, 1.8917425448381449, 1.891045089009442, 1.890768734714653, 1.8936159701286992, 1.8920780088328109]}, "valid": {"acc": [0.6375, 0.6296875, 0.65, 0.6828125, 0.6328125, 0.728125, 0.721875, 0.715625, 0.753125, 0.7703125, 0.7765625, 0.7578125, 0.765625, 0.7375, 0.75625, 0.7625, 0.753125, 0.753125, 0.7609375, 0.75, 0.746875, 0.771875, 0.7578125, 0.75, 0.7796875, 0.7921875, 0.7703125, 0.7875, 0.7671875, 0.76875, 0.771875, 0.765625, 0.759375, 0.7765625, 0.7296875, 0.7734375, 0.771875, 0.7609375, 0.765625, 0.7640625, 0.78125, 0.790625, 0.7859375, 0.7828125, 0.759375, 0.809375, 0.8078125, 0.7640625, 0.7734375, 0.7546875, 0.775, 0.7796875, 0.765625, 0.803125, 0.803125, 0.7890625, 0.8, 0.796875, 0.778125, 0.784375, 0.8046875, 0.8109375, 0.8015625, 0.8015625, 0.79375, 0.79375, 0.803125, 0.80625, 0.80625, 0.8, 0.803125, 0.8203125, 0.8171875, 0.8046875, 0.8078125, 0.8171875, 0.80625, 0.8203125, 0.8171875, 0.821875, 0.8125, 0.8125, 0.8078125, 0.8140625, 0.8078125, 0.815625, 0.8171875, 0.8140625, 0.821875, 0.809375, 0.8171875, 0.8234375, 0.8265625, 0.809375, 0.8125, 0.8234375, 0.815625, 0.83125, 0.81875, 0.81875, 0.8171875, 0.8234375, 0.81875, 0.8203125, 0.8203125, 0.8203125, 0.8234375, 0.81875, 0.8140625, 0.8265625, 0.8234375, 0.8203125, 0.8265625, 0.828125, 0.8234375, 0.8171875, 0.8171875, 0.81875, 0.8140625, 0.81875, 0.8171875, 0.81875, 0.8171875, 0.81875, 0.815625, 0.815625, 0.8234375, 0.821875, 0.8125, 0.8171875, 0.809375, 0.8109375, 0.81875, 0.8125, 0.8140625, 0.8125, 0.8171875, 0.8109375, 0.8078125, 0.8109375, 0.8203125, 0.8125, 0.8140625, 0.8203125, 0.8171875, 0.815625, 0.81875, 0.8109375, 0.8125, 0.8203125],