{"train": {"acc": [0.5318359375, 0.64921875, 0.671484375, 0.692578125, 0.7244140625, 0.7423828125, 0.734765625, 0.7380859375, 0.755078125, 0.7640625, 0.7568359375, 0.762890625, 0.7751953125, 0.7689453125, 0.762109375, 0.783984375, 0.787890625, 0.7990234375, 0.7919921875, 0.8005859375, 0.7943359375, 0.7900390625, 0.8017578125, 0.790625, 0.81015625, 0.8072265625, 0.803515625, 0.8140625, 0.819140625, 0.823828125, 0.8125, 0.8169921875, 0.833203125, 0.8384765625, 0.840625, 0.8451171875, 0.8458984375, 0.8515625, 0.840234375, 0.847265625, 0.8462890625, 0.853125, 0.8533203125, 0.841796875, 0.857421875, 0.858203125, 0.857421875, 0.860546875, 0.8701171875, 0.876171875, 0.877734375, 0.873046875, 0.8822265625, 0.8751953125, 0.8861328125, 0.893359375, 0.8908203125, 0.892578125, 0.8951171875, 0.894921875, 0.8912109375, 0.898828125, 0.9, 0.9025390625, 0.90078125, 0.9076171875, 0.9142578125, 0.9111328125, 0.9138671875, 0.9123046875, 0.9150390625, 0.9125, 0.916015625, 0.916796875, 0.920703125, 0.9208984375, 0.9203125, 0.9228515625, 0.927734375, 0.926171875, 0.9298828125, 0.929296875, 0.92890625, 0.931640625, 0.930859375, 0.932421875, 0.9341796875, 0.9349609375, 0.9361328125, 0.936328125, 0.93671875, 0.937890625, 0.9369140625, 0.937109375, 0.93515625, 0.939453125, 0.9380859375, 0.9396484375, 0.9400390625, 0.9419921875, 0.939453125, 0.9400390625, 0.9412109375, 0.9419921875, 0.9416015625, 0.9419921875, 0.9427734375, 0.9421875, 0.9419921875, 0.94296875, 0.94296875, 0.9447265625, 0.944921875, 0.9435546875, 0.9447265625, 0.945703125, 0.9455078125, 0.9439453125, 0.9458984375, 0.9455078125, 0.944140625, 0.9453125, 0.9455078125, 0.946484375, 0.9455078125, 0.94609375, 0.94609375, 0.9451171875, 0.9462890625, 0.9470703125, 0.9462890625, 0.9470703125, 0.947265625, 0.9462890625, 0.9466796875, 0.947265625, 0.9462890625, 0.947265625, 0.947265625, 0.946875, 0.9455078125, 0.94765625, 0.9451171875, 0.947265625, 0.946875, 0.9478515625, 0.9470703125, 0.9458984375, 0.948046875, 0.946484375], "loss": [2.587283427202249, 2.37847476367709, 2.3423481017728394, 2.305390442473979, 2.2514196498484553, 2.2250510921961144, 2.2382786334315434, 2.231800117070162, 2.2068684221823003, 2.190807763534256, 2.2014301939855647, 2.191312091260017, 2.1695960926104196, 2.1819179556037804, 2.1908865578566927, 2.156648459313791, 2.1507352847087233, 2.1293247576001324, 2.142898129511483, 2.1281577665594558, 2.137494618379617, 2.1469983435884306, 2.1282788711258127, 2.1425943827327294, 2.114060109174704, 2.11958645868905, 2.1241977003556265, 2.1079606059231337, 2.096427944642079, 2.0915942991836163, 2.1071861952166016, 2.100545204138454, 2.0748064623603337, 2.065865332567239, 2.061512853525862, 2.054990439475337, 2.0547420948366577, 2.0474175124228755, 2.0635848407503925, 2.052048527741734, 2.055227092549771, 2.0435799828058556, 2.041361638262302, 2.061973378628115, 2.0379113985013357, 2.033859618102448, 2.035445018659664, 2.0291764811624455, 2.0144481779653813, 2.005718119536774, 2.002879702592198, 2.0097578386717205, 1.995106033132046, 2.005841843689544, 1.9887230275552483, 1.9791470584990103, 1.9803144388561007, 1.9780777451358265, 1.9744609217100506, 1.9734281452396247, 1.9813761545132986, 1.9682304994969428, 1.967010208323032, 1.9624057480051547, 1.965536610989631, 1.9533694816541067, 1.943111452875258, 1.9476521150975288, 1.94145604477653, 1.9441599604449695, 1.9397961731198468, 1.9459642277488225, 1.9388101281999033, 1.9376956978930702, 1.9318171890476081, 1.9296635253519951, 1.9316921732093715, 1.9284756651407555, 1.9211087558842912, 1.9230583513839334, 1.9169752763796457, 1.9183616034592255, 1.9171925375733194, 1.9140446865105931, 1.9161254092107844, 1.9121516822259637, 1.9096819811229464, 1.9083449327493016, 1.9058456541616706, 1.906558092636398, 1.905017480065551, 1.903302260592014, 1.9047733801829665, 1.903909085672113, 1.9070777772348138, 1.9007043929039678, 1.903377800048152, 1.901226905327809, 1.8999792231789119, 1.8969500623171842, 1.899685406986671, 1.8993596442138092, 1.8974301332159886, 1.896228183673907, 1.8969298525701594, 1.8961888355544851, 1.8954101755649229, 1.8959465057035036, 1.8962590543529656, 1.8944930381412748, 1.8946892702126805, 1.8922726851475389, 1.8915578851216956, 1.8934149757216248, 1.8919368076928054, 1.8904837037943587, 1.8909450392179852, 1.8933847901187366, 1.8900457318825057, 1.8907498724852936, 1.8929905031300798, 1.8905316425275198, 1.8906078021737593, 1.8892593534686897, 1.8906032631668863, 1.889503127411951, 1.889583088174651, 1.8907560351528698, 1.8892164683040185, 1.8881723639331287, 1.8892335740825799, 1.887965336630616, 1.8877637884284877, 1.889299504364593, 1.8882522296301927, 1.887521873546552, 1.889432114890859, 1.8877172394643855, 1.8876729675486117, 1.8887165256693392, 1.8901679183863387, 1.8868264563475983, 1.8913146061233328, 1.887599151345748, 1.8884568033339102, 1.8869432648525963, 1.8878844750078418, 1.8895172423954252, 1.8866387107704259, 1.889129997808722]}, "valid": {"acc": [0.53125, 0.6, 0.5484375, 0.6828125, 0.6984375, 0.71875, 0.6890625, 0.7703125, 0.7390625, 0.7265625, 0.7203125, 0.7515625, 0.734375, 0.7515625, 0.7734375, 0.7703125, 0.7671875, 0.7546875, 0.74375, 0.7640625, 0.759375, 0.7359375, 0.771875, 0.775, 0.7578125, 0.796875, 0.7859375, 0.78125, 0.7921875, 0.7890625, 0.765625, 0.8, 0.79375, 0.7953125, 0.7953125, 0.7953125, 0.7890625, 0.7671875, 0.7875, 0.7859375, 0.7875, 0.7875, 0.803125, 0.765625, 0.7875, 0.771875, 0.7890625, 0.803125, 0.79375, 0.8171875, 0.8046875, 0.8140625, 0.8078125, 0.8078125, 0.7859375, 0.803125, 0.7953125, 0.809375, 0.7875, 0.796875, 0.8015625, 0.7984375, 0.7921875, 0.790625, 0.8, 0.7859375, 0.7921875, 0.8015625, 0.7875, 0.803125, 0.7734375, 0.78125, 0.796875, 0.8015625, 0.80625, 0.8015625, 0.8015625, 0.80625, 0.7953125, 0.8046875, 0.80625, 0.8203125, 0.803125, 0.803125, 0.7953125, 0.796875, 0.7984375, 0.8078125, 0.8078125, 0.7953125, 0.809375, 0.796875, 0.8015625, 0.790625, 0.7953125, 0.80625, 0.80625, 0.80625, 0.8140625, 0.8109375, 0.8078125, 0.8109375, 0.8, 0.8046875, 0.7984375, 0.8140625, 0.8109375, 0.8078125, 0.7953125, 0.8, 0.8046875, 0.8046875, 0.809375, 0.8109375, 0.809375, 0.8140625, 0.815625, 0.81875, 0.815625, 0.815625, 0.815625, 0.821875, 0.8203125, 0.8203125, 0.81875, 0.8140625, 0.8171875, 0.81875, 0.8171875, 0.81875, 0.8140625, 0.809375, 0.815625, 0.8140625, 0.8125, 0.8171875, 0.8109375, 0.8171875, 0.821875, 0.815625, 0.8140625, 0.8171875, 0.8171875, 0.8125, 0.8171875, 0.8078125, 0.809375, 0.8171875, 0.81875, 0.8140625],