{"train": {"acc": [0.5361328125, 0.6345703125, 0.681640625, 0.6935546875, 0.7078125, 0.7353515625, 0.7361328125, 0.741796875, 0.753515625, 0.7603515625, 0.76484375, 0.7681640625, 0.7720703125, 0.778515625, 0.766796875, 0.77890625, 0.78515625, 0.778125, 0.796875, 0.795703125, 0.796484375, 0.791796875, 0.8068359375, 0.799609375, 0.8, 0.8083984375, 0.817578125, 0.8134765625, 0.810546875, 0.8080078125, 0.8173828125, 0.8248046875, 0.8240234375, 0.823828125, 0.8240234375, 0.826953125, 0.8236328125, 0.8310546875, 0.8421875, 0.83984375, 0.843359375, 0.852734375, 0.8439453125, 0.8470703125, 0.85, 0.85078125, 0.8580078125, 0.86171875, 0.8568359375, 0.85625, 0.85703125, 0.8626953125, 0.865625, 0.872265625, 0.869921875, 0.873046875, 0.871875, 0.883984375, 0.8865234375, 0.8900390625, 0.8861328125, 0.8888671875, 0.892578125, 0.8958984375, 0.8970703125, 0.9, 0.903515625, 0.9064453125, 0.9029296875, 0.9115234375, 0.90859375, 0.90859375, 0.9130859375, 0.9060546875, 0.9173828125, 0.920703125, 0.9251953125, 0.924609375, 0.9255859375, 0.92578125, 0.9255859375, 0.9263671875, 0.930078125, 0.925390625, 0.925390625, 0.92890625, 0.9314453125, 0.93203125, 0.936328125, 0.934375, 0.9349609375, 0.9373046875, 0.9380859375, 0.939453125, 0.9390625, 0.937890625, 0.93984375, 0.9412109375, 0.9412109375, 0.9419921875, 0.94140625, 0.9423828125, 0.94375, 0.94296875, 0.9431640625, 0.94296875, 0.9439453125, 0.944921875, 0.945703125, 0.94453125, 0.9462890625, 0.9466796875, 0.947265625, 0.9474609375, 0.94609375, 0.9474609375, 0.94765625, 0.9486328125, 0.9484375, 0.9486328125, 0.9484375, 0.9458984375, 0.9501953125, 0.9482421875, 0.94921875, 0.9498046875, 0.949609375, 0.9490234375, 0.9501953125, 0.949609375, 0.950390625, 0.949609375, 0.9494140625, 0.949609375, 0.9501953125, 0.949609375, 0.9505859375, 0.9501953125, 0.95078125, 0.9501953125, 0.9498046875, 0.950390625, 0.949609375, 0.950390625, 0.95, 0.95, 0.9494140625, 0.9501953125, 0.95078125, 0.95078125], "loss": [2.5858550313152846, 2.4001939055285875, 2.325173543978341, 2.304746787759322, 2.2798170228547687, 2.236631662030763, 2.234112295923354, 2.225052033798604, 2.205765742289869, 2.197096473054041, 2.1888317548775973, 2.1833577488042133, 2.1756603385828717, 2.165060316460042, 2.182308242290835, 2.1653932514069956, 2.154623491854607, 2.1662074599084975, 2.1363398123391066, 2.137536239020432, 2.1371055675458304, 2.1446661903888367, 2.1181026878236215, 2.131525469731681, 2.129727005958557, 2.116624756704403, 2.100841341139395, 2.108531622947017, 2.112998388990571, 2.117120845408379, 2.101058659674246, 2.089440754697293, 2.0895081833948064, 2.0892405223242845, 2.0922510397585135, 2.0854402463647386, 2.091045127639288, 2.080647850338417, 2.0599419165261184, 2.0645918453796, 2.0584078861188284, 2.0434783304793926, 2.058452723901483, 2.0540767666659776, 2.047436925429332, 2.046511770803717, 2.038450892967514, 2.0292866607255573, 2.036052501654323, 2.038816382613363, 2.0337752330152292, 2.024746648872955, 2.022800676430328, 2.0122086413298983, 2.0165871819363366, 2.00858768028549, 2.0126479758492, 1.9918907775154597, 1.9868284599690498, 1.9822686865359922, 1.9883587918704069, 1.9842612049247645, 1.9783973090256317, 1.9741070587423784, 1.970267502567436, 1.9656994041008284, 1.9614862611022177, 1.9558173252057425, 1.9594049468825134, 1.9468499482432498, 1.9521679938593997, 1.9513629433474964, 1.9438144798520245, 1.954312157027329, 1.9379394401477863, 1.9312158400499368, 1.9246423093578484, 1.925936247729048, 1.9236524105072021, 1.9233424889890454, 1.9234152247634115, 1.9222997955129117, 1.9156371883199186, 1.9231744084177138, 1.9233842273301716, 1.9170721211010897, 1.914139112339744, 1.9129242534878887, 1.905883084369611, 1.9084941118578367, 1.9086884954307652, 1.9042496620854246, 1.9037331418146062, 1.9008685591854626, 1.9021302325816094, 1.9025729140148888, 1.9005940458442592, 1.8982878138747397, 1.8973343825038476, 1.8959618339055702, 1.8967120964315873, 1.8960717916488647, 1.8929937353617028, 1.8941266310365894, 1.8944745788091346, 1.8944402178631554, 1.8928622082818913, 1.8919391964055314, 1.8901762388929535, 1.892278656174865, 1.8897069179559056, 1.8892878701415243, 1.8874255720573136, 1.8873665559140942, 1.889403427703471, 1.8873111160495613, 1.8870946259438237, 1.8855486746075787, 1.8852336723593217, 1.8852748403066322, 1.8862098847763449, 1.8895701849007909, 1.8830577165265627, 1.8862255087381676, 1.8845097988466673, 1.8832901957668835, 1.8836263629454602, 1.884788565997836, 1.8829088739201993, 1.8837690096867235, 1.883013692083238, 1.8836556280715555, 1.8837480680851997, 1.883124455620971, 1.8826384257666673, 1.883481701718101, 1.882133814352977, 1.8822966165180448, 1.8819385782072815, 1.8825863901572892, 1.8836341583276097, 1.8827033344703386, 1.8838304009618638, 1.8818610363368746, 1.8829876576797873, 1.883113375192956, 1.8836941688875608, 1.8823492406289788, 1.8817757775511923, 1.881372263159933]}, "valid": {"acc": [0.596875, 0.65, 0.6953125, 0.6890625, 0.7265625, 0.678125, 0.7203125, 0.7546875, 0.7578125, 0.75, 0.771875, 0.778125, 0.765625, 0.7421875, 0.7484375, 0.7671875, 0.7265625, 0.7546875, 0.7828125, 0.78125, 0.7984375, 0.7984375, 0.775, 0.7640625, 0.784375, 0.7546875, 0.7578125, 0.7640625, 0.75625, 0.784375, 0.7859375, 0.753125, 0.759375, 0.759375, 0.7828125, 0.8, 0.8, 0.7828125, 0.79375, 0.7953125, 0.790625, 0.796875, 0.790625, 0.7875, 0.784375, 0.7859375, 0.7921875, 0.8, 0.7984375, 0.8, 0.8015625, 0.7859375, 0.79375, 0.803125, 0.8078125, 0.8015625, 0.80625, 0.8, 0.8109375, 0.8171875, 0.8, 0.8171875, 0.7796875, 0.796875, 0.7984375, 0.809375, 0.8046875, 0.7953125, 0.8015625, 0.8046875, 0.8, 0.8046875, 0.8078125, 0.8125, 0.7984375, 0.796875, 0.796875, 0.790625, 0.7921875, 0.79375, 0.79375, 0.796875, 0.8046875, 0.8109375, 0.8140625, 0.803125, 0.809375, 0.8078125, 0.8078125, 0.8015625, 0.821875, 0.8140625, 0.8078125, 0.8078125, 0.8125, 0.796875, 0.8140625, 0.809375, 0.821875, 0.8046875, 0.809375, 0.8140625, 0.8, 0.8109375, 0.7921875, 0.7890625, 0.7984375, 0.7921875, 0.8, 0.8046875, 0.7921875, 0.8078125, 0.8046875, 0.7984375, 0.7953125, 0.8015625, 0.803125, 0.796875, 0.803125, 0.7984375, 0.796875, 0.7984375, 0.803125, 0.803125, 0.796875, 0.796875, 0.796875, 0.79375, 0.796875, 0.7984375, 0.7984375, 0.790625, 0.7890625, 0.796875, 0.796875, 0.7921875, 0.7921875, 0.796875, 0.790625, 0.7890625, 0.79375, 0.7921875, 0.79375, 0.7984375, 0.796875, 0.79375, 0.796875, 0.7953125, 0.7953125, 0.79375],