{"train": {"acc": [0.55234375, 0.660546875, 0.6734375, 0.7015625, 0.720703125, 0.7279296875, 0.7154296875, 0.745703125, 0.7513671875, 0.755078125, 0.74765625, 0.761328125, 0.7701171875, 0.7732421875, 0.7693359375, 0.759765625, 0.782421875, 0.788671875, 0.7818359375, 0.7845703125, 0.7880859375, 0.78984375, 0.784375, 0.7982421875, 0.807421875, 0.807421875, 0.8076171875, 0.81015625, 0.7935546875, 0.810546875, 0.8068359375, 0.7974609375, 0.808203125, 0.8248046875, 0.8255859375, 0.8330078125, 0.830078125, 0.8328125, 0.8302734375, 0.83359375, 0.8341796875, 0.840625, 0.841015625, 0.835546875, 0.84375, 0.848828125, 0.842578125, 0.8541015625, 0.8576171875, 0.859765625, 0.8669921875, 0.86484375, 0.871484375, 0.86640625, 0.86796875, 0.8759765625, 0.8734375, 0.8720703125, 0.884375, 0.8833984375, 0.88671875, 0.887890625, 0.8923828125, 0.8974609375, 0.8912109375, 0.9033203125, 0.9029296875, 0.9078125, 0.9083984375, 0.9072265625, 0.9083984375, 0.9134765625, 0.9142578125, 0.915625, 0.9115234375, 0.92109375, 0.9177734375, 0.9228515625, 0.9259765625, 0.923828125, 0.9267578125, 0.928125, 0.9310546875, 0.93359375, 0.935546875, 0.93359375, 0.9365234375, 0.9390625, 0.9376953125, 0.9396484375, 0.937890625, 0.9369140625, 0.9392578125, 0.94140625, 0.9416015625, 0.941015625, 0.94296875, 0.94453125, 0.9466796875, 0.9466796875, 0.9458984375, 0.9451171875, 0.9486328125, 0.9462890625, 0.9474609375, 0.9484375, 0.946875, 0.9482421875, 0.948828125, 0.950390625, 0.951953125, 0.9509765625, 0.9515625, 0.9517578125, 0.953125, 0.9537109375, 0.95234375, 0.952734375, 0.953125, 0.95234375, 0.9537109375, 0.95234375, 0.952734375, 0.9533203125, 0.953125, 0.953515625, 0.95390625, 0.953515625, 0.954296875, 0.954296875, 0.9546875, 0.9541015625, 0.953515625, 0.9548828125, 0.9541015625, 0.9537109375, 0.9546875, 0.9548828125, 0.954296875, 0.9544921875, 0.9556640625, 0.954296875, 0.954296875, 0.9548828125, 0.9537109375, 0.9552734375, 0.9537109375, 0.9548828125, 0.9546875, 0.9548828125], "loss": [2.5540106537975844, 2.362354667880867, 2.339332761643808, 2.290668741057191, 2.258963120134571, 2.2482650129100943, 2.2691132147100905, 2.220229753965064, 2.2103999506069134, 2.2035693216927443, 2.2180519662325895, 2.1942935834957074, 2.178654008273837, 2.173137943955916, 2.181091749215428, 2.197036109393156, 2.1585255076613605, 2.1492237154441542, 2.1594343909734413, 2.156798504575898, 2.1517254868640174, 2.1477060182185115, 2.154338794418528, 2.1331149203867854, 2.1174755307692514, 2.1182738421838496, 2.1167583752282058, 2.1133545622040955, 2.1395198484010334, 2.11332353308231, 2.119396021094503, 2.1309806289552133, 2.11441021327731, 2.088985061343712, 2.085329792167567, 2.0762673706948003, 2.0802509905416753, 2.0754389793057983, 2.081725645668899, 2.0759553713134573, 2.0724332423149785, 2.0634478089175645, 2.063223538519461, 2.071484941470472, 2.0588111470017254, 2.0482131936882118, 2.0583639522142048, 2.040911908391156, 2.0351520263696017, 2.0315638071374047, 2.0196110824995404, 2.0206129188779034, 2.01431405544281, 2.0211834500107586, 2.018880450272862, 2.0052059979378423, 2.0088537961621826, 2.0118151148663292, 1.9915355745750138, 1.99395554578757, 1.9878498315811157, 1.985308973095085, 1.9781312535080728, 1.9713500134552582, 1.9800565695460839, 1.9594926788837095, 1.9611003459254397, 1.953727774982211, 1.9519491165499143, 1.9536794846570944, 1.950722531427311, 1.9461419039134737, 1.9422686462160907, 1.9407025439829766, 1.945527045032646, 1.9312933849383005, 1.936807701859293, 1.9284911910189857, 1.9230813089805314, 1.9257658750196047, 1.9233570144146304, 1.9200256881834585, 1.9141144677053523, 1.9105642264402365, 1.9073501976230476, 1.910613191278675, 1.904761886294884, 1.902596878100045, 1.903614973720116, 1.9008961282198942, 1.903742500498325, 1.9044065188757981, 1.9007871362227429, 1.8989313252364532, 1.8966477098344248, 1.8966483918926385, 1.894321053842955, 1.8922589609894571, 1.8889269210115265, 1.8891104384313655, 1.8904592568361307, 1.8903638984583602, 1.8857826990417288, 1.888550363009489, 1.887783706942691, 1.8866326673121392, 1.8886841339401053, 1.8864004823225964, 1.8852972320363492, 1.882005594953706, 1.880994928034046, 1.8815956674044645, 1.8801054290578336, 1.8801938612249833, 1.878089272523228, 1.8773572671262524, 1.8798297402224964, 1.8791334010377716, 1.87759874138651, 1.8792100842994979, 1.8766077892689765, 1.87910712972472, 1.8791462167908874, 1.8779424247862417, 1.878078216238867, 1.8771312614030475, 1.8770576006249537, 1.8769976851306385, 1.8761957265153717, 1.8758169850216637, 1.8755573803865457, 1.8767732396910461, 1.877345302436925, 1.8749564101424399, 1.8767387203023405, 1.8770177832132653, 1.8750744363929652, 1.8750259333019015, 1.8756475448608398, 1.8753361234182044, 1.8743844379352619, 1.8756588621984553, 1.8757333815852297, 1.8749820567384552, 1.8765577062775818, 1.874256055566329, 1.8761202021490169, 1.8747011770175983, 1.8748888863792903, 1.8754205764094485]}, "valid": {"acc": [0.5796875, 0.640625, 0.6703125, 0.715625, 0.68125, 0.7359375, 0.7015625, 0.7171875, 0.7671875, 0.7, 0.721875, 0.7109375, 0.7625, 0.7765625, 0.7515625, 0.78125, 0.7578125, 0.7625, 0.7578125, 0.7890625, 0.76875, 0.74375, 0.7578125, 0.746875, 0.771875, 0.778125, 0.76875, 0.75625, 0.740625, 0.7734375, 0.778125, 0.7484375, 0.784375, 0.8, 0.775, 0.7859375, 0.7859375, 0.775, 0.7765625, 0.778125, 0.7859375, 0.790625, 0.79375, 0.778125, 0.7828125, 0.7625, 0.7859375, 0.7875, 0.7671875, 0.7921875, 0.7734375, 0.775, 0.7703125, 0.778125, 0.7921875, 0.7859375, 0.7828125, 0.7921875, 0.784375, 0.7828125, 0.7859375, 0.784375, 0.796875, 0.7875, 0.8, 0.790625, 0.809375, 0.8046875, 0.7984375, 0.8140625, 0.803125, 0.7859375, 0.7796875, 0.79375, 0.8015625, 0.80625, 0.8, 0.790625, 0.790625, 0.790625, 0.7953125, 0.7859375, 0.7953125, 0.80625, 0.7875, 0.796875, 0.803125, 0.7984375, 0.80625, 0.8046875, 0.8015625, 0.8078125, 0.8, 0.8078125, 0.79375, 0.8, 0.809375, 0.81875, 0.8125, 0.81875, 0.8109375, 0.8015625, 0.809375, 0.8140625, 0.803125, 0.8015625, 0.796875, 0.803125, 0.7921875, 0.8, 0.790625, 0.803125, 0.8078125, 0.7984375, 0.8015625, 0.8015625, 0.7984375, 0.8, 0.8046875, 0.809375, 0.8078125, 0.8015625, 0.8046875, 0.80625, 0.8078125, 0.809375, 0.80625, 0.8046875, 0.8078125, 0.8125, 0.8109375, 0.8140625, 0.81875, 0.81875, 0.81875, 0.8171875, 0.8171875, 0.8125, 0.815625, 0.8109375, 0.8109375, 0.8109375, 0.8140625, 0.8078125, 0.8140625, 0.8078125, 0.8109375, 0.8140625, 0.8125, 0.815625],