{"train": {"acc": [0.54921875, 0.6376953125, 0.6876953125, 0.6982421875, 0.7232421875, 0.7361328125, 0.747265625, 0.7578125, 0.7517578125, 0.7630859375, 0.7591796875, 0.7521484375, 0.7630859375, 0.78125, 0.7802734375, 0.7884765625, 0.7818359375, 0.784375, 0.7900390625, 0.7865234375, 0.7947265625, 0.8048828125, 0.7880859375, 0.7869140625, 0.811328125, 0.8185546875, 0.8181640625, 0.8103515625, 0.8078125, 0.8044921875, 0.8056640625, 0.8162109375, 0.820703125, 0.8279296875, 0.8283203125, 0.8376953125, 0.8322265625, 0.835546875, 0.838671875, 0.842578125, 0.83671875, 0.84375, 0.84375, 0.8275390625, 0.832421875, 0.84375, 0.8423828125, 0.8515625, 0.8486328125, 0.8505859375, 0.85859375, 0.866796875, 0.8728515625, 0.872265625, 0.87578125, 0.8791015625, 0.881640625, 0.8720703125, 0.8787109375, 0.8806640625, 0.8876953125, 0.884765625, 0.8931640625, 0.8935546875, 0.8951171875, 0.894140625, 0.89296875, 0.898046875, 0.9044921875, 0.902734375, 0.9064453125, 0.9015625, 0.9029296875, 0.91015625, 0.910546875, 0.91328125, 0.908984375, 0.9107421875, 0.916015625, 0.9158203125, 0.915625, 0.9140625, 0.91640625, 0.914453125, 0.9169921875, 0.9162109375, 0.921484375, 0.919140625, 0.92421875, 0.926953125, 0.926953125, 0.9265625, 0.928125, 0.92890625, 0.9328125, 0.9326171875, 0.93125, 0.9318359375, 0.933984375, 0.9337890625, 0.9337890625, 0.9341796875, 0.9349609375, 0.9349609375, 0.935546875, 0.9369140625, 0.937109375, 0.9384765625, 0.93984375, 0.9390625, 0.9390625, 0.939453125, 0.9396484375, 0.9380859375, 0.9388671875, 0.940234375, 0.9408203125, 0.94140625, 0.9416015625, 0.9431640625, 0.9421875, 0.9421875, 0.9421875, 0.943359375, 0.9431640625, 0.9431640625, 0.9431640625, 0.9439453125, 0.944140625, 0.944140625, 0.9443359375, 0.9443359375, 0.9443359375, 0.9455078125, 0.9451171875, 0.9455078125, 0.944140625, 0.944140625, 0.94453125, 0.9455078125, 0.94453125, 0.944921875, 0.94609375, 0.9435546875, 0.9455078125, 0.9435546875, 0.9439453125, 0.9451171875, 0.9443359375, 0.9455078125], "loss": [2.561248779296875, 2.397610305230829, 2.316434893427016, 2.294519871096068, 2.255877479722228, 2.2361847569670856, 2.2175379870813106, 2.1981982671761813, 2.2109920510762855, 2.191292297991016, 2.200935289829592, 2.209098785738402, 2.1908398232882536, 2.1614288921597637, 2.1609169682369957, 2.148550379125378, 2.159461053111885, 2.155577600756778, 2.144777741613267, 2.150768370567998, 2.137256571009189, 2.1228409296349633, 2.1482383344746845, 2.150910244712347, 2.1130523500563223, 2.101041798350177, 2.100572575496722, 2.1113461210757873, 2.117510861988309, 2.1229823027985004, 2.120051883444001, 2.1028198758258094, 2.0952332744115516, 2.0861324313320693, 2.083199944677232, 2.0689949415907076, 2.0766702860216553, 2.071712276603602, 2.065644849704791, 2.0600324657898916, 2.0685648178752465, 2.058783072459547, 2.0585667257067524, 2.0858928614024874, 2.0755903328521343, 2.0580501043343844, 2.05989345417747, 2.0463310163232347, 2.049046164826502, 2.0459877916529208, 2.0329255997380122, 2.0213539268397076, 2.0092841945117033, 2.0116856430150287, 2.006113812893252, 2.0006641496585895, 1.9960645150534715, 2.0124739438672608, 1.999624875527394, 1.9958030724827247, 1.985622603682023, 1.9901461299461654, 1.977932558784002, 1.976817505269111, 1.973680832717992, 1.9746325544164152, 1.9772293341310718, 1.9681573547894442, 1.9575794648520555, 1.9608559955524494, 1.9546286290204977, 1.9618998630137383, 1.9623064345951322, 1.9479816110828254, 1.947932537597946, 1.9442840603333484, 1.9514236676542065, 1.9478997248637526, 1.9388101206550115, 1.9400203650510763, 1.9400584908980358, 1.9423925016499772, 1.9394020747534837, 1.9413619584675077, 1.9386244348332853, 1.93830473362645, 1.930618020552623, 1.93440319012992, 1.9261171395265604, 1.9205053863646109, 1.9221804126908508, 1.9211590440967414, 1.9196139679679387, 1.9181233176702186, 1.912895693054682, 1.9122530553914323, 1.9135619598098947, 1.913215800176693, 1.909903235073331, 1.9102186885061143, 1.9105128532723537, 1.9092004827306241, 1.9082118800923795, 1.9080297177350973, 1.9069836049140254, 1.9049727207497706, 1.9040169474444812, 1.902108129066757, 1.9000054763842233, 1.901418669314324, 1.9015188805664642, 1.9005601074122176, 1.900498153288153, 1.902551445779921, 1.9020606641527973, 1.8989973792546913, 1.8983737049223501, 1.8972620798062674, 1.8973773823508733, 1.8945920452286926, 1.8965002509612072, 1.8959191433991058, 1.895912900755677, 1.8937072904804084, 1.8950167275682281, 1.8939009769053399, 1.8941369479215597, 1.8934881943690627, 1.8928425568568557, 1.8921649139138716, 1.8923726836337318, 1.8922213451771797, 1.8925039149537872, 1.890409001821204, 1.8914947298508655, 1.8908301244808148, 1.8923288327229173, 1.8925429356249073, 1.891848182376427, 1.8901976995830294, 1.892177242266981, 1.8916785007790675, 1.889469161818299, 1.8932550889027269, 1.8899985808360427, 1.8937885414195965, 1.8931011700931983, 1.8909811173813253, 1.8916362735289562, 1.8906320273121702]}, "valid": {"acc": [0.4875, 0.390625, 0.671875, 0.6875, 0.7203125, 0.7140625, 0.7609375, 0.7296875, 0.7359375, 0.728125, 0.74375, 0.7546875, 0.7703125, 0.7890625, 0.7828125, 0.7484375, 0.76875, 0.759375, 0.7765625, 0.7625, 0.7859375, 0.746875, 0.784375, 0.759375, 0.784375, 0.7859375, 0.78125, 0.771875, 0.7734375, 0.775, 0.7828125, 0.784375, 0.8046875, 0.7828125, 0.7921875, 0.8109375, 0.78125, 0.7796875, 0.7875, 0.778125, 0.7671875, 0.8015625, 0.79375, 0.784375, 0.8015625, 0.796875, 0.78125, 0.784375, 0.78125, 0.8015625, 0.8078125, 0.8125, 0.8, 0.796875, 0.7984375, 0.7859375, 0.80625, 0.7953125, 0.8046875, 0.7984375, 0.8125, 0.809375, 0.79375, 0.7890625, 0.803125, 0.8125, 0.809375, 0.8046875, 0.8046875, 0.8078125, 0.8125, 0.81875, 0.803125, 0.8140625, 0.809375, 0.815625, 0.8125, 0.8140625, 0.815625, 0.81875, 0.8, 0.803125, 0.7953125, 0.7890625, 0.8203125, 0.79375, 0.8125, 0.8109375, 0.8046875, 0.803125, 0.8125, 0.815625, 0.815625, 0.8296875, 0.8296875, 0.821875, 0.8140625, 0.8140625, 0.815625, 0.8015625, 0.8046875, 0.80625, 0.803125, 0.80625, 0.8015625, 0.809375, 0.8109375, 0.815625, 0.8171875, 0.821875, 0.81875, 0.81875, 0.81875, 0.80625, 0.8046875, 0.8125, 0.8140625, 0.809375, 0.8140625, 0.815625, 0.8125, 0.8125, 0.80625, 0.80625, 0.8078125, 0.8078125, 0.80625, 0.8015625, 0.809375, 0.8, 0.803125, 0.8046875, 0.8125, 0.8015625, 0.8046875, 0.803125, 0.8046875, 0.80625, 0.8, 0.80625, 0.803125, 0.8, 0.8, 0.803125, 0.803125, 0.803125, 0.8015625, 0.8015625, 0.8046875, 0.7984375],