{"train": {"acc": [0.541796875, 0.6283203125, 0.671875, 0.7060546875, 0.7119140625, 0.7353515625, 0.7447265625, 0.7572265625, 0.7501953125, 0.771484375, 0.7642578125, 0.76796875, 0.77265625, 0.775390625, 0.7703125, 0.7865234375, 0.7884765625, 0.7822265625, 0.79921875, 0.805859375, 0.8037109375, 0.803515625, 0.7908203125, 0.795703125, 0.8029296875, 0.7931640625, 0.80390625, 0.817578125, 0.8171875, 0.819140625, 0.8126953125, 0.8138671875, 0.814453125, 0.8234375, 0.826953125, 0.8166015625, 0.8310546875, 0.822265625, 0.8244140625, 0.830859375, 0.8142578125, 0.833984375, 0.826953125, 0.8314453125, 0.8373046875, 0.8484375, 0.8482421875, 0.853515625, 0.8498046875, 0.8556640625, 0.8421875, 0.8541015625, 0.858984375, 0.857421875, 0.871875, 0.852734375, 0.8640625, 0.8626953125, 0.87734375, 0.8724609375, 0.882421875, 0.882421875, 0.8841796875, 0.891015625, 0.892578125, 0.8892578125, 0.89375, 0.896875, 0.898828125, 0.90390625, 0.9017578125, 0.912890625, 0.9080078125, 0.9119140625, 0.91328125, 0.9109375, 0.91796875, 0.9154296875, 0.91484375, 0.9212890625, 0.923828125, 0.923828125, 0.9234375, 0.9271484375, 0.9283203125, 0.9306640625, 0.9296875, 0.9283203125, 0.9298828125, 0.93359375, 0.9333984375, 0.9326171875, 0.934375, 0.934765625, 0.9357421875, 0.9357421875, 0.9333984375, 0.9380859375, 0.9369140625, 0.937109375, 0.93984375, 0.939453125, 0.940625, 0.939453125, 0.94140625, 0.93984375, 0.941796875, 0.9421875, 0.9423828125, 0.94296875, 0.943359375, 0.945703125, 0.94453125, 0.9462890625, 0.9455078125, 0.9453125, 0.9455078125, 0.945703125, 0.9462890625, 0.9458984375, 0.9470703125, 0.9466796875, 0.9478515625, 0.94765625, 0.948046875, 0.947265625, 0.948828125, 0.948828125, 0.947265625, 0.9484375, 0.948828125, 0.948046875, 0.948828125, 0.948828125, 0.9490234375, 0.9494140625, 0.9494140625, 0.948828125, 0.95, 0.948828125, 0.94921875, 0.9498046875, 0.9498046875, 0.9490234375, 0.948828125, 0.9494140625, 0.9494140625, 0.95, 0.9490234375, 0.9494140625], "loss": [2.575906017158605, 2.4099030524869507, 2.341052930566329, 2.2817735792715337, 2.272943451434751, 2.2386988567400583, 2.2208359241485596, 2.2001761560198627, 2.2122541092619112, 2.179099384742447, 2.1869563498074496, 2.182541747636433, 2.1749326262292983, 2.171867986268635, 2.1777745787101455, 2.152766401254678, 2.148004773296887, 2.156722847419449, 2.133106836789771, 2.1220685575581806, 2.1262850459617906, 2.1251417851146264, 2.144837451886527, 2.1363047768798054, 2.1235791067533856, 2.141342618797399, 2.123251853109915, 2.102138114880912, 2.1020773619036133, 2.100011273275448, 2.108596163459971, 2.1074555508698087, 2.106146549876732, 2.0920351245735267, 2.0856047280227084, 2.1009857594212398, 2.079900571062595, 2.095078053353708, 2.091275492800942, 2.0816982230053673, 2.105997569953339, 2.0745150665693646, 2.0858924449244634, 2.0776465935043142, 2.068756710124921, 2.049418455437769, 2.0518111081062993, 2.042060590997527, 2.0470383574691, 2.039704108540016, 2.061021189146404, 2.0411182596713684, 2.0336442099341863, 2.035439346410051, 2.013681494736973, 2.0405202756954144, 2.025100294547745, 2.0240535358839398, 2.0027751122848896, 2.011179355126393, 1.9943229322192035, 1.9936858506142339, 1.993544643438315, 1.9798203676561765, 1.9772599860082698, 1.9842311596568627, 1.9760602365566204, 1.9715498580208308, 1.9689419435549387, 1.959180729298652, 1.9629356498959698, 1.9465482340583318, 1.952129127104071, 1.9463729752769954, 1.9438603361950646, 1.9474847799615016, 1.9362542463254324, 1.9416135187390484, 1.9403925349440756, 1.9315832611880726, 1.927751136731498, 1.9259584523454498, 1.9264985398401189, 1.9213088283055946, 1.9194653683070895, 1.9156849761552448, 1.9168478310862673, 1.9179148130779025, 1.9173040012770062, 1.9110285058806213, 1.9104793237734445, 1.9120249461524095, 1.9101573093028008, 1.9078039142149914, 1.9063644997681244, 1.9079318227647226, 1.91129518309726, 1.903101700770704, 1.9045025442219987, 1.9045574167106725, 1.9007903669453874, 1.9005946781061873, 1.8990372841871237, 1.8999894087827658, 1.897082131120223, 1.9004764451256282, 1.8969340203683587, 1.8960805799387679, 1.8957293380664875, 1.8948070746433885, 1.8940875545332703, 1.890722428696065, 1.8920629507378688, 1.889893491056901, 1.8914319291899475, 1.8905542470231842, 1.8898210917847067, 1.890321585196483, 1.8893207009834578, 1.890008547638036, 1.8882005154332029, 1.8886081674430943, 1.8868638231784483, 1.8868721059606046, 1.8865685689298413, 1.887033298045774, 1.88532995574082, 1.8848907615565047, 1.886953993688656, 1.8858754589587827, 1.8848115447201306, 1.8862131879299502, 1.8852788692788234, 1.884649171104914, 1.8849521483047098, 1.884432757957072, 1.8841442805302293, 1.8843350757526447, 1.8832034098951123, 1.8849410090265395, 1.8842492450641681, 1.8832480771632134, 1.8832591500463365, 1.8846493627451644, 1.8845660113081146, 1.884360035763511, 1.8840779262253, 1.8829467296600342, 1.8848517333404928, 1.8838738791550262]}, "valid": {"acc": [0.50625, 0.6453125, 0.678125, 0.6703125, 0.7359375, 0.70625, 0.746875, 0.715625, 0.7265625, 0.6578125, 0.778125, 0.7203125, 0.759375, 0.7578125, 0.746875, 0.7484375, 0.771875, 0.7546875, 0.775, 0.7734375, 0.7875, 0.771875, 0.771875, 0.7765625, 0.778125, 0.7546875, 0.75, 0.7765625, 0.7875, 0.7703125, 0.753125, 0.734375, 0.7765625, 0.778125, 0.7671875, 0.78125, 0.7640625, 0.7625, 0.771875, 0.75, 0.765625, 0.7875, 0.75625, 0.75, 0.796875, 0.765625, 0.7890625, 0.7890625, 0.759375, 0.721875, 0.765625, 0.7921875, 0.784375, 0.79375, 0.771875, 0.76875, 0.76875, 0.796875, 0.796875, 0.7765625, 0.7984375, 0.7921875, 0.796875, 0.7921875, 0.790625, 0.790625, 0.7921875, 0.796875, 0.8046875, 0.79375, 0.7921875, 0.78125, 0.796875, 0.7859375, 0.7875, 0.7890625, 0.7921875, 0.78125, 0.790625, 0.7875, 0.7921875, 0.7828125, 0.78125, 0.80625, 0.7875, 0.7828125, 0.7734375, 0.7890625, 0.7953125, 0.7984375, 0.7859375, 0.796875, 0.784375, 0.7953125, 0.790625, 0.7875, 0.79375, 0.7921875, 0.8, 0.7953125, 0.7984375, 0.8015625, 0.796875, 0.790625, 0.79375, 0.79375, 0.784375, 0.8, 0.8015625, 0.8, 0.7953125, 0.79375, 0.79375, 0.79375, 0.7875, 0.7921875, 0.79375, 0.7953125, 0.8, 0.79375, 0.790625, 0.7921875, 0.8, 0.7859375, 0.7921875, 0.7921875, 0.7921875, 0.790625, 0.7890625, 0.7984375, 0.7984375, 0.8, 0.79375, 0.79375, 0.790625, 0.7921875, 0.796875, 0.7921875, 0.7953125, 0.7921875, 0.79375, 0.796875, 0.79375, 0.79375, 0.79375, 0.79375, 0.7921875, 0.7953125, 0.7953125, 0.79375],