{"train": {"acc": [0.5392578125, 0.6248046875, 0.683203125, 0.7037109375, 0.721484375, 0.726171875, 0.7220703125, 0.75078125, 0.7525390625, 0.74921875, 0.7703125, 0.775, 0.77578125, 0.779296875, 0.7732421875, 0.7814453125, 0.7595703125, 0.7775390625, 0.789453125, 0.7859375, 0.786328125, 0.7923828125, 0.804296875, 0.7939453125, 0.7916015625, 0.797265625, 0.8052734375, 0.798046875, 0.801171875, 0.817578125, 0.824609375, 0.8234375, 0.819921875, 0.826953125, 0.826171875, 0.833203125, 0.8357421875, 0.8244140625, 0.826953125, 0.8310546875, 0.83671875, 0.8259765625, 0.84296875, 0.8443359375, 0.848828125, 0.8423828125, 0.8580078125, 0.8490234375, 0.8580078125, 0.85625, 0.8619140625, 0.8705078125, 0.8712890625, 0.8693359375, 0.8732421875, 0.8732421875, 0.8779296875, 0.883984375, 0.8814453125, 0.895703125, 0.893359375, 0.8857421875, 0.8931640625, 0.89921875, 0.8958984375, 0.897265625, 0.8935546875, 0.90234375, 0.9044921875, 0.9078125, 0.908203125, 0.916015625, 0.9126953125, 0.9107421875, 0.9125, 0.91640625, 0.9212890625, 0.921484375, 0.9220703125, 0.92109375, 0.9236328125, 0.9263671875, 0.930078125, 0.9298828125, 0.9318359375, 0.93359375, 0.9310546875, 0.9302734375, 0.9318359375, 0.933984375, 0.933984375, 0.9341796875, 0.93125, 0.9361328125, 0.93671875, 0.9369140625, 0.9361328125, 0.9373046875, 0.9361328125, 0.9396484375, 0.940234375, 0.94140625, 0.9392578125, 0.9400390625, 0.9412109375, 0.9419921875, 0.94375, 0.94296875, 0.9439453125, 0.9435546875, 0.9435546875, 0.944921875, 0.9439453125, 0.9447265625, 0.9451171875, 0.9455078125, 0.945703125, 0.9447265625, 0.9451171875, 0.94453125, 0.9462890625, 0.9462890625, 0.9462890625, 0.9458984375, 0.94765625, 0.946484375, 0.9470703125, 0.9474609375, 0.9474609375, 0.948046875, 0.9486328125, 0.9482421875, 0.9482421875, 0.9484375, 0.9494140625, 0.948828125, 0.9486328125, 0.94921875, 0.949609375, 0.9498046875, 0.9478515625, 0.9482421875, 0.948046875, 0.948828125, 0.94921875, 0.9498046875, 0.9484375, 0.9486328125, 0.948046875, 0.9494140625], "loss": [2.581492052802557, 2.4183046606522574, 2.320899314518216, 2.2877773936790757, 2.2632785628113568, 2.2505416266525846, 2.2568538430370864, 2.2091431738455083, 2.2068611836131615, 2.211389028573338, 2.1791411185566383, 2.1718407461914837, 2.169763577135303, 2.165173234818857, 2.174588404124296, 2.16192890118949, 2.1951828636700594, 2.1654015326801734, 2.149199656293362, 2.153316239767437, 2.151809853843496, 2.1423934154872653, 2.1211957674992235, 2.1415918808949144, 2.142597094366822, 2.1331950109216233, 2.120375265049029, 2.1347711493697346, 2.1266718846333177, 2.102465985696527, 2.0878163470497615, 2.089358670802056, 2.098465979853763, 2.087588655797741, 2.087942396538167, 2.0772746077066735, 2.072789257085776, 2.089823973329761, 2.0859163607223126, 2.0804378910909724, 2.070374396782887, 2.0847749000863183, 2.0599197511431537, 2.0583793196497084, 2.0489987089664123, 2.0597925231426575, 2.0343310365194007, 2.0501440688024593, 2.0333865383003333, 2.0384097340740737, 2.0294482783426213, 2.014596484884431, 2.014435150955297, 2.0171079786517954, 2.0094108475914485, 2.009530891346026, 2.002338451675222, 1.992643502694142, 1.9949562519411497, 1.9743969742255876, 1.9757102411004561, 1.9889293592187423, 1.9774031940894792, 1.9668028897876981, 1.973268318779861, 1.9713663043855112, 1.975830666626556, 1.9615727059448822, 1.958866120893744, 1.9532611732241474, 1.9525934684125683, 1.9401123508622375, 1.9441874751561805, 1.9484906347492073, 1.9437415418745596, 1.9392384320874758, 1.9304177217845675, 1.9295273868343499, 1.9298127844363828, 1.9317321837702883, 1.9275814460802683, 1.9214643858656097, 1.9169202152686784, 1.9165082430537743, 1.9140141462977929, 1.9111927325212503, 1.9136724713482434, 1.915424321271196, 1.9133337630501277, 1.9095795607265038, 1.9082976172241983, 1.90926422650301, 1.9135158771201024, 1.9060477908653548, 1.904537065119683, 1.90513553045973, 1.90582210504556, 1.9036249405221095, 1.9057676671426507, 1.9012353631514538, 1.8989770125739183, 1.897328781176217, 1.9007820811452745, 1.8996375678460808, 1.8977390557904787, 1.8963631663141371, 1.8944401001628441, 1.8950728374191477, 1.8930714311479013, 1.8935815850390663, 1.893441317956659, 1.8914433249944373, 1.893312861647787, 1.8916554466078552, 1.8910501591766937, 1.8912329130534884, 1.8910772740086423, 1.8916972709607474, 1.8909467202198655, 1.891491767726367, 1.8894281010084515, 1.8890941339203073, 1.8893582820892334, 1.8898864893973628, 1.8871108942394015, 1.8889682006232347, 1.8875810602043248, 1.8868683772751047, 1.887345110313802, 1.8870193430140048, 1.8855584407154518, 1.885713681390014, 1.8861797021914133, 1.8859809003298795, 1.884558292883861, 1.8853877526295335, 1.8854222101501272, 1.884139995031719, 1.8839727987216999, 1.8835105760188042, 1.8869501065604295, 1.885726575610004, 1.8861855962608434, 1.8851627669756925, 1.88432695594015, 1.8831789855715595, 1.8854368396952181, 1.8855069030689289, 1.8863823972170866, 1.8842038006722173]}, "valid": {"acc": [0.5546875, 0.1984375, 0.6625, 0.6796875, 0.6921875, 0.690625, 0.7015625, 0.7453125, 0.73125, 0.7171875, 0.7546875, 0.7234375, 0.7765625, 0.7515625, 0.753125, 0.75625, 0.7609375, 0.7703125, 0.7578125, 0.7765625, 0.7671875, 0.75625, 0.7640625, 0.6828125, 0.7484375, 0.759375, 0.7859375, 0.7296875, 0.7890625, 0.765625, 0.7828125, 0.778125, 0.8078125, 0.80625, 0.790625, 0.753125, 0.778125, 0.765625, 0.7546875, 0.7859375, 0.7703125, 0.79375, 0.790625, 0.778125, 0.7890625, 0.7703125, 0.79375, 0.8015625, 0.7875, 0.771875, 0.8078125, 0.7953125, 0.7796875, 0.7921875, 0.8046875, 0.809375, 0.8, 0.8171875, 0.815625, 0.8125, 0.8109375, 0.7953125, 0.815625, 0.79375, 0.796875, 0.8015625, 0.8, 0.796875, 0.8171875, 0.8046875, 0.815625, 0.790625, 0.7984375, 0.7921875, 0.7921875, 0.809375, 0.8046875, 0.8125, 0.8046875, 0.809375, 0.803125, 0.8, 0.7953125, 0.8046875, 0.809375, 0.809375, 0.803125, 0.7921875, 0.809375, 0.803125, 0.7859375, 0.7984375, 0.80625, 0.8, 0.8015625, 0.803125, 0.8015625, 0.809375, 0.7953125, 0.7921875, 0.79375, 0.80625, 0.8140625, 0.8140625, 0.8140625, 0.8140625, 0.815625, 0.815625, 0.8125, 0.809375, 0.8140625, 0.815625, 0.8171875, 0.8140625, 0.821875, 0.8140625, 0.81875, 0.81875, 0.809375, 0.81875, 0.81875, 0.815625, 0.8203125, 0.8125, 0.8171875, 0.8109375, 0.815625, 0.8125, 0.8171875, 0.8140625, 0.809375, 0.8078125, 0.8140625, 0.8125, 0.8125, 0.8078125, 0.8140625, 0.8125, 0.8140625, 0.815625, 0.8109375, 0.809375, 0.815625, 0.8140625, 0.8125, 0.8171875, 0.815625, 0.8171875, 0.8125, 0.8140625],