{"train": {"acc": [0.5376953125, 0.64296875, 0.6833984375, 0.7212890625, 0.7251953125, 0.735546875, 0.721875, 0.7453125, 0.751171875, 0.76015625, 0.76640625, 0.7611328125, 0.7638671875, 0.76640625, 0.7662109375, 0.768359375, 0.7814453125, 0.8, 0.784375, 0.78984375, 0.7775390625, 0.7921875, 0.8060546875, 0.801171875, 0.808203125, 0.8048828125, 0.814453125, 0.808984375, 0.80625, 0.79921875, 0.803515625, 0.81796875, 0.8236328125, 0.82265625, 0.821484375, 0.82890625, 0.8185546875, 0.8357421875, 0.8244140625, 0.824609375, 0.8375, 0.846875, 0.8458984375, 0.84296875, 0.833984375, 0.8486328125, 0.8443359375, 0.8556640625, 0.8576171875, 0.845703125, 0.8583984375, 0.8556640625, 0.866015625, 0.8580078125, 0.86328125, 0.87265625, 0.8783203125, 0.884375, 0.8732421875, 0.8826171875, 0.8732421875, 0.8681640625, 0.8802734375, 0.887890625, 0.885546875, 0.8876953125, 0.8892578125, 0.8955078125, 0.8947265625, 0.8982421875, 0.906640625, 0.9048828125, 0.9091796875, 0.9068359375, 0.905078125, 0.9099609375, 0.914453125, 0.91875, 0.919140625, 0.9193359375, 0.9193359375, 0.9240234375, 0.92421875, 0.921875, 0.9248046875, 0.919921875, 0.9228515625, 0.9251953125, 0.928515625, 0.928125, 0.92578125, 0.931640625, 0.932421875, 0.9337890625, 0.93125, 0.9337890625, 0.9357421875, 0.93359375, 0.9357421875, 0.9353515625, 0.9365234375, 0.9373046875, 0.938671875, 0.9361328125, 0.9380859375, 0.9396484375, 0.940625, 0.9388671875, 0.93984375, 0.940625, 0.9408203125, 0.940625, 0.9412109375, 0.941015625, 0.9419921875, 0.9431640625, 0.9421875, 0.9423828125, 0.9419921875, 0.9423828125, 0.94375, 0.942578125, 0.9431640625, 0.943359375, 0.94375, 0.943359375, 0.9439453125, 0.944140625, 0.9451171875, 0.9443359375, 0.9451171875, 0.9455078125, 0.9458984375, 0.9458984375, 0.9453125, 0.944921875, 0.9453125, 0.9451171875, 0.9455078125, 0.9447265625, 0.9453125, 0.946484375, 0.9453125, 0.9453125, 0.9462890625, 0.94609375, 0.9455078125, 0.947265625, 0.9462890625, 0.946875], "loss": [2.5834729037707365, 2.3835516911518724, 2.3210875022260447, 2.258156145675273, 2.253236200236067, 2.2372244943546344, 2.2598666299747516, 2.2191980473602873, 2.211624969409991, 2.197111838980566, 2.184801755072195, 2.19324125217486, 2.189947943144207, 2.185860383359692, 2.1842506067662297, 2.1791223498839365, 2.160506067396719, 2.1312724910204923, 2.1574180352536936, 2.1477334423910213, 2.1673900432224515, 2.1420997290671626, 2.1178421370590788, 2.1270745313620267, 2.1157050706163236, 2.1228401781637456, 2.1064534579651264, 2.1152791101721267, 2.118811417229568, 2.131245528595357, 2.1236605568777156, 2.100713889810103, 2.0924279765237737, 2.0911790887011756, 2.0953757762908936, 2.0826036054876784, 2.097606913952888, 2.0729623821717276, 2.090454599525355, 2.089377466636368, 2.069363945647131, 2.0520561118669147, 2.0552522472188444, 2.060296953478946, 2.0731481449513494, 2.0502088266082956, 2.058311389971383, 2.0384798728967013, 2.03589816636677, 2.0550538256198547, 2.033718124220643, 2.0389546487904804, 2.0232389727725257, 2.0346661579759817, 2.0270117219490342, 2.0099418706531766, 2.0007659317571904, 1.9921596487866173, 2.008349190784406, 1.9938079073459287, 2.0077551271342022, 2.0166571215738225, 1.9972784458836423, 1.9858042997649954, 1.9910480885566035, 1.9858588266976271, 1.9815794923637486, 1.973770779899404, 1.975088981133473, 1.9677860314332987, 1.9549917706960365, 1.958290047283414, 1.9509820515596414, 1.9547347162343278, 1.9568927046618885, 1.9485393943665903, 1.9421257806729666, 1.9342909568472753, 1.9351578513278236, 1.9325907109658929, 1.9354496424711203, 1.926930745945701, 1.9268293984328644, 1.930492124980009, 1.924725120580649, 1.9321906626979006, 1.9288418836231473, 1.924839526792116, 1.9185842109631888, 1.919761733163761, 1.9233181718029553, 1.9145670691622962, 1.9122291697731502, 1.9104232531559617, 1.9132778720010686, 1.9090893691099142, 1.9064087007619157, 1.909779524501366, 1.9066895367224006, 1.9069714380215994, 1.9051341859600213, 1.9042526981498622, 1.9020126710964154, 1.9064394461957714, 1.9039377894582628, 1.9008904952037184, 1.898850593385817, 1.9015658067751535, 1.8994374350656438, 1.898845846139932, 1.8982841712010057, 1.8984894586514822, 1.89686331567885, 1.8981739252428464, 1.8960048865668382, 1.8947543222692949, 1.895628965353664, 1.8957841094536116, 1.8959089049810096, 1.8961408907854105, 1.8934799613831919, 1.894807620893551, 1.8946359157562256, 1.8940037700194348, 1.8927462387688552, 1.8934223591526853, 1.8935719713380066, 1.8933786621576623, 1.8910753455343126, 1.8923898588252972, 1.8913959415653083, 1.8906144446964506, 1.8899283590196054, 1.8902795073352283, 1.8907880692542354, 1.8914212501501735, 1.8910448460639278, 1.8913295902783358, 1.890805366673047, 1.8917869963223422, 1.8913222294819505, 1.889072359362735, 1.8914631046826327, 1.8910943149011346, 1.8891628814648977, 1.8895273178438596, 1.890471330171899, 1.8879137356070024, 1.8891757907746713, 1.8884471413455433]}, "valid": {"acc": [0.5328125, 0.6140625, 0.6796875, 0.646875, 0.6875, 0.70625, 0.7390625, 0.73125, 0.765625, 0.75, 0.75625, 0.7390625, 0.734375, 0.7640625, 0.7578125, 0.75625, 0.7875, 0.7828125, 0.753125, 0.7421875, 0.7515625, 0.7765625, 0.796875, 0.79375, 0.7609375, 0.7671875, 0.7796875, 0.7671875, 0.76875, 0.7859375, 0.771875, 0.8015625, 0.7796875, 0.771875, 0.784375, 0.8, 0.7671875, 0.75, 0.7703125, 0.7875, 0.7921875, 0.784375, 0.76875, 0.746875, 0.78125, 0.7984375, 0.7953125, 0.7796875, 0.8015625, 0.7765625, 0.7921875, 0.7734375, 0.7984375, 0.7921875, 0.815625, 0.8171875, 0.7859375, 0.7921875, 0.775, 0.8, 0.784375, 0.784375, 0.803125, 0.79375, 0.7984375, 0.8, 0.8109375, 0.790625, 0.796875, 0.79375, 0.7953125, 0.815625, 0.8046875, 0.79375, 0.790625, 0.8046875, 0.8015625, 0.809375, 0.8, 0.80625, 0.7953125, 0.8046875, 0.80625, 0.8140625, 0.79375, 0.803125, 0.7984375, 0.8, 0.803125, 0.815625, 0.803125, 0.7953125, 0.8046875, 0.7984375, 0.8078125, 0.7984375, 0.7984375, 0.7984375, 0.8046875, 0.8015625, 0.8140625, 0.8078125, 0.8046875, 0.80625, 0.8109375, 0.8109375, 0.821875, 0.8078125, 0.8078125, 0.8140625, 0.809375, 0.81875, 0.8125, 0.8171875, 0.8234375, 0.8203125, 0.8140625, 0.8171875, 0.815625, 0.815625, 0.8203125, 0.815625, 0.8125, 0.8109375, 0.8171875, 0.809375, 0.8125, 0.815625, 0.8078125, 0.8109375, 0.8125, 0.809375, 0.8109375, 0.8203125, 0.8140625, 0.8125, 0.80625, 0.8109375, 0.8109375, 0.809375, 0.8125, 0.8078125, 0.8140625, 0.80625, 0.8125, 0.8140625, 0.8171875, 0.815625, 0.8125, 0.8078125],