{"train": {"acc": [0.5537109375, 0.6533203125, 0.6751953125, 0.7064453125, 0.7263671875, 0.7265625, 0.7267578125, 0.7515625, 0.73203125, 0.75625, 0.748046875, 0.7580078125, 0.7712890625, 0.7845703125, 0.7814453125, 0.7787109375, 0.7935546875, 0.786328125, 0.782421875, 0.7822265625, 0.7955078125, 0.8044921875, 0.79140625, 0.790625, 0.7712890625, 0.7966796875, 0.8021484375, 0.8072265625, 0.810546875, 0.81796875, 0.825390625, 0.82890625, 0.824609375, 0.8240234375, 0.834375, 0.8271484375, 0.832421875, 0.8318359375, 0.833984375, 0.8423828125, 0.8392578125, 0.83046875, 0.8396484375, 0.8447265625, 0.84296875, 0.8455078125, 0.853515625, 0.850390625, 0.85, 0.8603515625, 0.8625, 0.8626953125, 0.8662109375, 0.86875, 0.8720703125, 0.878515625, 0.8794921875, 0.8802734375, 0.8744140625, 0.8705078125, 0.873828125, 0.880078125, 0.883984375, 0.8939453125, 0.893359375, 0.8947265625, 0.896484375, 0.9, 0.8994140625, 0.905859375, 0.8990234375, 0.9052734375, 0.91015625, 0.90546875, 0.9091796875, 0.9109375, 0.9138671875, 0.9103515625, 0.9134765625, 0.919140625, 0.91875, 0.91953125, 0.9193359375, 0.923046875, 0.9232421875, 0.9212890625, 0.9240234375, 0.926171875, 0.9267578125, 0.930078125, 0.930078125, 0.9294921875, 0.9326171875, 0.932421875, 0.9330078125, 0.932421875, 0.9359375, 0.933984375, 0.937109375, 0.9357421875, 0.9361328125, 0.9376953125, 0.9376953125, 0.9388671875, 0.93984375, 0.9390625, 0.9384765625, 0.9388671875, 0.940234375, 0.9396484375, 0.9412109375, 0.9404296875, 0.94140625, 0.94140625, 0.9423828125, 0.9408203125, 0.9416015625, 0.942578125, 0.9435546875, 0.9439453125, 0.9423828125, 0.942578125, 0.9431640625, 0.9435546875, 0.944921875, 0.942578125, 0.94453125, 0.944140625, 0.9447265625, 0.94453125, 0.944140625, 0.9458984375, 0.944921875, 0.9458984375, 0.9443359375, 0.9453125, 0.9451171875, 0.9453125, 0.9453125, 0.9462890625, 0.94609375, 0.9458984375, 0.9447265625, 0.9451171875, 0.9462890625, 0.944921875, 0.9455078125, 0.9462890625, 0.945703125, 0.9453125], "loss": [2.551888263678249, 2.370583208301399, 2.3360346359542654, 2.2824639338481276, 2.2498108767255953, 2.247954235801214, 2.24947189379342, 2.2114550976813594, 2.2410990950427476, 2.2036327319809152, 2.2111824645271785, 2.1969326960889597, 2.177402930923655, 2.1547318380090257, 2.1617112174818787, 2.163464692574513, 2.1416660366179068, 2.152042177659047, 2.1575943291941777, 2.159655264661282, 2.1373450740983215, 2.1229474891590168, 2.144862995872015, 2.1455996791018714, 2.176949504055554, 2.133835498290726, 2.1268639096730872, 2.1215879479541053, 2.112807930270328, 2.1009654908240596, 2.0904144275037546, 2.084105198896384, 2.089377105990543, 2.0908886496024794, 2.0752403404139264, 2.0859542647494544, 2.0790712124184716, 2.0769620198237746, 2.0744067671932753, 2.0590703517575806, 2.0651294204253183, 2.0793769495396672, 2.0637722121009343, 2.0583362202101116, 2.060559739040423, 2.0531679180603994, 2.0429431200027466, 2.0480413376530513, 2.04849993880791, 2.0316014802908597, 2.028040828584116, 2.028118208993839, 2.0210214521311505, 2.0173681219921837, 2.013203138037573, 2.001618151423297, 1.9982121775421915, 1.999069648452952, 2.005276655849022, 2.011567841602277, 2.0092188104798523, 1.9990355938295774, 1.9915158129945587, 1.9758070390435714, 1.9768337901634505, 1.9757084740868098, 1.9716449613812603, 1.9659944863259038, 1.9672472175163558, 1.9559339616872087, 1.9672968523411811, 1.956918232048614, 1.9497725495809242, 1.9574810447572153, 1.9505769949925096, 1.9485793626761134, 1.942253130900709, 1.9493140600904633, 1.943660570096366, 1.9355567150478121, 1.9359044591082801, 1.9339700348769562, 1.9334041529063937, 1.9282621854468236, 1.9279659397994415, 1.9298567364487467, 1.9254117132742194, 1.9241231272492227, 1.920688864551013, 1.916141845002959, 1.9155994940407668, 1.9170153638984584, 1.9117870874042753, 1.9125150110148177, 1.9117480516433716, 1.9120873605148703, 1.906412989278383, 1.9104822919338564, 1.9048373246494728, 1.906540208225009, 1.9062368266190155, 1.9031411997879608, 1.9042576053474523, 1.9017951790290544, 1.9005638843850245, 1.901223439204542, 1.9026353253593928, 1.9018695822244958, 1.899781091303765, 1.9004098735278165, 1.898232118992866, 1.8982841621471356, 1.897753508785103, 1.8976737321177615, 1.896233185937133, 1.8979579104652888, 1.8961426140386848, 1.8953953287269496, 1.8937765676763993, 1.893275131153155, 1.8958086258248439, 1.894533318809316, 1.8942720724057547, 1.8937285987636712, 1.891615040694611, 1.894878998587403, 1.8922374399402473, 1.8925305227690106, 1.8916221645813953, 1.8928086757659912, 1.8931553559967234, 1.8899547917933404, 1.891535742373406, 1.8893215324305281, 1.8920497109618368, 1.8909758389750613, 1.8914864666854279, 1.890441185311426, 1.8908399931992157, 1.889387166952785, 1.88907643964019, 1.8900547902795333, 1.891524111168294, 1.8909447857096224, 1.8893731847594055, 1.8908623487134524, 1.8908712803562986, 1.8896447042875653, 1.8901193172116824, 1.890261808528176]}, "valid": {"acc": [0.53125, 0.6765625, 0.7078125, 0.73125, 0.7, 0.70625, 0.71875, 0.7046875, 0.6625, 0.7328125, 0.7328125, 0.7125, 0.7578125, 0.746875, 0.75625, 0.7578125, 0.740625, 0.7546875, 0.7015625, 0.7765625, 0.78125, 0.7796875, 0.778125, 0.7359375, 0.75, 0.7609375, 0.7703125, 0.759375, 0.775, 0.7890625, 0.7953125, 0.78125, 0.790625, 0.7609375, 0.79375, 0.76875, 0.7859375, 0.778125, 0.8, 0.7640625, 0.7828125, 0.7828125, 0.7859375, 0.76875, 0.7640625, 0.78125, 0.7921875, 0.7828125, 0.7921875, 0.8046875, 0.8, 0.7828125, 0.7953125, 0.7765625, 0.8015625, 0.784375, 0.8015625, 0.7703125, 0.775, 0.7875, 0.7796875, 0.796875, 0.809375, 0.78125, 0.809375, 0.8, 0.8, 0.8, 0.8171875, 0.8046875, 0.80625, 0.80625, 0.7953125, 0.8078125, 0.8140625, 0.7859375, 0.8, 0.790625, 0.80625, 0.8015625, 0.7984375, 0.8171875, 0.8, 0.80625, 0.8203125, 0.8015625, 0.79375, 0.815625, 0.81875, 0.80625, 0.8015625, 0.8, 0.8015625, 0.8171875, 0.815625, 0.8171875, 0.809375, 0.8078125, 0.8046875, 0.8125, 0.803125, 0.8015625, 0.809375, 0.7953125, 0.8, 0.80625, 0.809375, 0.803125, 0.815625, 0.809375, 0.809375, 0.809375, 0.8015625, 0.8, 0.80625, 0.796875, 0.803125, 0.803125, 0.796875, 0.8, 0.7953125, 0.796875, 0.790625, 0.790625, 0.79375, 0.8046875, 0.7984375, 0.8046875, 0.803125, 0.809375, 0.80625, 0.8015625, 0.803125, 0.8046875, 0.8046875, 0.803125, 0.80625, 0.796875, 0.7984375, 0.8046875, 0.796875, 0.8, 0.8015625, 0.8046875, 0.8046875, 0.8046875, 0.803125, 0.8078125, 0.803125, 0.8015625],