{"train": {"acc": [0.548828125, 0.619921875, 0.6802734375, 0.7015625, 0.7115234375, 0.726171875, 0.737890625, 0.7451171875, 0.7544921875, 0.7619140625, 0.7607421875, 0.7578125, 0.753515625, 0.761328125, 0.7794921875, 0.7974609375, 0.7857421875, 0.773046875, 0.7859375, 0.7625, 0.781640625, 0.780859375, 0.7986328125, 0.8046875, 0.8109375, 0.8052734375, 0.8107421875, 0.8109375, 0.8158203125, 0.8140625, 0.8177734375, 0.8255859375, 0.8267578125, 0.8353515625, 0.8234375, 0.832421875, 0.8244140625, 0.83203125, 0.837109375, 0.85078125, 0.84921875, 0.848828125, 0.8501953125, 0.8580078125, 0.854296875, 0.84921875, 0.8671875, 0.8650390625, 0.8623046875, 0.8630859375, 0.8744140625, 0.87265625, 0.877734375, 0.87421875, 0.8595703125, 0.8654296875, 0.875390625, 0.8794921875, 0.8865234375, 0.891015625, 0.8939453125, 0.8912109375, 0.8943359375, 0.9033203125, 0.9056640625, 0.909375, 0.907421875, 0.9109375, 0.912890625, 0.9115234375, 0.910546875, 0.915625, 0.913671875, 0.9166015625, 0.919921875, 0.9203125, 0.92265625, 0.921875, 0.9212890625, 0.9240234375, 0.92734375, 0.9259765625, 0.923828125, 0.92734375, 0.92890625, 0.9330078125, 0.9310546875, 0.9357421875, 0.9322265625, 0.933984375, 0.934765625, 0.937109375, 0.935546875, 0.93671875, 0.9373046875, 0.937890625, 0.9388671875, 0.93984375, 0.9419921875, 0.942578125, 0.940234375, 0.9404296875, 0.94296875, 0.943359375, 0.94296875, 0.94375, 0.9431640625, 0.9453125, 0.94453125, 0.94375, 0.9443359375, 0.944140625, 0.9451171875, 0.9474609375, 0.9470703125, 0.9474609375, 0.948828125, 0.9486328125, 0.9484375, 0.9486328125, 0.9486328125, 0.948828125, 0.9484375, 0.94765625, 0.9478515625, 0.95, 0.948828125, 0.9498046875, 0.9509765625, 0.95078125, 0.950390625, 0.9515625, 0.9501953125, 0.95078125, 0.9517578125, 0.95234375, 0.9515625, 0.9521484375, 0.951171875, 0.951171875, 0.9515625, 0.9517578125, 0.9517578125, 0.9513671875, 0.951171875, 0.9505859375, 0.9515625, 0.95078125, 0.9515625, 0.9515625], "loss": [2.565252479118637, 2.42594512806663, 2.3270339754563345, 2.2923459554020362, 2.274344845663143, 2.2511509551277644, 2.2314388027674035, 2.2222076397907884, 2.2066250722619554, 2.1911577635173556, 2.195076791546013, 2.199137224426752, 2.2053076511696923, 2.1921881678738173, 2.164626931842369, 2.1335291485243206, 2.152526141721991, 2.1769389472430265, 2.1561336683321604, 2.190869494329525, 2.160259009916571, 2.1617536982403527, 2.1327144390420067, 2.1235035295727887, 2.111907958984375, 2.121090694318844, 2.1118777416929415, 2.1105330246913283, 2.106199320358566, 2.1078684858128995, 2.101172196714184, 2.0882173082496545, 2.086514064028293, 2.0695732183094266, 2.091782449166986, 2.0779214750362347, 2.0902460375918617, 2.075019827371911, 2.0696404146242746, 2.0477003311809105, 2.0474528632586515, 2.0489312636701364, 2.0468679198735877, 2.0336770513389686, 2.041139500050605, 2.048215979262243, 2.0183859791936754, 2.0223712408089938, 2.0286487039131456, 2.0272703804547274, 2.006813661961616, 2.009204816214646, 2.003031087827079, 2.008467426782922, 2.0306760932825787, 2.0217059156562707, 2.0069058997721614, 1.9987918847723851, 1.9882282486444787, 1.9788934656336337, 1.9757767266865018, 1.978694719604299, 1.9750921801675725, 1.9604238830035245, 1.9564397667027726, 1.951879131643078, 1.9541088976437533, 1.9479714164251014, 1.9441752267789236, 1.9469042261944542, 1.9473720094825648, 1.9387751289560824, 1.943814304810536, 1.9405436530897888, 1.9324614005752756, 1.931907659844507, 1.9291047219988666, 1.9295005421095257, 1.9300295084337644, 1.9264942332159114, 1.9216165950026693, 1.9235157996793337, 1.9257600035848497, 1.9208803871009923, 1.9177066253710398, 1.9116594293449498, 1.9159304205375383, 1.9079240485082698, 1.9124820338019841, 1.9104545946362652, 1.9097812070122249, 1.9040928264207477, 1.9066900331762773, 1.9061528217943409, 1.9041474272933188, 1.9025269082829923, 1.9018182000027428, 1.9007962082005754, 1.8966975257366518, 1.8958867064005211, 1.899074064025396, 1.8987693831890444, 1.8953170580200003, 1.894756342791304, 1.8946637292451496, 1.8931838243822507, 1.894754192497157, 1.8914172091061556, 1.8921520921248425, 1.8933128435400468, 1.8924470566496063, 1.8927100610129441, 1.8913669556002073, 1.8882181191746192, 1.8880037069320679, 1.8878359130666227, 1.8853098652030849, 1.8852156204513357, 1.8866296327566798, 1.885371801219409, 1.8859344207787816, 1.8846780952019027, 1.885841766490212, 1.886659726311889, 1.8866973451421232, 1.8829290700864187, 1.8844431170934364, 1.883184322827979, 1.8816237992878202, 1.882092006598847, 1.8816944677618486, 1.881154378758201, 1.8827872563012038, 1.8815935699245598, 1.879984576490861, 1.8794448979293243, 1.880185673508463, 1.880167301697067, 1.8806582900542248, 1.880677325816094, 1.8805364958847626, 1.8801853671858582, 1.8799738491637796, 1.8807060658177244, 1.8812939698183084, 1.8823376939266543, 1.8806217863589902, 1.8812782930422434, 1.8807663751553885, 1.8807194715813746]}, "valid": {"acc": [0.5015625, 0.571875, 0.6734375, 0.7078125, 0.69375, 0.7359375, 0.7140625, 0.7359375, 0.715625, 0.7484375, 0.753125, 0.7234375, 0.734375, 0.7625, 0.7609375, 0.7828125, 0.753125, 0.74375, 0.7921875, 0.759375, 0.75, 0.7703125, 0.7515625, 0.78125, 0.7859375, 0.753125, 0.765625, 0.7703125, 0.7671875, 0.775, 0.8, 0.78125, 0.7609375, 0.759375, 0.775, 0.7609375, 0.7890625, 0.7625, 0.8, 0.796875, 0.8046875, 0.79375, 0.790625, 0.790625, 0.78125, 0.80625, 0.7984375, 0.7984375, 0.784375, 0.8109375, 0.8078125, 0.7703125, 0.80625, 0.784375, 0.7546875, 0.775, 0.78125, 0.7796875, 0.7953125, 0.8125, 0.8015625, 0.8171875, 0.8015625, 0.8171875, 0.8015625, 0.796875, 0.8078125, 0.8078125, 0.8078125, 0.80625, 0.8046875, 0.7859375, 0.796875, 0.809375, 0.796875, 0.796875, 0.8171875, 0.8140625, 0.8015625, 0.8046875, 0.80625, 0.803125, 0.784375, 0.7984375, 0.796875, 0.8109375, 0.803125, 0.825, 0.796875, 0.803125, 0.796875, 0.790625, 0.7890625, 0.8125, 0.8109375, 0.7984375, 0.8125, 0.8046875, 0.80625, 0.80625, 0.8015625, 0.796875, 0.79375, 0.8, 0.8015625, 0.809375, 0.8078125, 0.8109375, 0.80625, 0.8046875, 0.8, 0.7953125, 0.8046875, 0.8125, 0.8109375, 0.8015625, 0.8078125, 0.8078125, 0.80625, 0.796875, 0.8, 0.7890625, 0.7875, 0.7859375, 0.79375, 0.7921875, 0.796875, 0.7875, 0.7890625, 0.7828125, 0.7875, 0.7890625, 0.7859375, 0.7921875, 0.790625, 0.7875, 0.790625, 0.790625, 0.7890625, 0.7921875, 0.790625, 0.7875, 0.7890625, 0.7890625, 0.790625, 0.79375, 0.790625, 0.7890625, 0.790625, 0.790625],