{"train": {"acc": [0.53984375, 0.634765625, 0.6693359375, 0.7064453125, 0.712890625, 0.72109375, 0.753125, 0.741015625, 0.7490234375, 0.765625, 0.7642578125, 0.7748046875, 0.7787109375, 0.77734375, 0.782421875, 0.786328125, 0.77265625, 0.7828125, 0.7810546875, 0.793359375, 0.79140625, 0.796484375, 0.79453125, 0.80703125, 0.804296875, 0.8041015625, 0.8134765625, 0.809765625, 0.81171875, 0.81640625, 0.8119140625, 0.8236328125, 0.819921875, 0.8193359375, 0.818359375, 0.8263671875, 0.8345703125, 0.832421875, 0.8373046875, 0.8375, 0.82890625, 0.847265625, 0.8419921875, 0.8505859375, 0.844140625, 0.8529296875, 0.853515625, 0.857421875, 0.8611328125, 0.859765625, 0.8666015625, 0.870703125, 0.8669921875, 0.8638671875, 0.8677734375, 0.86875, 0.87578125, 0.885546875, 0.8857421875, 0.889453125, 0.8912109375, 0.8876953125, 0.89140625, 0.887109375, 0.896484375, 0.894921875, 0.898046875, 0.9060546875, 0.905078125, 0.909765625, 0.9083984375, 0.9091796875, 0.9158203125, 0.9103515625, 0.9138671875, 0.9123046875, 0.916015625, 0.92109375, 0.92265625, 0.9251953125, 0.9232421875, 0.922265625, 0.9201171875, 0.925, 0.926171875, 0.928515625, 0.9275390625, 0.932421875, 0.931640625, 0.9310546875, 0.932421875, 0.9330078125, 0.9314453125, 0.9349609375, 0.9322265625, 0.9322265625, 0.9357421875, 0.9392578125, 0.9369140625, 0.9390625, 0.9388671875, 0.9396484375, 0.939453125, 0.93828125, 0.9396484375, 0.9400390625, 0.9390625, 0.941796875, 0.94140625, 0.9423828125, 0.9423828125, 0.94296875, 0.9419921875, 0.9443359375, 0.9439453125, 0.9419921875, 0.94296875, 0.94453125, 0.9427734375, 0.943359375, 0.943359375, 0.9419921875, 0.9451171875, 0.94453125, 0.9455078125, 0.9447265625, 0.944921875, 0.9447265625, 0.9447265625, 0.9458984375, 0.9453125, 0.94609375, 0.9453125, 0.9458984375, 0.9455078125, 0.946484375, 0.9458984375, 0.94609375, 0.9466796875, 0.9466796875, 0.9466796875, 0.94609375, 0.9462890625, 0.94609375, 0.946875, 0.945703125, 0.945703125, 0.94609375, 0.946484375, 0.946484375], "loss": [2.57422396804713, 2.401894647863847, 2.3444485875624643, 2.286618193493614, 2.2727645529976375, 2.2565498623666884, 2.208764097358607, 2.226699397533755, 2.2111927768852135, 2.1872399637970745, 2.1901470377475403, 2.1727892628198937, 2.1659755208824256, 2.1688820168941834, 2.156777140460437, 2.153121647955496, 2.1739124904705, 2.1573284004308, 2.1619496451148503, 2.141631064535696, 2.142828232125391, 2.136213927329341, 2.1376712654210346, 2.120891251141512, 2.121442402465434, 2.1228952920889554, 2.1093774279461632, 2.112254002426244, 2.112680386893357, 2.104809012594102, 2.109968801087971, 2.091966165771967, 2.098389533501637, 2.0969392015964172, 2.1007054832917227, 2.0885784520378596, 2.0754655237439312, 2.0772844960417927, 2.0698572744297077, 2.0698493160778964, 2.080678663676298, 2.0524021100394334, 2.0627511649192134, 2.0468172981769226, 2.058255755448643, 2.0445258889017226, 2.0437333146228065, 2.0348811783368075, 2.0284680610970605, 2.0326200270954566, 2.0193182260175293, 2.012957305847844, 2.021207922621618, 2.0243713161613366, 2.018654123137269, 2.0167107174668133, 2.0063005112394503, 1.9897065826609164, 1.9903137729137759, 1.9818571564517444, 1.9796035214315486, 1.9838971533352816, 1.9808664850041837, 1.987132900877844, 1.972489037091219, 1.9738107225562953, 1.9691502459441559, 1.9568828691410114, 1.9559746693961229, 1.9490778114222274, 1.9529587498194054, 1.950980522964574, 1.9397223689888097, 1.9485942955258526, 1.942955252490466, 1.9464526251901555, 1.939490955087203, 1.931361142593094, 1.9281289336047596, 1.9245650013790856, 1.9279487978053997, 1.9282850992830494, 1.9319365115105351, 1.9254011398629298, 1.923142597645144, 1.9198351042180122, 1.920396937599665, 1.9123135095910182, 1.9144955149179772, 1.9150559389138524, 1.9122795319255395, 1.911471145062507, 1.9140915040728412, 1.9086651877511907, 1.9124918255624892, 1.911885770061348, 1.907375086711932, 1.901691189295129, 1.9050654655770412, 1.901347483260722, 1.9012300651284713, 1.900161762780781, 1.900665357143064, 1.9030763620062718, 1.8997838119917279, 1.8994282453874998, 1.9015743777721743, 1.8972236385828332, 1.8975004908404773, 1.8958225778386564, 1.896300368671176, 1.8949668271632134, 1.8965851792806312, 1.892780883402764, 1.8930211655701263, 1.89608258838895, 1.8947987179212933, 1.892386590378194, 1.8949732086326503, 1.8940047523643397, 1.894083438040335, 1.8954085156887392, 1.891077364547343, 1.8924986803078954, 1.8906829432596135, 1.8914546046075942, 1.8913263354120375, 1.891320998155618, 1.8918137308917469, 1.890128497835956, 1.8905442138261432, 1.8892461589620084, 1.8909625131872636, 1.8901005213773703, 1.8901525494418567, 1.889041573186464, 1.8898820967613896, 1.8891380648069744, 1.8887008760548845, 1.8894243889217135, 1.8883365634121472, 1.8900262781336337, 1.8893505938445465, 1.8896498317959942, 1.8882721164558507, 1.8900092417680765, 1.8900438245338729, 1.8889607779587372, 1.8885880482347706, 1.8889649185953261]}, "valid": {"acc": [0.5421875, 0.63125, 0.6828125, 0.665625, 0.709375, 0.7515625, 0.7640625, 0.746875, 0.7578125, 0.7609375, 0.721875, 0.775, 0.7375, 0.7703125, 0.753125, 0.7390625, 0.7421875, 0.73125, 0.7640625, 0.7484375, 0.7734375, 0.759375, 0.7703125, 0.7578125, 0.7453125, 0.771875, 0.8140625, 0.7703125, 0.790625, 0.7703125, 0.790625, 0.7984375, 0.78125, 0.7921875, 0.7796875, 0.796875, 0.790625, 0.771875, 0.7640625, 0.7625, 0.7953125, 0.7953125, 0.7984375, 0.78125, 0.79375, 0.7953125, 0.7984375, 0.803125, 0.7890625, 0.8046875, 0.7984375, 0.7953125, 0.7921875, 0.784375, 0.7796875, 0.809375, 0.81875, 0.78125, 0.803125, 0.8, 0.8, 0.80625, 0.7984375, 0.803125, 0.7984375, 0.8109375, 0.803125, 0.8109375, 0.8015625, 0.7984375, 0.8140625, 0.796875, 0.7921875, 0.81875, 0.81875, 0.8171875, 0.8171875, 0.8125, 0.815625, 0.8078125, 0.8, 0.8125, 0.8109375, 0.8140625, 0.8171875, 0.7859375, 0.8234375, 0.8109375, 0.8296875, 0.834375, 0.828125, 0.8125, 0.8171875, 0.8109375, 0.809375, 0.8046875, 0.8171875, 0.8265625, 0.8203125, 0.8140625, 0.8203125, 0.828125, 0.8265625, 0.815625, 0.8234375, 0.8109375, 0.8265625, 0.828125, 0.8328125, 0.8265625, 0.821875, 0.828125, 0.83125, 0.821875, 0.8234375, 0.8265625, 0.8234375, 0.825, 0.821875, 0.821875, 0.821875, 0.8296875, 0.825, 0.828125, 0.821875, 0.815625, 0.8171875, 0.8234375, 0.825, 0.825, 0.8234375, 0.825, 0.8234375, 0.8203125, 0.825, 0.825, 0.8296875, 0.8234375, 0.825, 0.828125, 0.828125, 0.825, 0.8296875, 0.825, 0.8234375, 0.821875, 0.8234375, 0.828125, 0.828125, 0.8265625],