{"train": {"acc": [0.5404296875, 0.641796875, 0.6681640625, 0.708203125, 0.721875, 0.7337890625, 0.744140625, 0.7501953125, 0.765234375, 0.757421875, 0.7623046875, 0.77109375, 0.778515625, 0.7720703125, 0.778125, 0.7732421875, 0.77734375, 0.773046875, 0.77265625, 0.779296875, 0.7896484375, 0.7986328125, 0.805859375, 0.80078125, 0.790234375, 0.7919921875, 0.798046875, 0.811328125, 0.8099609375, 0.8091796875, 0.82109375, 0.8177734375, 0.8091796875, 0.815625, 0.811328125, 0.819140625, 0.8291015625, 0.828125, 0.820703125, 0.830078125, 0.835546875, 0.8197265625, 0.814453125, 0.8279296875, 0.83671875, 0.8337890625, 0.8296875, 0.83984375, 0.850390625, 0.8478515625, 0.8505859375, 0.856640625, 0.850390625, 0.857421875, 0.8705078125, 0.876953125, 0.871875, 0.868359375, 0.8705078125, 0.87109375, 0.8740234375, 0.8755859375, 0.8806640625, 0.88046875, 0.8845703125, 0.8859375, 0.8890625, 0.8955078125, 0.8951171875, 0.900390625, 0.901953125, 0.9017578125, 0.9044921875, 0.9044921875, 0.9048828125, 0.9078125, 0.9052734375, 0.9126953125, 0.915234375, 0.917578125, 0.917578125, 0.9150390625, 0.9189453125, 0.9208984375, 0.919140625, 0.9236328125, 0.925390625, 0.925390625, 0.926171875, 0.9248046875, 0.9279296875, 0.9302734375, 0.9283203125, 0.931640625, 0.933203125, 0.9296875, 0.9298828125, 0.93203125, 0.933203125, 0.9330078125, 0.9357421875, 0.9369140625, 0.9376953125, 0.93671875, 0.9376953125, 0.938671875, 0.940234375, 0.9396484375, 0.941015625, 0.9412109375, 0.94140625, 0.9404296875, 0.9427734375, 0.9419921875, 0.9427734375, 0.94375, 0.9423828125, 0.9419921875, 0.9435546875, 0.944921875, 0.94375, 0.944140625, 0.9435546875, 0.9453125, 0.9458984375, 0.944921875, 0.9462890625, 0.9453125, 0.945703125, 0.9453125, 0.9458984375, 0.94609375, 0.946484375, 0.9458984375, 0.94609375, 0.9462890625, 0.9470703125, 0.9455078125, 0.947265625, 0.946484375, 0.9466796875, 0.946484375, 0.9470703125, 0.9466796875, 0.947265625, 0.9474609375, 0.947265625, 0.9466796875, 0.94765625, 0.9478515625], "loss": [2.5751286669622493, 2.3891184360166138, 2.3450271328793297, 2.282025729553609, 2.257657826701297, 2.240654755242263, 2.2233345629293706, 2.21087875849084, 2.187995138047617, 2.1989567973945716, 2.192731754689277, 2.178092144712617, 2.1646241236336623, 2.1781610597538044, 2.165548511698276, 2.173744693587098, 2.166432474232927, 2.173099674756014, 2.1742404986031447, 2.165410689160794, 2.146197139462338, 2.1323574690879146, 2.1207673021509676, 2.1276181830635554, 2.145131390306014, 2.142301901986327, 2.1331740602662292, 2.114521622657776, 2.1149939268450195, 2.114832463143747, 2.094996394990366, 2.1003926373735258, 2.115731669377677, 2.105253201496752, 2.1129217736328703, 2.0993948978713797, 2.082236564612087, 2.085402488708496, 2.0937763135644456, 2.0829149077210247, 2.0746599752691726, 2.0987826600859436, 2.1070490984977046, 2.083102930950213, 2.071023521544058, 2.075669715676127, 2.080920498582381, 2.064866960803165, 2.0471793503700932, 2.050348028351989, 2.047294977345044, 2.03684417054623, 2.0466707114931904, 2.0359379566168485, 2.014070266409765, 2.0051457429233985, 2.0123574839362615, 2.017462051367458, 2.0147276905518545, 2.015444680105282, 2.007928274854829, 2.0054826268666908, 1.9994900166233884, 1.998104703577259, 1.9913087479675873, 1.990311108058012, 1.9847277599044992, 1.972719184959991, 1.9750889373731009, 1.9651307893704764, 1.962256224849556, 1.9622224267525008, 1.9584877868241901, 1.9581622820866258, 1.9576257271102713, 1.953440495684177, 1.9575779377659666, 1.9445186611972278, 1.9398017593576937, 1.9384874814673314, 1.9375608329531513, 1.9405301085001305, 1.9340952061399628, 1.9304838376709177, 1.9339808678325219, 1.9269137261789056, 1.924618739116041, 1.9242669555205334, 1.922900153111808, 1.9238927786863302, 1.9209775622886947, 1.9155585992185375, 1.918704788896102, 1.9141419582729098, 1.9106261941451061, 1.9160231216044366, 1.9164068774331975, 1.9130758484707604, 1.9125973831249188, 1.9115343637104276, 1.9072804979131193, 1.9056003787849523, 1.9032041302210168, 1.904795700990701, 1.9041993965076496, 1.9017931298364568, 1.8997090904018548, 1.9006515997874587, 1.897766593136365, 1.8981442843811422, 1.8979870020588743, 1.8987215802639346, 1.8948477416098872, 1.8963097575344616, 1.8952998390680627, 1.8938987390904487, 1.895732348478293, 1.8966138664680192, 1.893719117852706, 1.8920870476131197, 1.8931839903698693, 1.893118991127497, 1.8940724662587614, 1.8909348355063909, 1.8899859627590905, 1.8918127530737767, 1.889512845232517, 1.8909906903399696, 1.8902582669559913, 1.8902542017683197, 1.8900964260101318, 1.8897344145593764, 1.8890163355235812, 1.8899250498300866, 1.8897188600105574, 1.8893510963343367, 1.8880908323239676, 1.8895913332323484, 1.8883999540835996, 1.888947921463206, 1.8887546469893637, 1.8886720621133153, 1.8878201487698132, 1.88803231716156, 1.887605715401565, 1.8877018569390984, 1.888209113591834, 1.8889628211154212, 1.8877138035206855, 1.8869600763803795]}, "valid": {"acc": [0.56875, 0.6515625, 0.690625, 0.696875, 0.6890625, 0.734375, 0.709375, 0.7296875, 0.7515625, 0.7265625, 0.7453125, 0.765625, 0.7296875, 0.74375, 0.778125, 0.753125, 0.7046875, 0.7359375, 0.734375, 0.7328125, 0.765625, 0.771875, 0.7671875, 0.7609375, 0.775, 0.7265625, 0.7515625, 0.7625, 0.7640625, 0.759375, 0.784375, 0.7625, 0.7765625, 0.7375, 0.778125, 0.7796875, 0.796875, 0.7734375, 0.7609375, 0.778125, 0.7828125, 0.75, 0.775, 0.7734375, 0.7640625, 0.7625, 0.7671875, 0.7890625, 0.784375, 0.759375, 0.7859375, 0.7734375, 0.78125, 0.778125, 0.7765625, 0.778125, 0.7921875, 0.7796875, 0.7828125, 0.7796875, 0.7796875, 0.765625, 0.7734375, 0.7984375, 0.7734375, 0.7734375, 0.7921875, 0.796875, 0.7953125, 0.8171875, 0.784375, 0.803125, 0.7921875, 0.8046875, 0.7984375, 0.809375, 0.796875, 0.803125, 0.8046875, 0.8015625, 0.790625, 0.7859375, 0.7859375, 0.8015625, 0.7875, 0.803125, 0.79375, 0.79375, 0.796875, 0.8, 0.796875, 0.796875, 0.8015625, 0.7921875, 0.803125, 0.7828125, 0.7859375, 0.7859375, 0.8, 0.790625, 0.80625, 0.7953125, 0.7953125, 0.7921875, 0.796875, 0.7984375, 0.803125, 0.8015625, 0.796875, 0.7921875, 0.7953125, 0.79375, 0.803125, 0.7953125, 0.8, 0.7921875, 0.7953125, 0.7859375, 0.7921875, 0.79375, 0.78125, 0.7921875, 0.790625, 0.796875, 0.7984375, 0.7984375, 0.7953125, 0.7953125, 0.7890625, 0.7890625, 0.7953125, 0.7921875, 0.79375, 0.7890625, 0.7875, 0.790625, 0.790625, 0.7890625, 0.7953125, 0.7859375, 0.7921875, 0.7953125, 0.796875, 0.79375, 0.796875, 0.796875, 0.7953125, 0.796875, 0.79375, 0.7921875],