{"train": {"acc": [0.5474609375, 0.65234375, 0.6884765625, 0.7056640625, 0.737890625, 0.7451171875, 0.749609375, 0.7599609375, 0.755078125, 0.7556640625, 0.7666015625, 0.76640625, 0.769921875, 0.78359375, 0.777734375, 0.7791015625, 0.777734375, 0.7830078125, 0.78828125, 0.7974609375, 0.7982421875, 0.79609375, 0.801171875, 0.8015625, 0.8048828125, 0.805859375, 0.7974609375, 0.808984375, 0.8169921875, 0.8263671875, 0.815625, 0.812890625, 0.8205078125, 0.8267578125, 0.8318359375, 0.8349609375, 0.838671875, 0.839453125, 0.8388671875, 0.8359375, 0.84609375, 0.8521484375, 0.8373046875, 0.8513671875, 0.84609375, 0.852734375, 0.861328125, 0.8541015625, 0.8630859375, 0.87109375, 0.8697265625, 0.8654296875, 0.87578125, 0.8810546875, 0.875, 0.875390625, 0.86796875, 0.880078125, 0.8884765625, 0.8923828125, 0.892578125, 0.890234375, 0.8962890625, 0.898046875, 0.8970703125, 0.90078125, 0.9029296875, 0.9017578125, 0.9005859375, 0.91015625, 0.915625, 0.9205078125, 0.9146484375, 0.917578125, 0.9177734375, 0.9234375, 0.924609375, 0.925, 0.9244140625, 0.9287109375, 0.9259765625, 0.921875, 0.9212890625, 0.923828125, 0.9296875, 0.9310546875, 0.9337890625, 0.934765625, 0.930859375, 0.9337890625, 0.93515625, 0.9359375, 0.9341796875, 0.9373046875, 0.937890625, 0.9322265625, 0.9341796875, 0.934765625, 0.93515625, 0.9380859375, 0.9388671875, 0.939453125, 0.943359375, 0.9423828125, 0.9416015625, 0.944140625, 0.94375, 0.9453125, 0.9435546875, 0.9462890625, 0.9466796875, 0.9462890625, 0.946484375, 0.9453125, 0.9451171875, 0.94609375, 0.946875, 0.9462890625, 0.9466796875, 0.9466796875, 0.947265625, 0.948828125, 0.94921875, 0.9478515625, 0.948828125, 0.948828125, 0.9484375, 0.948828125, 0.95, 0.949609375, 0.95, 0.950390625, 0.948828125, 0.95078125, 0.9505859375, 0.95, 0.9494140625, 0.950390625, 0.949609375, 0.9505859375, 0.95078125, 0.95078125, 0.950390625, 0.949609375, 0.9509765625, 0.9509765625, 0.951171875, 0.950390625, 0.950390625, 0.9505859375], "loss": [2.5643147396135935, 2.372333807281301, 2.312751543672779, 2.2825134494636634, 2.233095888850055, 2.220734043966366, 2.2123080160044415, 2.196155339856691, 2.2059195222733896, 2.2030711053292964, 2.1846567980850797, 2.187566880938373, 2.1809153677541997, 2.1571697992614554, 2.168078531192828, 2.166096806526184, 2.1659806785704214, 2.1602879340135597, 2.149238316318657, 2.1357057562357262, 2.1323521861547157, 2.136833874485161, 2.128487197658684, 2.126788297785988, 2.1223059304152865, 2.1195727360399466, 2.131886177425143, 2.1145420693144015, 2.1026107268997385, 2.0873439508148386, 2.105394690851622, 2.10696916942355, 2.096263150625591, 2.0882290737538396, 2.078870450394063, 2.073400058323824, 2.0671987277043016, 2.0650325681589825, 2.067084075529364, 2.069558596309227, 2.057790084730221, 2.0443014992943294, 2.06824903850314, 2.0456074400793147, 2.0534402448919753, 2.041740067397492, 2.029633200621303, 2.0412481887431086, 2.0257180823555476, 2.0140072846714454, 2.0144271322443514, 2.023305378382719, 2.0044848737837393, 1.9970007697238197, 2.0064583579196205, 2.005669658697104, 2.0186072618146484, 1.9997082179105734, 1.9863186772865584, 1.978615252277519, 1.9765104266661633, 1.9804212398166898, 1.972028837928289, 1.968423540079141, 1.9699555484554436, 1.9649849300143085, 1.9605730258965794, 1.9637528507015374, 1.9635495339767843, 1.949574156652523, 1.939921354945702, 1.932431948335865, 1.9397639187076423, 1.9372144273564786, 1.9355399834958813, 1.9273420708088935, 1.9251988250998002, 1.924064014531389, 1.9255164680601675, 1.9189742456508587, 1.9228057106838952, 1.9303472660764862, 1.9312239115751242, 1.9272661178926878, 1.9169156611720217, 1.9152216971675051, 1.9103022119666957, 1.909031253826769, 1.9145827927166903, 1.9092396950419945, 1.9075917548771146, 1.9062730436083637, 1.9089436455617976, 1.904854806163643, 1.903030709375309, 1.9123481406441218, 1.9096124036402642, 1.9080707785449451, 1.9078041058552415, 1.902590585660331, 1.9010593845874448, 1.9016276220732098, 1.8944584765011752, 1.8962142361870296, 1.896664322177066, 1.8932096475287328, 1.894474684437619, 1.8914280722412882, 1.8933515986309777, 1.889896753468091, 1.888875143437446, 1.8900800988643984, 1.8892262947710254, 1.8907511430450632, 1.8916394695450989, 1.8897493247744404, 1.888420507877688, 1.889693774754488, 1.8888669149785102, 1.8885799208773841, 1.8875650016567376, 1.8848674161524712, 1.8850653262078008, 1.886958126780353, 1.885494893110251, 1.8851051330566406, 1.8854624380039264, 1.8849313183675838, 1.8831849354731887, 1.8836337373226504, 1.88335545606251, 1.8826119597954085, 1.8848089960556995, 1.8818613803839381, 1.8822189041330843, 1.8826408612577221, 1.883301888840108, 1.8823368549346924, 1.8834246291389949, 1.8824049385288093, 1.8818504478358016, 1.8817880576169943, 1.8822450185123878, 1.8831805307653886, 1.8813167644452444, 1.8817951573601253, 1.8813894051539748, 1.882474439053596, 1.8826779549634909, 1.8821995273421082]}, "valid": {"acc": [0.534375, 0.603125, 0.61875, 0.6765625, 0.7171875, 0.7359375, 0.665625, 0.71875, 0.6875, 0.7171875, 0.7375, 0.734375, 0.790625, 0.7875, 0.746875, 0.7625, 0.7515625, 0.7765625, 0.7734375, 0.7515625, 0.790625, 0.771875, 0.7484375, 0.75, 0.7703125, 0.778125, 0.759375, 0.784375, 0.7515625, 0.7796875, 0.759375, 0.778125, 0.790625, 0.7796875, 0.7984375, 0.771875, 0.79375, 0.7984375, 0.7875, 0.7765625, 0.7953125, 0.803125, 0.7890625, 0.7921875, 0.79375, 0.7890625, 0.8, 0.8078125, 0.80625, 0.8046875, 0.79375, 0.796875, 0.803125, 0.8015625, 0.8, 0.79375, 0.7765625, 0.796875, 0.7859375, 0.79375, 0.7796875, 0.7828125, 0.790625, 0.8046875, 0.803125, 0.7984375, 0.7921875, 0.8015625, 0.8109375, 0.803125, 0.8109375, 0.8203125, 0.79375, 0.80625, 0.815625, 0.8234375, 0.8109375, 0.821875, 0.815625, 0.8171875, 0.81875, 0.7984375, 0.8, 0.803125, 0.8046875, 0.8046875, 0.80625, 0.790625, 0.8, 0.8171875, 0.8125, 0.809375, 0.8109375, 0.821875, 0.80625, 0.803125, 0.784375, 0.8046875, 0.809375, 0.809375, 0.8109375, 0.8046875, 0.8015625, 0.80625, 0.7984375, 0.8015625, 0.8109375, 0.8078125, 0.809375, 0.8125, 0.80625, 0.8125, 0.80625, 0.809375, 0.815625, 0.803125, 0.8015625, 0.809375, 0.80625, 0.8015625, 0.80625, 0.8015625, 0.8015625, 0.8046875, 0.8078125, 0.8046875, 0.80625, 0.809375, 0.8125, 0.8125, 0.8109375, 0.8109375, 0.8125, 0.8140625, 0.8125, 0.8109375, 0.8078125, 0.809375, 0.8125, 0.8125, 0.8140625, 0.8109375, 0.8125, 0.8078125, 0.8125, 0.8109375, 0.8125, 0.8140625, 0.8140625, 0.8078125],