{"train": {"acc": [0.548046875, 0.641796875, 0.6708984375, 0.6900390625, 0.7181640625, 0.71640625, 0.73671875, 0.73828125, 0.7501953125, 0.748828125, 0.7443359375, 0.760546875, 0.7625, 0.75390625, 0.7669921875, 0.758203125, 0.7802734375, 0.7845703125, 0.7830078125, 0.7779296875, 0.793359375, 0.7990234375, 0.8041015625, 0.8009765625, 0.8025390625, 0.8099609375, 0.8134765625, 0.801171875, 0.79765625, 0.8189453125, 0.82265625, 0.8236328125, 0.8212890625, 0.8111328125, 0.8244140625, 0.8291015625, 0.825390625, 0.8240234375, 0.82578125, 0.8384765625, 0.8279296875, 0.83671875, 0.83359375, 0.841796875, 0.8447265625, 0.8529296875, 0.8560546875, 0.8560546875, 0.85, 0.855078125, 0.8623046875, 0.8625, 0.8654296875, 0.8642578125, 0.8623046875, 0.8654296875, 0.86875, 0.8673828125, 0.8701171875, 0.86875, 0.8826171875, 0.884765625, 0.8828125, 0.8865234375, 0.8880859375, 0.8974609375, 0.894140625, 0.8939453125, 0.8955078125, 0.9015625, 0.90390625, 0.9087890625, 0.9060546875, 0.903125, 0.908984375, 0.9099609375, 0.91015625, 0.9173828125, 0.91171875, 0.9173828125, 0.91875, 0.91953125, 0.9201171875, 0.9193359375, 0.919140625, 0.9232421875, 0.92421875, 0.924609375, 0.92734375, 0.929296875, 0.9265625, 0.9302734375, 0.9302734375, 0.9318359375, 0.9337890625, 0.934765625, 0.9357421875, 0.935546875, 0.93515625, 0.9373046875, 0.9365234375, 0.936328125, 0.93828125, 0.936328125, 0.9384765625, 0.9373046875, 0.9404296875, 0.93984375, 0.939453125, 0.939453125, 0.94140625, 0.9416015625, 0.94140625, 0.9435546875, 0.9423828125, 0.9435546875, 0.9435546875, 0.9427734375, 0.9439453125, 0.94375, 0.9439453125, 0.94375, 0.944140625, 0.9431640625, 0.944921875, 0.9435546875, 0.9451171875, 0.944921875, 0.94375, 0.9453125, 0.9455078125, 0.9453125, 0.9451171875, 0.945703125, 0.944921875, 0.9462890625, 0.9462890625, 0.9462890625, 0.9458984375, 0.946875, 0.9470703125, 0.9466796875, 0.9462890625, 0.9466796875, 0.946875, 0.9458984375, 0.94765625, 0.9455078125, 0.9466796875, 0.946875], "loss": [2.562597051451478, 2.3906763535511644, 2.3433273472363436, 2.3106344349776644, 2.264617171468614, 2.2680870038044603, 2.2345178429084487, 2.232694411579567, 2.2126401391210435, 2.2176360525662386, 2.21986154514023, 2.1960679307768616, 2.1950971868973745, 2.2056695630278766, 2.186397231077846, 2.1986246969126446, 2.161698354950434, 2.1550560752047767, 2.1565520325793495, 2.164810947225064, 2.1406563082827796, 2.132298321663579, 2.1221401947963088, 2.129084881347946, 2.1258330496051645, 2.111366573768326, 2.108133832110634, 2.128452623946757, 2.1331608219991756, 2.100006685981268, 2.0916636307028273, 2.091081756579725, 2.0955818529370465, 2.1110016514983356, 2.0907987627802016, 2.0841651249535476, 2.0887036021751695, 2.0907922817181936, 2.0888185440739497, 2.0683666633654245, 2.0836163397076763, 2.069912198223645, 2.0740846169145803, 2.0621511287327055, 2.055142455463168, 2.0437245489675786, 2.037991974927202, 2.0383710725398005, 2.049464316307744, 2.0393378010279015, 2.0268529925165297, 2.0270078468926345, 2.023165117336225, 2.0223943960817556, 2.0262853556041476, 2.021859736382207, 2.0175414266465586, 2.0200697907918617, 2.0148651992218403, 2.0171346377722825, 1.9940251353420788, 1.9908670669869533, 1.9926662595966194, 1.987305331833755, 1.9857263942308063, 1.9700837452200395, 1.9728658410567272, 1.9766800131978868, 1.9719957445241227, 1.9612964270990105, 1.9587987284117108, 1.951234186751933, 1.9547448580778097, 1.960567987417873, 1.9512764200379578, 1.9487002393867396, 1.948386865326121, 1.9368038856530492, 1.946296136590499, 1.9370004678074317, 1.9352868433240094, 1.9337753329095961, 1.9328533803360373, 1.9345029215269451, 1.9330293181576306, 1.9290518775770935, 1.9259165570705752, 1.9247301937658576, 1.920393047453482, 1.9181260187414628, 1.9223142515254925, 1.916046531894539, 1.9156745687315735, 1.912785235839554, 1.9104176231577426, 1.9085882208015346, 1.9066546189634106, 1.907060301756557, 1.9074706970890867, 1.9044426619252073, 1.9055684895455083, 1.9050908164133, 1.9022019573404818, 1.9055661098866523, 1.9025225654433044, 1.903962518595442, 1.8990903625005409, 1.8996930363812023, 1.9005094540270069, 1.9001869551743134, 1.8974110340770287, 1.8965710326086116, 1.8977512453175798, 1.8943703129321714, 1.8965524163427232, 1.8941562492636186, 1.8939315865311441, 1.8949859383740002, 1.8930239224735694, 1.893319131452826, 1.8929563655128963, 1.8931431589247305, 1.8924994483778748, 1.8941941246201721, 1.8916297849220565, 1.893672603595106, 1.8920641292499591, 1.8914907310582414, 1.8931059701533257, 1.8908036947250366, 1.8906086864350717, 1.8911278187474119, 1.8909384645993197, 1.890533871288541, 1.891043163553069, 1.8892803554293476, 1.889355840562265, 1.8894374959076508, 1.8903573887257636, 1.8889430489721177, 1.8878783364839191, 1.8887175215950496, 1.8892212578012972, 1.8887273827685584, 1.8885186337217499, 1.889678890192056, 1.887061690982384, 1.889724906486801, 1.8880862389938742, 1.8882144070878815]}, "valid": {"acc": [0.5703125, 0.625, 0.6515625, 0.690625, 0.6734375, 0.74375, 0.759375, 0.721875, 0.74375, 0.74375, 0.7359375, 0.753125, 0.7203125, 0.7625, 0.775, 0.75625, 0.753125, 0.7921875, 0.7875, 0.7640625, 0.784375, 0.7828125, 0.7875, 0.78125, 0.7875, 0.7984375, 0.7890625, 0.7828125, 0.775, 0.790625, 0.7890625, 0.79375, 0.803125, 0.775, 0.796875, 0.7734375, 0.8046875, 0.796875, 0.8, 0.8265625, 0.80625, 0.7796875, 0.80625, 0.8046875, 0.803125, 0.8140625, 0.7890625, 0.80625, 0.803125, 0.8078125, 0.8109375, 0.8171875, 0.8078125, 0.8125, 0.8078125, 0.80625, 0.8046875, 0.8171875, 0.79375, 0.809375, 0.796875, 0.7890625, 0.80625, 0.79375, 0.8109375, 0.809375, 0.8125, 0.8203125, 0.8125, 0.8140625, 0.8109375, 0.8078125, 0.8015625, 0.8296875, 0.81875, 0.8234375, 0.828125, 0.81875, 0.8078125, 0.8140625, 0.8203125, 0.81875, 0.8046875, 0.8078125, 0.821875, 0.8203125, 0.828125, 0.8203125, 0.8171875, 0.8296875, 0.8140625, 0.8171875, 0.821875, 0.8171875, 0.8234375, 0.8171875, 0.8125, 0.8171875, 0.821875, 0.8125, 0.8140625, 0.8203125, 0.8265625, 0.8203125, 0.81875, 0.825, 0.8203125, 0.8125, 0.8171875, 0.8265625, 0.83125, 0.8234375, 0.8171875, 0.81875, 0.825, 0.8171875, 0.8171875, 0.815625, 0.8234375, 0.821875, 0.821875, 0.815625, 0.8171875, 0.81875, 0.8171875, 0.821875, 0.809375, 0.8125, 0.81875, 0.8125, 0.8125, 0.815625, 0.81875, 0.8140625, 0.8125, 0.809375, 0.815625, 0.8203125, 0.8171875, 0.81875, 0.821875, 0.81875, 0.8203125, 0.8234375, 0.8171875, 0.8171875, 0.8203125, 0.821875, 0.821875, 0.81875],