{"train": {"acc": [0.5443359375, 0.6466796875, 0.670703125, 0.6908203125, 0.726171875, 0.708203125, 0.746875, 0.740234375, 0.7412109375, 0.7599609375, 0.755859375, 0.769921875, 0.76328125, 0.7724609375, 0.778515625, 0.78359375, 0.790625, 0.7755859375, 0.776953125, 0.787890625, 0.801171875, 0.79140625, 0.790234375, 0.791796875, 0.7931640625, 0.7912109375, 0.80703125, 0.8119140625, 0.807421875, 0.8125, 0.8185546875, 0.8142578125, 0.8177734375, 0.82421875, 0.8306640625, 0.823046875, 0.823046875, 0.8287109375, 0.8326171875, 0.8330078125, 0.825, 0.8408203125, 0.8517578125, 0.8408203125, 0.8416015625, 0.8486328125, 0.8525390625, 0.8451171875, 0.8515625, 0.850390625, 0.8611328125, 0.856640625, 0.859765625, 0.85703125, 0.8646484375, 0.8732421875, 0.875390625, 0.88125, 0.8794921875, 0.8794921875, 0.8845703125, 0.884375, 0.8822265625, 0.887109375, 0.8927734375, 0.89609375, 0.8970703125, 0.900390625, 0.901953125, 0.9064453125, 0.90703125, 0.90625, 0.911328125, 0.9111328125, 0.9169921875, 0.91328125, 0.916015625, 0.9146484375, 0.9169921875, 0.919140625, 0.9201171875, 0.9203125, 0.926171875, 0.9244140625, 0.926171875, 0.927734375, 0.9234375, 0.9294921875, 0.9291015625, 0.9322265625, 0.932421875, 0.9314453125, 0.93203125, 0.934375, 0.936328125, 0.9322265625, 0.9373046875, 0.9357421875, 0.9375, 0.9375, 0.9388671875, 0.9390625, 0.9396484375, 0.9416015625, 0.9408203125, 0.940625, 0.93984375, 0.941796875, 0.94296875, 0.943359375, 0.9435546875, 0.9443359375, 0.9453125, 0.9435546875, 0.94453125, 0.9453125, 0.94609375, 0.9455078125, 0.9455078125, 0.9458984375, 0.9453125, 0.9470703125, 0.946484375, 0.9470703125, 0.946875, 0.9466796875, 0.947265625, 0.945703125, 0.9470703125, 0.94765625, 0.9466796875, 0.9478515625, 0.9478515625, 0.9478515625, 0.946484375, 0.946875, 0.9482421875, 0.9490234375, 0.9484375, 0.948046875, 0.948828125, 0.947265625, 0.9490234375, 0.948046875, 0.9482421875, 0.9484375, 0.9486328125, 0.94921875, 0.9490234375, 0.948828125], "loss": [2.565243449392198, 2.3800194776510892, 2.340830537337291, 2.308777093887329, 2.2502775810941866, 2.276457243327853, 2.2203223750561096, 2.2295513017268123, 2.2233889419821242, 2.1962579926357995, 2.2038457846339745, 2.1803200561789016, 2.1905842129188247, 2.1760842724691463, 2.1661677556701853, 2.158561309681663, 2.1460617433620404, 2.16875209989427, 2.1702670930307124, 2.1497516451002676, 2.127698471274557, 2.145654957505721, 2.146430812304533, 2.142984203145474, 2.140837965132315, 2.1450273447398898, 2.118839867507355, 2.111257682872724, 2.1184700108781644, 2.110925265505344, 2.0990181512470487, 2.1062225224096562, 2.1024348343474957, 2.090079158167296, 2.0812444883056833, 2.0925908435749103, 2.0903792562364023, 2.082122540172142, 2.0777613754513897, 2.0746041279804857, 2.0889922123921068, 2.0630110698410227, 2.045979908750027, 2.062869698186464, 2.0634736788423758, 2.049830756609953, 2.0432545731339276, 2.0566040564186965, 2.046271221547187, 2.0485655205159246, 2.028303099583976, 2.0362906214557115, 2.0307283612746225, 2.037124294268934, 2.0232042647615263, 2.009101627748224, 2.0069288392610187, 1.996366920350473, 1.9997864614559124, 1.998541711251947, 1.9921259668808948, 1.99164064171948, 1.9937410520601877, 1.9865074157714844, 1.9767511600180516, 1.9723828472668612, 1.9691093692296668, 1.9639658037620256, 1.9628806747967684, 1.9561222836941103, 1.9550984086869638, 1.953761425199388, 1.9480819702148438, 1.9469624848305425, 1.9376700331893149, 1.9436019809940193, 1.9395874285999732, 1.9414643366125566, 1.9382855424398109, 1.9352769912043704, 1.9327424870261662, 1.9332500590553767, 1.9223655205738694, 1.9255557769461522, 1.9232481582255303, 1.9192181765278684, 1.9267004094546354, 1.9166386233100408, 1.9179904385458064, 1.9125983639608455, 1.9116854924189894, 1.9134738686718518, 1.912816865534722, 1.909800449504128, 1.9061540531206735, 1.9119240166265754, 1.9043801042098034, 1.9065841889079613, 1.9030867543401597, 1.903872502001026, 1.9012700998330418, 1.9003223226040225, 1.899973763695246, 1.8976516361478009, 1.8976836793030365, 1.8990618397917929, 1.8993296200716043, 1.8970554855805408, 1.8945994135699695, 1.8937472829335853, 1.8942236613623704, 1.8923111882390855, 1.8912714523605154, 1.893857543981528, 1.8924723637254932, 1.8908379032642026, 1.8897366418114192, 1.8903684012497528, 1.8908104745647576, 1.8898359371137015, 1.890878010399734, 1.8878158376186709, 1.8885335197931603, 1.8879824922054629, 1.8882324589958674, 1.8883244915853572, 1.8873855554604833, 1.8899278037155731, 1.8879321481608138, 1.886588021169735, 1.8884953924372225, 1.886925519267215, 1.8864336059063296, 1.8867972334728966, 1.88846639892723, 1.887882022918025, 1.8863017513782163, 1.8849190126491497, 1.8861324183548553, 1.8861235274544246, 1.8851753850526447, 1.887148176567464, 1.88467766816103, 1.8860197459595114, 1.886204576190514, 1.8860648734660088, 1.8854705895049662, 1.8842797641512714, 1.8846772124495688, 1.884750001038177]}, "valid": {"acc": [0.6078125, 0.51875, 0.625, 0.634375, 0.6765625, 0.7296875, 0.6875, 0.7, 0.7, 0.7515625, 0.7484375, 0.75625, 0.7375, 0.7484375, 0.7546875, 0.759375, 0.765625, 0.7125, 0.759375, 0.7515625, 0.759375, 0.746875, 0.734375, 0.7625, 0.7515625, 0.74375, 0.7859375, 0.784375, 0.7828125, 0.7875, 0.7640625, 0.76875, 0.7640625, 0.771875, 0.759375, 0.7859375, 0.7875, 0.7875, 0.7859375, 0.784375, 0.8109375, 0.778125, 0.778125, 0.78125, 0.7765625, 0.7984375, 0.790625, 0.78125, 0.7875, 0.7921875, 0.7953125, 0.8046875, 0.79375, 0.790625, 0.790625, 0.7921875, 0.7984375, 0.7890625, 0.7828125, 0.7984375, 0.79375, 0.7875, 0.7859375, 0.796875, 0.790625, 0.8125, 0.80625, 0.7765625, 0.7828125, 0.7890625, 0.7890625, 0.803125, 0.8015625, 0.7984375, 0.790625, 0.7984375, 0.8015625, 0.7984375, 0.8, 0.8109375, 0.7890625, 0.809375, 0.796875, 0.809375, 0.796875, 0.80625, 0.809375, 0.80625, 0.8046875, 0.8109375, 0.815625, 0.7875, 0.8, 0.80625, 0.8046875, 0.809375, 0.8046875, 0.8, 0.8, 0.80625, 0.8, 0.7921875, 0.8015625, 0.8109375, 0.8046875, 0.8109375, 0.8, 0.8046875, 0.8078125, 0.80625, 0.8046875, 0.7984375, 0.8046875, 0.803125, 0.803125, 0.803125, 0.8078125, 0.8015625, 0.809375, 0.809375, 0.809375, 0.809375, 0.80625, 0.809375, 0.80625, 0.8109375, 0.809375, 0.8140625, 0.809375, 0.809375, 0.8078125, 0.809375, 0.80625, 0.809375, 0.809375, 0.8109375, 0.809375, 0.8078125, 0.809375, 0.8140625, 0.809375, 0.8140625, 0.8125, 0.8078125, 0.8109375, 0.8125, 0.8125, 0.8109375, 0.8109375, 0.8125],