{"train": {"acc": [0.5439453125, 0.6525390625, 0.6775390625, 0.6708984375, 0.7046875, 0.7265625, 0.7556640625, 0.738671875, 0.7451171875, 0.7568359375, 0.7732421875, 0.7748046875, 0.77734375, 0.771875, 0.7646484375, 0.7681640625, 0.7865234375, 0.78828125, 0.7837890625, 0.7794921875, 0.790625, 0.7994140625, 0.80625, 0.7990234375, 0.80234375, 0.7970703125, 0.8171875, 0.811328125, 0.81171875, 0.821484375, 0.8203125, 0.8189453125, 0.814453125, 0.822265625, 0.82578125, 0.8306640625, 0.829296875, 0.833203125, 0.8333984375, 0.837109375, 0.8416015625, 0.846875, 0.8291015625, 0.8361328125, 0.84296875, 0.8474609375, 0.854296875, 0.8552734375, 0.8548828125, 0.86953125, 0.8673828125, 0.86953125, 0.871875, 0.8724609375, 0.8708984375, 0.8775390625, 0.8779296875, 0.8802734375, 0.8849609375, 0.8833984375, 0.887890625, 0.8837890625, 0.891015625, 0.9, 0.8998046875, 0.9044921875, 0.9041015625, 0.9091796875, 0.90859375, 0.9080078125, 0.907421875, 0.9044921875, 0.915625, 0.9130859375, 0.911328125, 0.9201171875, 0.916796875, 0.9177734375, 0.926171875, 0.923046875, 0.9244140625, 0.92578125, 0.927734375, 0.9294921875, 0.9326171875, 0.9318359375, 0.930859375, 0.930859375, 0.9337890625, 0.933203125, 0.9341796875, 0.930078125, 0.935546875, 0.9353515625, 0.9349609375, 0.9357421875, 0.93515625, 0.9369140625, 0.9373046875, 0.9376953125, 0.9384765625, 0.9388671875, 0.9412109375, 0.9384765625, 0.9380859375, 0.940234375, 0.9412109375, 0.9396484375, 0.94140625, 0.9408203125, 0.9404296875, 0.9419921875, 0.94140625, 0.942578125, 0.9439453125, 0.9421875, 0.94296875, 0.94296875, 0.9439453125, 0.9427734375, 0.944921875, 0.944140625, 0.9447265625, 0.9453125, 0.9455078125, 0.9443359375, 0.944921875, 0.944921875, 0.944140625, 0.94609375, 0.9453125, 0.945703125, 0.9443359375, 0.9458984375, 0.9458984375, 0.94609375, 0.9455078125, 0.945703125, 0.946875, 0.9462890625, 0.945703125, 0.946875, 0.9466796875, 0.94609375, 0.946484375, 0.946875, 0.946875, 0.94609375, 0.9453125, 0.947265625], "loss": [2.568924306314203, 2.3729005071181284, 2.3337952607794654, 2.343374840820892, 2.284779421890838, 2.2464624718774724, 2.2023210344435293, 2.230073203014422, 2.2175537634499465, 2.2009339936171908, 2.173057999791978, 2.1710677463797072, 2.1683521029315416, 2.178168707256076, 2.1885768235484258, 2.182691839676869, 2.153623787662651, 2.1463605059853084, 2.1561417549471313, 2.1630001475539387, 2.1460295387461215, 2.1328765319872507, 2.1190895868253103, 2.1295690385601187, 2.1282006954844994, 2.1357404114324834, 2.100406311735322, 2.110980018784728, 2.109164505065242, 2.0938221880152255, 2.0982977710192716, 2.099146868609175, 2.107385188718385, 2.0932191218001934, 2.0884754929361464, 2.0803204322163062, 2.0809310704846924, 2.07690788824347, 2.0770033326330064, 2.068258848371385, 2.0620137196552903, 2.054912446420404, 2.0842236159723018, 2.0720963372459895, 2.0594353585303584, 2.0525760650634766, 2.0411040435863446, 2.039490148990969, 2.03882175910322, 2.0163213557834867, 2.018088668207579, 2.0132484436035156, 2.0129004822501653, 2.00982538959648, 2.014049201072017, 2.002296272712418, 2.0023848557774024, 1.9988907198362713, 1.9891248790523675, 1.992427340036706, 1.9862027605877648, 1.9918111260933211, 1.979916106296491, 1.9667992395690725, 1.964446463162386, 1.9580358342279363, 1.958541885206971, 1.9520525192912621, 1.9523955915547624, 1.9535996461216407, 1.9528550422644313, 1.9563289292251007, 1.9418093931825855, 1.9441047092027302, 1.9471774418142778, 1.932867692995675, 1.937740090527112, 1.937425755247285, 1.9230971155287344, 1.9288967832734314, 1.925271978861169, 1.9241532147685183, 1.921401788916769, 1.9167555781859387, 1.9129724925077414, 1.9135222691523879, 1.9151434385323827, 1.9144825663747667, 1.909295008152346, 1.9111706018447876, 1.9097212915179096, 1.9156042035621932, 1.907580087456522, 1.9072986690303948, 1.9081889360765867, 1.9064444167704522, 1.907797638374039, 1.9040523676932612, 1.904652173006082, 1.9038062125821658, 1.9025082482567317, 1.9008466080774236, 1.8981984899013857, 1.9014516812336595, 1.9022662745246404, 1.8990021883686887, 1.8980674290958839, 1.8997406039056899, 1.897582933872561, 1.8983683721928657, 1.8987904787063599, 1.8966486967062648, 1.8972014354754099, 1.8952493320537518, 1.8941544958307772, 1.896194901647447, 1.894779843620107, 1.8949314370940002, 1.8925939919073371, 1.8951012122480175, 1.8916047449353375, 1.892654931997951, 1.891864689090584, 1.8909094982509371, 1.8901351750651492, 1.8920629099954533, 1.8915448505667192, 1.8911773901951463, 1.8926468001136296, 1.8895240886301934, 1.890926472748382, 1.8901344598094119, 1.8924109649054612, 1.8902303780181497, 1.8901440629476234, 1.8901600867887087, 1.8909790938413595, 1.8900791270823418, 1.888387320916864, 1.88933200323129, 1.8906166206432293, 1.888517517077772, 1.8888822250728365, 1.8893120288848877, 1.8889923608755763, 1.8883400868765916, 1.8881939272337322, 1.8890528437457508, 1.890403134913384, 1.8876947873755345]}, "valid": {"acc": [0.565625, 0.628125, 0.65625, 0.665625, 0.7078125, 0.721875, 0.759375, 0.7515625, 0.69375, 0.7515625, 0.784375, 0.746875, 0.7640625, 0.7421875, 0.7234375, 0.7453125, 0.759375, 0.759375, 0.7734375, 0.7515625, 0.7765625, 0.778125, 0.7671875, 0.778125, 0.78125, 0.790625, 0.778125, 0.7859375, 0.7453125, 0.7609375, 0.765625, 0.7921875, 0.7796875, 0.778125, 0.7765625, 0.7828125, 0.7765625, 0.7953125, 0.7859375, 0.809375, 0.7890625, 0.78125, 0.765625, 0.7984375, 0.790625, 0.80625, 0.796875, 0.809375, 0.8140625, 0.7953125, 0.8125, 0.79375, 0.809375, 0.7953125, 0.7875, 0.7953125, 0.7984375, 0.790625, 0.8046875, 0.80625, 0.790625, 0.8078125, 0.8015625, 0.8125, 0.809375, 0.7828125, 0.8078125, 0.8046875, 0.803125, 0.80625, 0.79375, 0.7875, 0.8078125, 0.8, 0.809375, 0.796875, 0.8015625, 0.8, 0.81875, 0.815625, 0.8078125, 0.8109375, 0.8125, 0.790625, 0.7921875, 0.809375, 0.80625, 0.8109375, 0.8203125, 0.8046875, 0.803125, 0.8078125, 0.796875, 0.803125, 0.7921875, 0.8109375, 0.815625, 0.8078125, 0.8109375, 0.8125, 0.8140625, 0.8078125, 0.809375, 0.8234375, 0.7953125, 0.815625, 0.80625, 0.8078125, 0.8109375, 0.8125, 0.8046875, 0.8046875, 0.803125, 0.8125, 0.8046875, 0.8046875, 0.8046875, 0.8078125, 0.803125, 0.809375, 0.790625, 0.7984375, 0.7875, 0.79375, 0.8, 0.7984375, 0.7984375, 0.7984375, 0.790625, 0.7984375, 0.8, 0.79375, 0.8015625, 0.7890625, 0.79375, 0.803125, 0.7953125, 0.7953125, 0.8, 0.790625, 0.7890625, 0.7953125, 0.79375, 0.790625, 0.79375, 0.79375, 0.79375, 0.7953125, 0.790625, 0.7953125],