{"train": {"acc": [], "loss": []}, "valid": {"acc": [0.5390625, 0.6046875, 0.584375, 0.659375, 0.684375, 0.6703125, 0.5953125, 0.74375, 0.740625, 0.6921875, 0.7453125, 0.759375, 0.728125, 0.709375, 0.7765625, 0.7140625, 0.69375, 0.7609375, 0.765625, 0.7171875, 0.7609375, 0.7859375, 0.7390625, 0.7625, 0.771875, 0.771875, 0.6734375, 0.7703125, 0.7640625, 0.7140625, 0.7484375, 0.7765625, 0.6953125, 0.7484375, 0.7609375, 0.7515625, 0.721875, 0.76875, 0.7640625, 0.584375, 0.778125, 0.7703125, 0.7640625, 0.7578125, 0.778125, 0.7578125, 0.6203125, 0.759375, 0.7609375, 0.675, 0.7640625, 0.7546875, 0.7359375, 0.7203125, 0.76875, 0.7625, 0.6453125, 0.765625, 0.7609375, 0.7234375, 0.7328125, 0.7484375, 0.7046875, 0.703125, 0.7625, 0.7546875, 0.703125, 0.746875, 0.746875, 0.7546875, 0.74375, 0.75, 0.74375, 0.734375, 0.7578125, 0.7421875, 0.659375, 0.753125, 0.7453125, 0.6875, 0.734375, 0.7484375, 0.728125, 0.71875, 0.7546875, 0.7390625, 0.678125, 0.75625, 0.7515625, 0.7140625, 0.7203125, 0.7640625, 0.746875, 0.6703125, 0.7453125, 0.74375, 0.6921875, 0.725, 0.7421875, 0.7125, 0.71875, 0.7546875, 0.7390625, 0.7328125, 0.7375, 0.7421875, 0.678125, 0.7421875, 0.7609375, 0.721875, 0.7109375, 0.7609375, 0.7375, 0.6984375, 0.7640625, 0.7578125, 0.7390625, 0.7671875, 0.7578125, 0.7515625, 0.73125, 0.7359375, 0.74375, 0.728125, 0.7453125, 0.7453125, 0.4828125, 0.7390625, 0.74375, 0.7203125, 0.7453125, 0.7546875, 0.75, 0.7390625, 0.7578125, 0.740625, 0.7015625, 0.734375, 0.740625, 0.73125, 0.7171875, 0.746875, 0.7078125, 0.703125, 0.759375, 0.765625, 0.74375, 0.765625, 0.7609375, 0.7671875], "loss": [1.3605196796340462, 1.208301591388852, 1.2832414260161793, 1.0562177793497807, 0.9857869700422832, 1.0692347053221671, 1.1871775656899202, 0.8157398972439815, 0.8282209659362006, 0.9264294008446972, 0.8380012486295968, 0.7799189435895635, 0.8517782332453233, 0.9127579823157554, 0.7607632915445014, 0.9045297207434236, 0.917326614310683, 0.7538223535652128, 0.7603103048194539, 0.8865427942553037, 0.7653625126807417, 0.724343458241048, 0.8290250129581076, 0.8130917674400469, 0.7380458655900928, 0.7540674249905439, 1.0642867477376163, 0.7359682487938112, 0.7659717853926103, 0.9893951805521127, 0.7643715892716526, 0.7420057729241927, 1.0779062437617943, 0.791193538038474, 0.7592599328256651, 0.8129810876339854, 0.9107674111358383, 0.7698895828870077, 0.7716758305206485, 1.636231059639767, 0.758950466903505, 0.738117392171937, 0.8137081601903966, 0.8079907613710248, 0.7581325544989027, 0.8231255757381809, 1.1814374557594043, 0.7715985273935356, 0.7825557307325919, 1.219952590879311, 0.7713031350670516, 0.7773351780617922, 0.9204094169520189, 0.9345300131076335, 0.8066193338717375, 0.8315840425207348, 1.2977754285267424, 0.820229352916454, 0.8437458992476815, 1.0025709087059096, 0.9444844695557195, 0.8884610067943572, 1.0862802793447808, 1.1417007870845488, 0.8114966337671922, 0.8429807812497254, 1.0657369554613267, 0.9049907051154239, 0.9024349697993985, 0.9409109697176686, 0.9369575937734717, 0.8955402105654102, 1.0780345333004397, 0.9489136350815104, 0.8810436022351563, 0.9323658056923698, 1.2567866346266912, 0.8371866023894134, 0.8269555179828461, 1.1538668323419714, 0.9685981686438377, 0.9384206443063158, 0.9944000776766687, 1.0727872069159585, 0.9355150940019561, 0.9903259607153216, 1.288501035716577, 0.8950721961451173, 0.8866057166441065, 1.2325777495767327, 1.0070425693488987, 0.9883337054513864, 1.0639426265102916, 1.4387576272340437, 0.9579944236569231, 1.0345073245287177, 1.2091449083387635, 0.9526486156005978, 0.9498996830853135, 1.196799685097568, 1.0935205637580605, 1.0155669045781426, 1.0580999576192354, 1.1727180010155847, 1.1098328800691353, 1.1053031963590871, 1.6306002453500295, 1.0103538070417812, 0.9987889243598791, 1.2411393321728585, 1.1751029157853754, 0.9156227440468305, 1.102347038382819, 1.2903980643394686, 1.0055114371275518, 1.0735064911941892, 1.1233601320140958, 1.098549701106295, 1.1281941883062199, 1.2092079995498177, 1.241047115657718, 1.2015387457889493, 1.2207184807592144, 1.3991979075446463, 1.2011311116364938, 1.1706161979657719, 2.456088839593041, 0.8880176312020166, 0.8725884847638828, 1.1564092431987643, 1.1023526621198259, 1.0919999980065695, 1.0862670482871568, 1.2746045497620582, 1.2326558497082745, 1.208949828445413, 1.4062687316586153, 1.0921142945035347, 1.1701737204823668, 1.2207415806527764, 1.3289567256701889, 1.142445864235119, 1.3506716965995529, 1.3048809850717487, 0.9169149306539037, 0.9831823444047287, 1.1807216191673784, 1.0692545091714176, 1.0849821267448239, 1.1005143015511967]}}