{"train": {"acc": [], "loss": []}, "valid": {"acc": [0.578125, 0.5828125, 0.565625, 0.6140625, 0.6625, 0.5734375, 0.6296875, 0.740625, 0.728125, 0.6671875, 0.7328125, 0.765625, 0.725, 0.7453125, 0.775, 0.734375, 0.7359375, 0.7578125, 0.76875, 0.665625, 0.7234375, 0.78125, 0.740625, 0.7203125, 0.7703125, 0.7453125, 0.684375, 0.765625, 0.7671875, 0.728125, 0.7453125, 0.78125, 0.703125, 0.721875, 0.7671875, 0.7390625, 0.6890625, 0.778125, 0.775, 0.725, 0.7546875, 0.7671875, 0.7359375, 0.671875, 0.7546875, 0.74375, 0.71875, 0.7703125, 0.7546875, 0.7296875, 0.753125, 0.75625, 0.7265625, 0.73125, 0.765625, 0.7703125, 0.68125, 0.7484375, 0.75625, 0.6875, 0.74375, 0.7640625, 0.7421875, 0.7265625, 0.7578125, 0.7453125, 0.69375, 0.7484375, 0.74375, 0.7140625, 0.7375, 0.7625, 0.709375, 0.7234375, 0.7578125, 0.7515625, 0.6734375, 0.740625, 0.746875, 0.7171875, 0.75, 0.75, 0.7234375, 0.7046875, 0.7484375, 0.74375, 0.7375, 0.75625, 0.746875, 0.7296875, 0.725, 0.7359375, 0.7546875, 0.6828125, 0.7421875, 0.746875, 0.69375, 0.75, 0.7453125, 0.7140625, 0.759375, 0.7609375, 0.7375, 0.7609375, 0.7671875, 0.7546875, 0.746875, 0.7390625, 0.7578125, 0.715625, 0.7296875, 0.7546875, 0.75, 0.7296875, 0.75, 0.75625, 0.684375, 0.7734375, 0.7671875, 0.75, 0.728125, 0.75, 0.740625, 0.73125, 0.7515625, 0.7484375, 0.7453125, 0.7296875, 0.7375, 0.6890625, 0.7203125, 0.75, 0.7375, 0.734375, 0.7375, 0.74375, 0.7390625, 0.7453125, 0.746875, 0.728125, 0.759375, 0.746875, 0.7296875, 0.7046875, 0.7484375, 0.7375, 0.75, 0.7609375, 0.7625, 0.75], "loss": [1.3414241618969434, 1.2823951178177877, 1.3497003717916392, 1.1579169842674353, 1.0211789032993823, 1.3705364338129642, 1.1208277038074097, 0.852401605093085, 0.8410449648503336, 0.9850918149465552, 0.841847469503678, 0.802654001485055, 0.8630363760005569, 0.8520736671065626, 0.7751504230052116, 0.8204999774583219, 0.8797885775939691, 0.7589254126595647, 0.766258233661412, 1.0141176104064162, 0.8322949233041866, 0.7504795338790529, 0.8697210912033769, 0.8606510758173372, 0.7498271760445212, 0.8352226483990771, 1.0012241100311214, 0.7453139619470229, 0.7684639614304382, 0.8981715065912826, 0.8064719317140466, 0.7543239667408239, 0.9034733849791831, 0.8485700664767618, 0.7706987247962639, 0.8808123582935089, 0.9654736046282844, 0.76448509093163, 0.755084045483678, 0.8918633236254196, 0.7863350985532572, 0.7510871348430568, 0.9171733350182658, 1.0063738754333043, 0.7728643501969701, 0.8204228686998146, 0.8702767699510119, 0.7757522054397468, 0.814442162059321, 0.9842956802007029, 0.8220140097167677, 0.799115472343535, 0.8796692280057656, 0.9289138934153526, 0.7896467843141645, 0.8648672057803873, 1.0440540034046493, 0.8316657843301477, 0.8422480125879583, 1.1215568342956586, 0.8533155868329889, 0.8267690718242887, 1.0722467718338045, 0.91695443670481, 0.8524617157465807, 0.942986804362068, 1.0601388927332418, 0.8873890655560621, 0.8885185937672924, 1.009596832293087, 0.9529745629537141, 0.8755790258853305, 1.0836042215655388, 1.006929629569767, 0.8494867037839378, 0.8752236916615195, 1.2294446938203958, 0.9096058377922076, 0.916646587443286, 1.0861261060426037, 0.8909403407038217, 0.8965266693673731, 1.0349121475280807, 1.0700580262842494, 0.9537078037558724, 0.9810154397686135, 1.1540309253815406, 0.945355181968924, 0.9561499449914894, 1.119561538080868, 1.0260413727278261, 1.0216007216207896, 1.082942449067225, 1.2309868180302281, 0.9454972233780354, 1.0093866469575277, 1.3301667275009537, 0.8958452352579352, 0.911448893057655, 1.1880901051773074, 0.9624327885433875, 0.9426078970247985, 1.0106662330878367, 1.0974451030291645, 1.0620495154477636, 1.1188739554235652, 1.1932159057386094, 1.0939734844856297, 1.07283954021713, 1.2920815740680818, 1.0460983728795779, 0.9809117989079791, 1.113026296511585, 1.2777436071165404, 0.9862045019558184, 0.9961752080991946, 1.3486467708764691, 1.0479446356295214, 1.0678436618461111, 1.1914031364428004, 1.2128226780347222, 1.1658428010303268, 1.2153944262607754, 1.316654207088692, 1.2593380610553155, 1.2574860903917555, 1.3135112869191832, 1.1931242343206063, 1.1685391555118323, 1.388032117899049, 0.9703884797681575, 0.8823202731379832, 1.0148792981209647, 1.122995700364051, 1.1277403532218193, 1.1378064860956167, 1.1926547695434992, 1.2004344834422545, 1.2005970365216334, 1.2850907970356185, 1.283440024076383, 1.2903866624394034, 1.350145143227546, 1.4406041331084287, 0.9665336811624947, 1.1058642964681284, 1.1505283924094765, 1.054427798876788, 1.0414908210509346, 1.1689006911760758]}}