{"train": {"acc": [], "loss": []}, "valid": {"acc": [0.5546875, 0.5828125, 0.54375, 0.6140625, 0.6625, 0.6125, 0.6296875, 0.6859375, 0.7, 0.69375, 0.728125, 0.759375, 0.703125, 0.74375, 0.7546875, 0.7390625, 0.66875, 0.7734375, 0.7703125, 0.6359375, 0.7234375, 0.7625, 0.6859375, 0.7203125, 0.7546875, 0.734375, 0.69375, 0.7578125, 0.7703125, 0.5671875, 0.75625, 0.778125, 0.6953125, 0.7453125, 0.7671875, 0.75625, 0.6625, 0.771875, 0.7734375, 0.69375, 0.7421875, 0.7640625, 0.715625, 0.728125, 0.7546875, 0.746875, 0.6765625, 0.765625, 0.7609375, 0.621875, 0.75625, 0.7578125, 0.721875, 0.665625, 0.7609375, 0.7421875, 0.6671875, 0.7828125, 0.771875, 0.7046875, 0.740625, 0.759375, 0.7359375, 0.7140625, 0.7640625, 0.7375, 0.675, 0.7484375, 0.753125, 0.709375, 0.753125, 0.75625, 0.740625, 0.6953125, 0.753125, 0.7359375, 0.66875, 0.753125, 0.753125, 0.725, 0.6953125, 0.765625, 0.7546875, 0.73125, 0.75625, 0.734375, 0.740625, 0.7453125, 0.7609375, 0.6796875, 0.725, 0.753125, 0.7296875, 0.7125, 0.7390625, 0.7453125, 0.7046875, 0.75, 0.74375, 0.7421875, 0.734375, 0.7265625, 0.7375, 0.7359375, 0.734375, 0.7375, 0.7328125, 0.740625, 0.7546875, 0.73125, 0.734375, 0.7390625, 0.7359375, 0.71875, 0.74375, 0.746875, 0.7203125, 0.74375, 0.75625, 0.7078125, 0.728125, 0.7484375, 0.7390625, 0.709375, 0.746875, 0.74375, 0.7328125, 0.74375, 0.7484375, 0.74375, 0.71875, 0.7390625, 0.728125, 0.746875, 0.7546875, 0.753125, 0.7265625, 0.765625, 0.7640625, 0.7390625, 0.7484375, 0.7546875, 0.73125, 0.725, 0.7515625, 0.7453125, 0.703125, 0.7375, 0.746875, 0.696875], "loss": [1.3282768729424137, 1.2349680499279367, 1.324855077715885, 1.2162038807674123, 1.0259350495930712, 1.1379513191886572, 1.105397772489701, 0.9705460142298327, 0.9507927841942363, 0.9707316118336234, 0.8346121803010597, 0.7787386914338962, 0.9285816839050475, 0.8385745140488685, 0.7703340696033377, 0.8145248122375381, 0.9783173058419375, 0.761548451773501, 0.7570761711879033, 1.0781119808927602, 0.8787368356819618, 0.7389378974612085, 1.057826200831238, 0.8225235245401894, 0.7390846183255908, 0.8505680011534116, 0.9131145817499116, 0.7668321385718572, 0.7474698551486881, 1.5116686084549562, 0.7632252847703878, 0.7337175783942543, 0.9606397460704497, 0.8227390244997402, 0.7444514573440765, 0.8385965593859536, 1.1223113410991592, 0.7419946019775514, 0.7636871171083006, 0.9719905156636403, 0.8083567247577294, 0.7680041566957574, 0.9300558616063788, 0.8437599634912295, 0.7576345869958049, 0.9328543314630406, 1.1834723557482565, 0.7808643029704673, 0.8015400351431309, 1.3123067839546108, 0.7953804682853526, 0.7916816053686135, 1.0665692413169179, 1.119426851589661, 0.7893730930657886, 0.8472918225946975, 1.1230448408506977, 0.7985681715976531, 0.803197860809969, 0.9932709207612532, 0.8711163348962172, 0.8537110404096643, 0.9635165644286279, 1.0017281599603423, 0.853939151673954, 0.9041496506827532, 1.1987106412024615, 0.8444744956531223, 0.8478940071484699, 1.0716504575528487, 0.8819898659677983, 0.8766364998235746, 1.0441549503528968, 1.1343269596462406, 0.9229207100174509, 1.0405568835136163, 1.4144468484595092, 0.9182633805397374, 0.9266176480775646, 1.0744415509379326, 1.055525199959114, 0.8558073311686027, 1.0024171210588255, 1.088662396067558, 0.9745341435966487, 0.9980052349687064, 1.157793497377855, 1.0686077377881287, 1.057508876888907, 1.3122888840020388, 0.9226223738424161, 0.8868938108981141, 1.0582455822473824, 1.1082644276436864, 1.017718085821082, 1.0486518266052505, 1.2816768125357754, 1.0067850616686775, 1.0226937789372015, 1.1976671375726309, 0.9452288226378199, 0.9200227332764063, 1.0467179793087085, 1.1324510784968582, 1.1006947851926225, 1.1388448750776663, 1.093576964168708, 1.0677086193109389, 1.055865418697457, 1.1634657864335718, 1.0675427400781743, 1.0300394784515035, 1.1183045031742225, 1.1971205781489387, 1.1065996769183855, 1.1214403873594188, 1.275151580926515, 1.1686099639454217, 1.1550906395130407, 1.4712423464818858, 1.2170830140984672, 1.0751707685416914, 1.1865426908060486, 1.2284605177325907, 1.0642437472994117, 1.1290828603518817, 1.214113787107379, 1.1991303776274826, 1.171653120339862, 1.303034023593318, 1.2338061053591105, 1.1691740088473142, 1.31507633912557, 1.0081317188868046, 0.8623520356476795, 0.9025945195668913, 1.0822302052442159, 0.9969827008381374, 1.0109478943145256, 1.1586049129662852, 1.1736346345100865, 1.173599984865395, 1.219983642359975, 1.2941846287244025, 1.1745932635426715, 1.193038947921072, 1.3711640999688894, 1.007046769957835, 1.0189241704609817, 1.2355379107693392]}}