{"train": {"acc": [0.5638671875, 0.7103515625, 0.7587890625, 0.7845703125, 0.800390625, 0.8205078125, 0.8384765625, 0.8484375, 0.855859375, 0.867578125, 0.87734375, 0.8900390625, 0.8818359375, 0.8927734375, 0.8986328125, 0.903125, 0.913671875, 0.9177734375, 0.925390625, 0.9216796875, 0.9353515625, 0.934375, 0.9388671875, 0.94140625, 0.936328125, 0.9373046875, 0.9416015625, 0.945703125, 0.95, 0.95, 0.946484375, 0.94765625, 0.9517578125, 0.9521484375, 0.95546875, 0.9564453125, 0.958203125, 0.960546875, 0.960546875, 0.9640625, 0.95703125, 0.9650390625, 0.9609375, 0.9607421875, 0.95703125, 0.9634765625, 0.9638671875, 0.9669921875, 0.9681640625, 0.96484375, 0.96484375, 0.9681640625, 0.9646484375, 0.9673828125, 0.9736328125, 0.973046875, 0.9744140625, 0.9716796875, 0.9701171875, 0.9744140625, 0.97265625, 0.975, 0.976171875, 0.973828125, 0.976171875, 0.973828125, 0.976171875, 0.9775390625, 0.9783203125, 0.9767578125, 0.9779296875, 0.9779296875, 0.977734375, 0.9796875, 0.979296875, 0.978125, 0.981640625, 0.9806640625, 0.9814453125, 0.980078125, 0.979296875, 0.980859375, 0.981640625, 0.9828125, 0.98046875, 0.9806640625, 0.981640625, 0.983203125, 0.9841796875, 0.982421875, 0.9826171875, 0.9826171875, 0.9822265625, 0.984375, 0.98515625, 0.9818359375, 0.9837890625, 0.983203125, 0.985546875, 0.9849609375, 0.985546875, 0.9849609375, 0.9859375, 0.9859375, 0.9845703125, 0.98515625, 0.9861328125, 0.98515625, 0.9853515625, 0.98515625, 0.98671875, 0.986328125, 0.984765625, 0.9859375, 0.9861328125, 0.9861328125, 0.98671875, 0.98671875, 0.9861328125, 0.9865234375, 0.9861328125, 0.9865234375, 0.9869140625, 0.9869140625, 0.9861328125, 0.9869140625, 0.987109375, 0.9873046875, 0.986328125, 0.9869140625, 0.98671875, 0.9869140625, 0.9861328125, 0.98671875, 0.9869140625, 0.987109375, 0.9869140625, 0.987109375, 0.9875, 0.9873046875, 0.9873046875, 0.987109375, 0.9869140625, 0.987109375, 0.987109375, 0.987109375, 0.987109375, 0.9873046875, 0.9875, 0.9869140625], "loss": [49.26351952854591, 38.513014153589175, 35.20242802100846, 33.64585719531095, 32.42394932614097, 31.0979722179944, 29.8007053664968, 29.10762900340406, 28.78269852264018, 27.71758432026151, 27.26569175720215, 26.416202955608128, 26.718973932386955, 26.01815334754654, 25.679718428020237, 25.25405367114876, 24.77482114864301, 24.182786531086208, 23.776283336591117, 24.077991509739356, 23.233535718314254, 23.228369580039494, 22.89456565470635, 22.799713183052933, 23.063829711720913, 22.928874462465696, 22.684254296218292, 22.383976658688315, 22.12445411199256, 22.088862358769283, 22.310429536843603, 22.208395390570917, 22.006007085872604, 21.89431120474127, 21.673957269402997, 21.59899545017677, 21.53080264224282, 21.38930226579497, 21.369662586646744, 21.108289284042165, 21.64128074163123, 21.067021333718603, 21.271532348439663, 21.351348128499865, 21.560216589819028, 21.173431541346297, 21.179622118986106, 20.88103666184824, 20.864978065973595, 20.99099045765551, 21.080497500262684, 20.82969465135019, 21.050737984572784, 20.848643242558346, 20.485141730006738, 20.4928764391549, 20.40861938573137, 20.51075568380235, 20.669214393519148, 20.432708450510532, 20.50044803377948, 20.389720289013052, 20.279591765584826, 20.40979940680009, 20.206897663164742, 20.37197407589683, 20.264490272425398, 20.148669327361674, 20.131037724168994, 20.233814505082144, 20.17625118207328, 20.114050177079214, 20.150228838377362, 20.014273703852787, 20.031376271308222, 20.12100417704522, 19.885628519178947, 19.949750103527986, 19.896133736719058, 19.95175702058816, 20.00484415851062, 19.922561790369734, 19.885636051998862, 19.81651342367824, 19.946158252184905, 19.928871927382072, 19.863236898108372, 19.764662561537346, 19.72041117994091, 19.802317824544787, 19.811056837250916, 19.762245081648043, 19.820853945575184, 19.687983669812166, 19.660103978989998, 19.84342147730574, 19.702663711354703, 19.747378554525255, 19.60478164576277, 19.649245588085318, 19.61702211597298, 19.653499216973028, 19.5844594979588, 19.578540995151183, 19.636897582042067, 19.617941144146496, 19.571298406093934, 19.618700558626198, 19.602364624602885, 19.596178899837447, 19.52753009071833, 19.55460961257355, 19.62095914913129, 19.56842123104047, 19.567435590526724, 19.54423887518388, 19.52636880512479, 19.507474247413345, 19.542822029017195, 19.515797747841365, 19.55205632463286, 19.52386339404915, 19.510232997846, 19.49701845193211, 19.543454013293303, 19.5004575946663, 19.485868453979492, 19.472255537781535, 19.53125275237651, 19.503426008586644, 19.497981300836877, 19.494183745565294, 19.51687846606291, 19.50881192653994, 19.476974318299114, 19.47776654400403, 19.496907898142368, 19.479318015183075, 19.451737343510494, 19.47291968140421, 19.462253980998753, 19.467813733257824, 19.48426311830931, 19.47854657716389, 19.47540836092792, 19.474226867096334, 19.47726476645168, 19.465260783328286, 19.44749160959751, 19.498714857463597]}, "valid": {"acc": [0.478125, 0.709375, 0.73125, 0.7265625, 0.7390625, 0.7578125, 0.7453125, 0.778125, 0.7859375, 0.7515625, 0.7109375, 0.75625, 0.771875, 0.7671875, 0.765625, 0.7640625, 0.778125, 0.76875, 0.7765625, 0.7734375, 0.765625, 0.7609375, 0.76875, 0.7515625, 0.775, 0.775, 0.7734375, 0.78125, 0.7734375, 0.7828125, 0.7703125, 0.7796875, 0.784375, 0.78125, 0.7734375, 0.7890625, 0.79375, 0.790625, 0.7796875, 0.79375, 0.7765625, 0.75625, 0.7796875, 0.7875, 0.7765625, 0.7703125, 0.796875, 0.8, 0.784375, 0.803125, 0.765625, 0.78125, 0.7734375, 0.79375, 0.7859375, 0.78125, 0.7796875, 0.78125, 0.7859375, 0.76875, 0.78125, 0.778125, 0.778125, 0.790625, 0.7734375, 0.7796875, 0.771875, 0.784375, 0.78125, 0.7828125, 0.7890625, 0.7921875, 0.79375, 0.7828125, 0.7765625, 0.7859375, 0.790625, 0.803125, 0.7921875, 0.7890625, 0.775, 0.7828125, 0.796875, 0.79375, 0.79375, 0.7890625, 0.790625, 0.796875, 0.7921875, 0.7875, 0.7984375, 0.7921875, 0.7890625, 0.796875, 0.8015625, 0.7953125, 0.7921875, 0.7890625, 0.7875, 0.7921875, 0.7859375, 0.8, 0.7921875, 0.796875, 0.7953125, 0.7890625, 0.7953125, 0.7890625, 0.784375, 0.7875, 0.7875, 0.7875, 0.784375, 0.7953125, 0.7953125, 0.796875, 0.796875, 0.784375, 0.7984375, 0.796875, 0.7984375, 0.8, 0.7953125, 0.8015625, 0.803125, 0.7984375, 0.796875, 0.79375, 0.7953125, 0.803125, 0.79375, 0.7953125, 0.7953125, 0.8, 0.8015625, 0.7984375, 0.7953125, 0.7921875, 0.790625, 0.790625, 0.7921875, 0.79375, 0.796875, 0.7953125, 0.7890625, 0.796875, 0.7953125, 0.7921875, 0.79375, 0.7984375],