{"precision": 0.5382291407326988, "recall": 0.5240771503077714, "f1-score": 0.5277692192661447, "auc": 0.21868964333233187}