{"precision": 0.37537051345532874, "recall": 0.33329022192698887, "f1-score": 0.2981803257359111, "auc": 0.30068525519848777}