{"train": {"acc": [0.54921875, 0.6765625, 0.7201171875, 0.7376953125, 0.7546875, 0.7708984375, 0.783203125, 0.782421875, 0.7880859375, 0.80078125, 0.80859375, 0.816796875, 0.8328125, 0.8275390625, 0.828125, 0.8326171875, 0.84609375, 0.8513671875, 0.8578125, 0.8615234375, 0.8619140625, 0.86953125, 0.869140625, 0.8736328125, 0.87734375, 0.8689453125, 0.8798828125, 0.87578125, 0.8806640625, 0.884375, 0.8951171875, 0.8986328125, 0.90078125, 0.897265625, 0.9013671875, 0.9103515625, 0.9060546875, 0.9189453125, 0.912890625, 0.9177734375, 0.9166015625, 0.916015625, 0.9169921875, 0.91875, 0.922265625, 0.9205078125, 0.924609375, 0.926953125, 0.92578125, 0.92734375, 0.9279296875, 0.93203125, 0.933203125, 0.9296875, 0.933203125, 0.9375, 0.936328125, 0.937890625, 0.9375, 0.93828125, 0.9400390625, 0.9421875, 0.9376953125, 0.940625, 0.9427734375, 0.9447265625, 0.946875, 0.94609375, 0.948046875, 0.9505859375, 0.95078125, 0.9494140625, 0.9490234375, 0.9490234375, 0.9517578125, 0.95234375, 0.951953125, 0.953125, 0.9546875, 0.9537109375, 0.95390625, 0.951953125, 0.95234375, 0.953125, 0.9568359375, 0.9595703125, 0.9572265625, 0.9580078125, 0.9599609375, 0.9615234375, 0.959375, 0.959765625, 0.95859375, 0.9615234375, 0.9623046875, 0.962890625, 0.9625, 0.9623046875, 0.9640625, 0.96328125, 0.964453125, 0.9638671875, 0.96328125, 0.9630859375, 0.9634765625, 0.964453125, 0.96484375, 0.96328125, 0.9640625, 0.9642578125, 0.965234375, 0.9650390625, 0.96484375, 0.9650390625, 0.96484375, 0.965625, 0.9658203125, 0.96640625, 0.966796875, 0.96640625, 0.966796875, 0.9666015625, 0.966796875, 0.9666015625, 0.967578125, 0.9681640625, 0.9677734375, 0.9677734375, 0.9669921875, 0.9671875, 0.9669921875, 0.9673828125, 0.968359375, 0.9677734375, 0.9677734375, 0.967578125, 0.967578125, 0.968359375, 0.967578125, 0.968359375, 0.9689453125, 0.967578125, 0.9685546875, 0.9677734375, 0.9677734375, 0.96875, 0.968359375, 0.9677734375, 0.9689453125, 0.96796875], "loss": [2.5913951246044302, 2.331009034869037, 2.259718007679227, 2.229769607133503, 2.2014550544038602, 2.178139310848864, 2.1611502125293396, 2.1584268778185303, 2.1481466474412363, 2.1285538884657846, 2.1171798177912264, 2.102909150002878, 2.0766723352142527, 2.0829165645792513, 2.085359614106673, 2.0760213634635827, 2.053448329997968, 2.045324111286598, 2.033617497999457, 2.0312244122541405, 2.03035711789433, 2.0172692778744277, 2.0194257090363323, 2.010688932636116, 2.0048101733002484, 2.017571250094643, 1.9987439671649208, 2.0064126343666753, 1.999065104919144, 1.992166934134085, 1.9746037238760838, 1.9663518953926955, 1.9648336096654964, 1.9691183808483654, 1.963345173039014, 1.9481229691565791, 1.9554555521735661, 1.9370766772499568, 1.9453445386283006, 1.9372995080827158, 1.9378050837335707, 1.9382901327519477, 1.9379766621167147, 1.9335356618784652, 1.9283851370026794, 1.9311656137055988, 1.9261627423612377, 1.9215226128131528, 1.924243359626094, 1.9200881870487068, 1.918192732183239, 1.9117550668837149, 1.9115650699108462, 1.9187597805940653, 1.9114666513249845, 1.903732669504383, 1.9047901404054859, 1.9036055652401116, 1.9049046326287185, 1.9025481803507744, 1.9001401979711992, 1.8974680538418927, 1.9030991370164896, 1.898668876177148, 1.895232310777978, 1.8931429174881946, 1.8883889792840691, 1.8896389173555979, 1.8870339544513557, 1.8824364701403846, 1.8821712008005456, 1.884394346913205, 1.8836556793768195, 1.8845104718510108, 1.8798845206634909, 1.880243152002745, 1.8789624021023135, 1.877886553353901, 1.876297345644311, 1.8763503379459623, 1.8766958683351926, 1.8792478087582165, 1.8797341630428652, 1.8777172203305401, 1.8719501661348947, 1.867642091799386, 1.870820926714547, 1.8707292577888393, 1.8670404576048065, 1.8646654177315627, 1.8672619952431209, 1.8671503036837034, 1.8681848411318622, 1.8647354463987713, 1.8626020407374901, 1.862206012387819, 1.862655425373512, 1.8629994905447658, 1.8605377538294732, 1.8616991933388045, 1.859192591679247, 1.8600429402122014, 1.8614340884776055, 1.8611383815354938, 1.8604834698423554, 1.8593696597256237, 1.8585631590855272, 1.861043401911289, 1.8595520423937448, 1.8595878323422204, 1.8581223201148118, 1.8578383258626432, 1.8584444160702862, 1.8586258269563507, 1.8584607070005392, 1.8577416682545143, 1.8568024982379963, 1.8560502529144287, 1.8554169844977464, 1.8555242713493636, 1.8553557908987697, 1.854989447171175, 1.854811291151409, 1.8553733433349222, 1.8539595437955252, 1.8533704175224788, 1.8537224259557603, 1.8537284015100213, 1.8548004868664318, 1.8543022735209405, 1.8548168758802777, 1.8541020969801312, 1.8526471068587484, 1.8537187214139141, 1.8537493280217618, 1.8539209365844727, 1.853895573676387, 1.8527835848965222, 1.8543524259253392, 1.852653820303422, 1.8513363448879387, 1.8540586519844924, 1.8523022645636449, 1.85293479961685, 1.8532256702833538, 1.8518427233152752, 1.8525485132313981, 1.8532356853726544, 1.8521246004708205, 1.8526787878591804]}, "valid": {"acc": [0.6171875, 0.65625, 0.7, 0.6859375, 0.725, 0.7171875, 0.7515625, 0.734375, 0.7515625, 0.7546875, 0.775, 0.7765625, 0.7359375, 0.7796875, 0.7515625, 0.803125, 0.784375, 0.803125, 0.775, 0.7859375, 0.7984375, 0.7875, 0.7765625, 0.7765625, 0.784375, 0.7703125, 0.778125, 0.7703125, 0.775, 0.7890625, 0.7671875, 0.8, 0.775, 0.784375, 0.759375, 0.7890625, 0.78125, 0.7765625, 0.796875, 0.8046875, 0.7953125, 0.7734375, 0.78125, 0.78125, 0.8046875, 0.7828125, 0.78125, 0.775, 0.78125, 0.796875, 0.8015625, 0.8015625, 0.7859375, 0.775, 0.7984375, 0.796875, 0.7953125, 0.771875, 0.778125, 0.7875, 0.8046875, 0.79375, 0.790625, 0.796875, 0.803125, 0.8046875, 0.8046875, 0.7984375, 0.8046875, 0.8046875, 0.821875, 0.8109375, 0.815625, 0.7953125, 0.7953125, 0.7859375, 0.790625, 0.7765625, 0.7875, 0.796875, 0.7875, 0.7984375, 0.803125, 0.8, 0.8046875, 0.8015625, 0.809375, 0.8046875, 0.803125, 0.803125, 0.7890625, 0.7890625, 0.7875, 0.7890625, 0.803125, 0.7953125, 0.7921875, 0.8046875, 0.7875, 0.79375, 0.7890625, 0.7953125, 0.79375, 0.7875, 0.79375, 0.79375, 0.7984375, 0.7953125, 0.796875, 0.790625, 0.7921875, 0.7984375, 0.7890625, 0.8015625, 0.803125, 0.7953125, 0.803125, 0.8046875, 0.7921875, 0.796875, 0.7921875, 0.7921875, 0.79375, 0.7921875, 0.7953125, 0.79375, 0.790625, 0.796875, 0.796875, 0.8, 0.8, 0.796875, 0.8, 0.803125, 0.803125, 0.8, 0.8, 0.8, 0.8015625, 0.8, 0.7984375, 0.796875, 0.8, 0.8, 0.796875, 0.803125, 0.8046875, 0.8, 0.7953125, 0.796875],