{"train": {"acc": [0.535546875, 0.685546875, 0.703125, 0.73125, 0.7466796875, 0.7626953125, 0.7640625, 0.76796875, 0.790625, 0.7830078125, 0.7982421875, 0.794140625, 0.79765625, 0.8091796875, 0.80625, 0.815234375, 0.8185546875, 0.8298828125, 0.8314453125, 0.83046875, 0.8326171875, 0.8431640625, 0.85078125, 0.8478515625, 0.8611328125, 0.862890625, 0.86953125, 0.8705078125, 0.8779296875, 0.8810546875, 0.8818359375, 0.8791015625, 0.8845703125, 0.8875, 0.8892578125, 0.8888671875, 0.8916015625, 0.896875, 0.8962890625, 0.903515625, 0.9037109375, 0.9037109375, 0.912109375, 0.91015625, 0.9095703125, 0.9171875, 0.908984375, 0.9154296875, 0.9158203125, 0.919921875, 0.92421875, 0.92578125, 0.9271484375, 0.9271484375, 0.930078125, 0.9294921875, 0.92890625, 0.9291015625, 0.933203125, 0.933203125, 0.92890625, 0.9357421875, 0.9375, 0.9408203125, 0.9443359375, 0.9439453125, 0.94140625, 0.9470703125, 0.94453125, 0.945703125, 0.946484375, 0.9505859375, 0.9521484375, 0.951171875, 0.9517578125, 0.951171875, 0.9501953125, 0.9509765625, 0.953515625, 0.9537109375, 0.95234375, 0.95546875, 0.953515625, 0.9560546875, 0.9578125, 0.9568359375, 0.9572265625, 0.95859375, 0.9607421875, 0.959765625, 0.959375, 0.959375, 0.9607421875, 0.961328125, 0.960546875, 0.9619140625, 0.9619140625, 0.9625, 0.9619140625, 0.961328125, 0.9625, 0.9642578125, 0.9642578125, 0.9650390625, 0.9646484375, 0.9666015625, 0.965625, 0.9662109375, 0.9666015625, 0.9666015625, 0.966796875, 0.9673828125, 0.9669921875, 0.9681640625, 0.9677734375, 0.9681640625, 0.9681640625, 0.9689453125, 0.968359375, 0.9685546875, 0.9681640625, 0.9685546875, 0.96875, 0.969140625, 0.96875, 0.9693359375, 0.9689453125, 0.96875, 0.9693359375, 0.969921875, 0.969921875, 0.9703125, 0.9697265625, 0.9701171875, 0.96953125, 0.969921875, 0.9697265625, 0.969921875, 0.9705078125, 0.969140625, 0.969140625, 0.969921875, 0.9693359375, 0.969140625, 0.969921875, 0.969921875, 0.969140625, 0.9703125, 0.969921875, 0.9697265625], "loss": [2.598795785179621, 2.3227252869666377, 2.2879200736178626, 2.2408570428437824, 2.218873150740998, 2.192292489582979, 2.18843008445788, 2.1815238346027424, 2.147487469866306, 2.157369022127948, 2.1340378055089637, 2.140104176122931, 2.133570008640048, 2.1128180328803725, 2.1202035086064397, 2.104720972761323, 2.099672733982907, 2.0790259898463384, 2.0773232420788537, 2.081452759006355, 2.0783683635011503, 2.0600903849058514, 2.0484035301812087, 2.0512093471575388, 2.030923955048187, 2.0255281925201416, 2.017472276204749, 2.013784106773666, 2.0008359619333773, 1.9953105404407163, 1.9963752167134345, 2.002690055702306, 1.991235289392592, 1.9898752607876742, 1.9830580874334407, 1.9842827063572557, 1.9802378476420535, 1.970838492429709, 1.9720001945012733, 1.9611020842684974, 1.961358191091803, 1.9599114052857025, 1.945670235006115, 1.9503359251384493, 1.9500067188769956, 1.9372730089139334, 1.9498931260048589, 1.941351051572003, 1.9399915511095072, 1.9337563575068606, 1.9257320029826104, 1.921814557872241, 1.9202860669244695, 1.9216402753998962, 1.9159458347513705, 1.9163883683047718, 1.9178465574602537, 1.9177864488167098, 1.912480778331998, 1.9125319794763493, 1.9170518283602558, 1.908708341514008, 1.9037197586856311, 1.8991060709651513, 1.8925265647188019, 1.8938923380042934, 1.8962766746931439, 1.8876555931719043, 1.8927626247647442, 1.8910457091995432, 1.888556308384183, 1.8835771174370488, 1.8807550744165349, 1.8820649807966208, 1.8811500540262536, 1.8811829452273212, 1.8817995862115788, 1.8809776743756066, 1.8780000692681422, 1.8767973637279076, 1.8790131656429436, 1.8729883402208738, 1.8770832306222072, 1.8731618651860877, 1.8701009795635561, 1.8722461477110657, 1.8705356664295438, 1.8688041937502125, 1.8656430395343635, 1.8667540263526048, 1.868055129353004, 1.8675151640855814, 1.8651540430286262, 1.864079470875897, 1.8653597348853002, 1.863255868984174, 1.863856532905675, 1.8623295041579235, 1.8630337760418276, 1.8642754766005505, 1.8626987707765796, 1.859956768494618, 1.8589990667149991, 1.858391669732106, 1.8588312200353116, 1.8561662767506852, 1.8569320636459543, 1.85578013975409, 1.8559089823614192, 1.8552723277973224, 1.8552752401255355, 1.8543919943556, 1.8550248810007601, 1.8536896056766752, 1.8540336572671239, 1.8531696539890916, 1.852690663518785, 1.8519244601454916, 1.8526838021942331, 1.8522916700266585, 1.8528776395169995, 1.8525444782232936, 1.8520291998416563, 1.851455643207212, 1.8517799211453787, 1.8509502667414992, 1.851632075973704, 1.8520398411569716, 1.8512050969691216, 1.8500784982608844, 1.8501582915269876, 1.8497389690785468, 1.8502643832677528, 1.8501808764059333, 1.8506631051437765, 1.8500348374813418, 1.8505827082863338, 1.8505613185182404, 1.8492448586451857, 1.8513844707344151, 1.851481630832334, 1.850037603438655, 1.8513146065458466, 1.8511625301988819, 1.849889550027968, 1.850159798996358, 1.850976841359199, 1.8495862227451951, 1.8505574072463602, 1.8503426041784166]}, "valid": {"acc": [0.609375, 0.6609375, 0.6625, 0.703125, 0.6625, 0.70625, 0.6921875, 0.740625, 0.7421875, 0.771875, 0.7265625, 0.7203125, 0.746875, 0.759375, 0.7421875, 0.7359375, 0.778125, 0.7671875, 0.76875, 0.771875, 0.7875, 0.7859375, 0.7765625, 0.7828125, 0.778125, 0.784375, 0.78125, 0.7734375, 0.775, 0.7640625, 0.78125, 0.7671875, 0.78125, 0.7609375, 0.7796875, 0.7796875, 0.784375, 0.778125, 0.7703125, 0.7859375, 0.8046875, 0.7875, 0.7953125, 0.778125, 0.796875, 0.7828125, 0.8015625, 0.784375, 0.7765625, 0.7859375, 0.7984375, 0.796875, 0.7859375, 0.8, 0.7828125, 0.78125, 0.790625, 0.775, 0.79375, 0.7953125, 0.7859375, 0.7921875, 0.80625, 0.7921875, 0.784375, 0.7890625, 0.8015625, 0.796875, 0.7953125, 0.8, 0.790625, 0.80625, 0.778125, 0.7828125, 0.7859375, 0.7953125, 0.775, 0.7828125, 0.8, 0.778125, 0.7828125, 0.796875, 0.803125, 0.7921875, 0.7921875, 0.7890625, 0.784375, 0.78125, 0.7828125, 0.7875, 0.790625, 0.8046875, 0.8015625, 0.784375, 0.8109375, 0.7859375, 0.809375, 0.8078125, 0.803125, 0.815625, 0.7953125, 0.7984375, 0.8, 0.80625, 0.8015625, 0.8046875, 0.8, 0.8078125, 0.7984375, 0.7984375, 0.7953125, 0.7921875, 0.7984375, 0.790625, 0.7953125, 0.7984375, 0.79375, 0.7953125, 0.7953125, 0.8046875, 0.79375, 0.790625, 0.796875, 0.7953125, 0.7953125, 0.79375, 0.7921875, 0.8, 0.8046875, 0.7890625, 0.790625, 0.7921875, 0.7921875, 0.79375, 0.790625, 0.7890625, 0.7890625, 0.7921875, 0.790625, 0.790625, 0.790625, 0.790625, 0.7953125, 0.7890625, 0.7890625, 0.7953125, 0.79375, 0.796875, 0.79375, 0.7921875],