{"train": {"acc": [0.5376953125, 0.6875, 0.716015625, 0.744140625, 0.7521484375, 0.75625, 0.775, 0.78125, 0.78828125, 0.804296875, 0.7994140625, 0.8109375, 0.81015625, 0.8177734375, 0.8201171875, 0.833203125, 0.84140625, 0.8482421875, 0.8498046875, 0.8509765625, 0.8560546875, 0.8583984375, 0.8603515625, 0.8751953125, 0.87265625, 0.8833984375, 0.8779296875, 0.885546875, 0.8896484375, 0.88359375, 0.894140625, 0.898046875, 0.9056640625, 0.9029296875, 0.89921875, 0.901953125, 0.9060546875, 0.9080078125, 0.9146484375, 0.9099609375, 0.915234375, 0.9171875, 0.921875, 0.9234375, 0.923828125, 0.926171875, 0.928515625, 0.928515625, 0.928515625, 0.9287109375, 0.92890625, 0.9302734375, 0.930859375, 0.930859375, 0.9337890625, 0.9369140625, 0.9412109375, 0.9408203125, 0.941015625, 0.94140625, 0.9443359375, 0.9439453125, 0.9455078125, 0.941796875, 0.9482421875, 0.9486328125, 0.94609375, 0.9484375, 0.9470703125, 0.9486328125, 0.94765625, 0.948828125, 0.9501953125, 0.951953125, 0.9515625, 0.9509765625, 0.950390625, 0.9517578125, 0.954296875, 0.9521484375, 0.9537109375, 0.95625, 0.9580078125, 0.95625, 0.95546875, 0.953125, 0.9546875, 0.95625, 0.95859375, 0.959765625, 0.9595703125, 0.9580078125, 0.9587890625, 0.959765625, 0.9587890625, 0.96171875, 0.9611328125, 0.959765625, 0.9623046875, 0.96015625, 0.96328125, 0.9626953125, 0.9630859375, 0.96328125, 0.96328125, 0.964453125, 0.9650390625, 0.9654296875, 0.964453125, 0.965234375, 0.96484375, 0.9650390625, 0.966015625, 0.9642578125, 0.966015625, 0.9658203125, 0.96640625, 0.965625, 0.9666015625, 0.9666015625, 0.9658203125, 0.9662109375, 0.966015625, 0.9669921875, 0.9669921875, 0.966015625, 0.9671875, 0.9677734375, 0.966796875, 0.9671875, 0.9666015625, 0.96796875, 0.9671875, 0.9681640625, 0.9666015625, 0.9666015625, 0.96796875, 0.9677734375, 0.9685546875, 0.9677734375, 0.967578125, 0.9677734375, 0.968359375, 0.9673828125, 0.96796875, 0.9681640625, 0.9681640625, 0.96796875, 0.9671875, 0.968359375], "loss": [2.5949636743038513, 2.315864055971556, 2.266222259666346, 2.224111345749867, 2.210875911048696, 2.2005718508853187, 2.1738329718384564, 2.16178917583031, 2.1495644548271278, 2.1235413898395588, 2.129856111128119, 2.1129614823981178, 2.112572553791577, 2.1035953579069693, 2.0966633724260935, 2.0752358949637113, 2.061047668698468, 2.053269108639488, 2.0511604487141475, 2.045205668558048, 2.035745833493486, 2.0328745992877817, 2.0306590825696533, 2.0066691320153733, 2.010796800444398, 1.9941029095951515, 2.001527531237542, 1.9898776600632486, 1.9864053620567805, 1.9914937441862082, 1.9759511781644217, 1.971394185778461, 1.9575337865684606, 1.9613522698607626, 1.9659210005892982, 1.9627073082742812, 1.9560447252249415, 1.9519136057624333, 1.9428209609623197, 1.949040966697886, 1.9406065110918842, 1.9397947954226145, 1.9302452048168908, 1.9275291780882244, 1.9266281037390987, 1.9230755084677587, 1.9185483983800382, 1.9196680784225464, 1.9184827729116511, 1.9183881071549427, 1.919381333302848, 1.9170795105680634, 1.9150210256817974, 1.9136105428768109, 1.9096857128264029, 1.904042332987242, 1.8986731330050697, 1.8989349965807758, 1.897647335559507, 1.8979618730424326, 1.893189074117926, 1.8936065329781062, 1.8912038229688812, 1.8967754689952996, 1.8864595874955383, 1.8858132558532907, 1.8891564305824569, 1.8858288737792004, 1.8872555781014357, 1.884650035749508, 1.8874098439759845, 1.8863245188435422, 1.8831811373746847, 1.8806171492685246, 1.8798282040825374, 1.881682804868191, 1.8819660702838172, 1.8817062966431244, 1.8765538855444026, 1.878983835630779, 1.8777438145649583, 1.8733133319057995, 1.8700523436823977, 1.8722116388852084, 1.8735449419745915, 1.8780353793615028, 1.8752154458927204, 1.8732713521281374, 1.869214169586761, 1.8670653451847126, 1.8679601648185826, 1.8696387734594224, 1.8687036686305758, 1.8664780764640132, 1.8679984294915501, 1.8640549439418166, 1.8652218021923983, 1.866675858256183, 1.8626368106166018, 1.8661340173286727, 1.8617991495736037, 1.8622926051103617, 1.8613721434074113, 1.861013620714598, 1.8609408653235133, 1.8591371714314329, 1.858481354351285, 1.857551339306409, 1.8588931605785708, 1.8580682670013815, 1.8586229131191592, 1.8578429795518707, 1.8569995557205587, 1.8598128708103034, 1.8563936782788626, 1.8572495285468766, 1.8560117181343367, 1.8577250212053709, 1.8553366314006756, 1.8556833267211914, 1.8566838834859147, 1.8565599812736995, 1.8563807704780675, 1.8546625511555732, 1.8549464095996906, 1.8559425088423718, 1.8547573708280731, 1.8537066510961027, 1.8558786579325228, 1.8548914963686014, 1.8552556701853304, 1.853241590004933, 1.854467520230933, 1.8535390760325179, 1.8555492373961437, 1.8556176439116272, 1.8532681480238709, 1.8532278749007214, 1.8524611282952224, 1.8538344374185876, 1.8540377450894705, 1.8535768065271498, 1.8527822675584238, 1.8542010165468048, 1.853422505946099, 1.8531453805633737, 1.853217921679533, 1.8533285584630845, 1.8544744932198827, 1.8525970721546607]}, "valid": {"acc": [0.6078125, 0.7203125, 0.6140625, 0.721875, 0.740625, 0.7265625, 0.7328125, 0.6984375, 0.75, 0.75625, 0.7453125, 0.759375, 0.7578125, 0.771875, 0.75625, 0.7859375, 0.7578125, 0.7765625, 0.7484375, 0.7640625, 0.7609375, 0.74375, 0.76875, 0.7890625, 0.803125, 0.78125, 0.7765625, 0.7625, 0.7703125, 0.7625, 0.7796875, 0.8046875, 0.78125, 0.76875, 0.7796875, 0.7875, 0.815625, 0.8078125, 0.778125, 0.8015625, 0.7890625, 0.7875, 0.79375, 0.7984375, 0.80625, 0.778125, 0.7828125, 0.78125, 0.7953125, 0.80625, 0.7859375, 0.7765625, 0.7875, 0.7984375, 0.8078125, 0.8078125, 0.7921875, 0.8078125, 0.7890625, 0.7953125, 0.7859375, 0.790625, 0.784375, 0.7875, 0.79375, 0.7984375, 0.7953125, 0.7921875, 0.775, 0.7859375, 0.7765625, 0.765625, 0.7765625, 0.8, 0.7984375, 0.79375, 0.784375, 0.7953125, 0.784375, 0.7859375, 0.809375, 0.78125, 0.7921875, 0.7953125, 0.784375, 0.7671875, 0.7890625, 0.7953125, 0.803125, 0.809375, 0.7921875, 0.790625, 0.8046875, 0.79375, 0.7984375, 0.796875, 0.803125, 0.8046875, 0.7984375, 0.8078125, 0.8078125, 0.7953125, 0.7953125, 0.8078125, 0.809375, 0.8078125, 0.8015625, 0.8, 0.8015625, 0.8, 0.79375, 0.803125, 0.8, 0.8078125, 0.803125, 0.7984375, 0.7953125, 0.803125, 0.8, 0.8046875, 0.8078125, 0.8078125, 0.809375, 0.8046875, 0.8125, 0.8046875, 0.8, 0.8125, 0.80625, 0.803125, 0.8015625, 0.8046875, 0.796875, 0.8, 0.8, 0.8, 0.7953125, 0.7953125, 0.8015625, 0.7984375, 0.803125, 0.796875, 0.796875, 0.7984375, 0.7984375, 0.8, 0.803125, 0.803125, 0.8, 0.803125],