{"train": {"acc": [0.5447265625, 0.676171875, 0.70234375, 0.728125, 0.738671875, 0.7541015625, 0.7654296875, 0.78203125, 0.7908203125, 0.7951171875, 0.8005859375, 0.7939453125, 0.810546875, 0.8134765625, 0.81640625, 0.8240234375, 0.828125, 0.8314453125, 0.8357421875, 0.8408203125, 0.8427734375, 0.8544921875, 0.8533203125, 0.85546875, 0.8673828125, 0.86796875, 0.869921875, 0.8740234375, 0.8755859375, 0.8830078125, 0.8931640625, 0.8876953125, 0.8912109375, 0.90078125, 0.905078125, 0.9015625, 0.8982421875, 0.9015625, 0.906640625, 0.9033203125, 0.898046875, 0.9052734375, 0.9130859375, 0.9158203125, 0.9201171875, 0.922265625, 0.9228515625, 0.9244140625, 0.9224609375, 0.9259765625, 0.92890625, 0.932421875, 0.928125, 0.92109375, 0.93046875, 0.9302734375, 0.9310546875, 0.93046875, 0.9328125, 0.9376953125, 0.937890625, 0.9359375, 0.9375, 0.941015625, 0.9390625, 0.9439453125, 0.9458984375, 0.94453125, 0.94375, 0.946484375, 0.951171875, 0.9501953125, 0.9501953125, 0.9478515625, 0.95, 0.9498046875, 0.94921875, 0.9521484375, 0.9486328125, 0.951953125, 0.9517578125, 0.9517578125, 0.9541015625, 0.9544921875, 0.9546875, 0.9556640625, 0.955859375, 0.9576171875, 0.95546875, 0.957421875, 0.955859375, 0.9568359375, 0.95859375, 0.95859375, 0.9583984375, 0.95703125, 0.9591796875, 0.9587890625, 0.9587890625, 0.95859375, 0.9603515625, 0.959765625, 0.9603515625, 0.9603515625, 0.9607421875, 0.9595703125, 0.962109375, 0.9611328125, 0.962109375, 0.9611328125, 0.961328125, 0.9626953125, 0.9625, 0.963671875, 0.96328125, 0.9623046875, 0.9625, 0.9626953125, 0.9626953125, 0.9638671875, 0.9640625, 0.96484375, 0.96484375, 0.9646484375, 0.963671875, 0.964453125, 0.9642578125, 0.9650390625, 0.965234375, 0.9650390625, 0.965234375, 0.965625, 0.9646484375, 0.9662109375, 0.966015625, 0.9658203125, 0.9658203125, 0.9650390625, 0.9669921875, 0.966015625, 0.9669921875, 0.966015625, 0.966015625, 0.9654296875, 0.965234375, 0.9666015625, 0.966015625, 0.96640625, 0.966015625, 0.965625], "loss": [2.594209649894811, 2.335849620118926, 2.2883025543599187, 2.2437856650050683, 2.2331633205655255, 2.2064724436289147, 2.187627929675428, 2.1598465412477905, 2.1462478426438345, 2.1386118267155902, 2.12973365602614, 2.139450978629197, 2.1133720467362225, 2.109686601011059, 2.1037769679781757, 2.0888934225975713, 2.0839016694056838, 2.0761387710329853, 2.0698762603952914, 2.065659254412108, 2.0597305162043513, 2.040638556963281, 2.0425813575334186, 2.039303343507308, 2.020108574553381, 2.018690972388545, 2.015247400802902, 2.00682745704168, 2.006121884418439, 1.9952578182461895, 1.9786900568612014, 1.9851156231723255, 1.9822051208230513, 1.9664198824121981, 1.9579154434083383, 1.9631411274777184, 1.9695987520338614, 1.9640055457247962, 1.9552758313432526, 1.9603377641001833, 1.9689080156857455, 1.9570166219638874, 1.944405431988873, 1.940354810485357, 1.9330146916304962, 1.9307784928551204, 1.927936069573028, 1.9258222021634066, 1.927975811535799, 1.9230705318571646, 1.919612831707242, 1.9125950110109546, 1.9206982956656926, 1.9300492820860464, 1.9170358694052394, 1.9159980635099774, 1.9147537916521482, 1.9161345294759244, 1.911452928675881, 1.9032590902304347, 1.9029851910434192, 1.9059165640722346, 1.9046337649792056, 1.8989936475512348, 1.9013072071196158, 1.893839306469205, 1.889949446992029, 1.8924256533007078, 1.8955572375768348, 1.8881442863729936, 1.881851834586904, 1.882462112209465, 1.882878618904307, 1.8874647043928314, 1.8826898185512688, 1.8834182793581034, 1.884793399255487, 1.8802083474171312, 1.885213687450071, 1.8805686612672443, 1.88057818744756, 1.880535576916948, 1.8760350942611694, 1.8754407710666898, 1.875464816636677, 1.8738872869105279, 1.8736321307435821, 1.8702536866634707, 1.8737866969048222, 1.8710102853895743, 1.872789835628075, 1.8719859409935866, 1.8690673761729952, 1.868697321867641, 1.869312900531141, 1.8714797587334355, 1.86765587782558, 1.868991039976289, 1.8686409419095968, 1.868548480770256, 1.865551666368412, 1.8667281579367723, 1.8664681881288938, 1.8658224751677694, 1.8655941033665138, 1.8670733050455022, 1.863473852978477, 1.863978455338297, 1.8628822429270684, 1.8650339826752869, 1.863843970660922, 1.8616590650775764, 1.8624777990051462, 1.8612784117083006, 1.8609179363975041, 1.8626496369325662, 1.8623340175121645, 1.8617374821554256, 1.8614405831204186, 1.8599071261249012, 1.860006401810465, 1.8585597291777405, 1.8584635031374195, 1.8589060532895825, 1.8605698090565355, 1.8588090305086933, 1.8596109302738044, 1.8584713332260712, 1.8578775245932084, 1.8582474536533597, 1.858007545712628, 1.8572887121876585, 1.8583834035487115, 1.8561643090429185, 1.8560508233082444, 1.856501878062381, 1.8570161982427669, 1.8572370326971706, 1.8552167626875866, 1.85625551773023, 1.8555231894118875, 1.8562366283392604, 1.856443563594094, 1.8572383696519876, 1.8574998665459548, 1.8560105698018134, 1.8566840932339053, 1.8555659961096849, 1.8565971066680136, 1.8565206467350828]}, "valid": {"acc": [0.5359375, 0.6703125, 0.640625, 0.709375, 0.7203125, 0.7328125, 0.746875, 0.721875, 0.7375, 0.7203125, 0.74375, 0.7328125, 0.7359375, 0.7859375, 0.74375, 0.7703125, 0.75625, 0.76875, 0.7703125, 0.759375, 0.7765625, 0.7703125, 0.775, 0.7765625, 0.7578125, 0.765625, 0.765625, 0.75, 0.775, 0.7453125, 0.7671875, 0.7859375, 0.7828125, 0.78125, 0.7859375, 0.803125, 0.7734375, 0.7765625, 0.76875, 0.7671875, 0.771875, 0.7921875, 0.7796875, 0.7875, 0.778125, 0.7859375, 0.784375, 0.790625, 0.7890625, 0.790625, 0.796875, 0.7921875, 0.7890625, 0.7640625, 0.7953125, 0.7953125, 0.7875, 0.8, 0.78125, 0.7875, 0.8015625, 0.7828125, 0.7921875, 0.7875, 0.7875, 0.7859375, 0.7890625, 0.7640625, 0.7875, 0.8015625, 0.8125, 0.796875, 0.809375, 0.7765625, 0.790625, 0.778125, 0.790625, 0.790625, 0.80625, 0.790625, 0.7796875, 0.7984375, 0.7953125, 0.7921875, 0.8046875, 0.7984375, 0.7859375, 0.79375, 0.7875, 0.790625, 0.7984375, 0.80625, 0.8078125, 0.8078125, 0.8, 0.809375, 0.8109375, 0.80625, 0.8046875, 0.7984375, 0.8046875, 0.81875, 0.80625, 0.8046875, 0.8203125, 0.8234375, 0.81875, 0.8125, 0.8140625, 0.8109375, 0.8015625, 0.803125, 0.809375, 0.8046875, 0.81875, 0.815625, 0.8078125, 0.8171875, 0.81875, 0.8078125, 0.8046875, 0.80625, 0.80625, 0.8125, 0.809375, 0.80625, 0.8125, 0.809375, 0.8140625, 0.8125, 0.8078125, 0.8078125, 0.809375, 0.8015625, 0.8015625, 0.80625, 0.8046875, 0.8015625, 0.809375, 0.8046875, 0.8046875, 0.80625, 0.8109375, 0.80625, 0.8109375, 0.8, 0.8125, 0.8078125, 0.80625, 0.8078125],