{"precision": 0.7946359414874503, "recall": 0.7503158618887823, "f1-score": 0.7643712654789991, "auc": 0.24192972882209723}