{"precision": 0.7591975652700426, "recall": 0.747398797124042, "f1-score": 0.7510146659654718, "auc": 0.16571327475378897}