{"precision": 0.13746747045560304, "recall": 0.0486547613864756, "f1-score": 0.04417307209725149, "auc": 0.5082408577983799}