{"precision": 0.7740048711178549, "recall": 0.7704352262202563, "f1-score": 0.7697851690052554, "auc": 0.20156787843170182}