{"precision": 0.7720525452175095, "recall": 0.7565764758654492, "f1-score": 0.7586547834094346, "auc": 0.20468474519351862}