{"precision": 0.7579000153377321, "recall": 0.7567763051144589, "f1-score": 0.7559171097787997, "auc": 0.24303165141465874}