{"precision": 0.5042886088889914, "recall": 0.49124183785032927, "f1-score": 0.48718462892822817, "auc": 0.33396237542018054}