{"precision": 0.6919082215447382, "recall": 0.6164596924668111, "f1-score": 0.6364773885895652, "auc": 0.20773423752092363}