{"precision": 0.7402115666898047, "recall": 0.7356222725612557, "f1-score": 0.7337302933745558, "auc": 0.16931060918794602}