{"precision": 0.7462032894361931, "recall": 0.7398471219212496, "f1-score": 0.7404012322306193, "auc": 0.17369424623066188}