{"precision": 0.5488521605796408, "recall": 0.5202196459514218, "f1-score": 0.5264349348893508, "auc": 0.24995707970299155}