{"precision": 0.8383226315588546, "recall": 0.761168118669749, "f1-score": 0.7867191798960373, "auc": 0.25965005168544986}