{"precision": 0.8088538232376844, "recall": 0.7331722242474068, "f1-score": 0.7511670333469926, "auc": 0.25457056702443964}