{"precision": 0.7810272370356364, "recall": 0.7525700882711871, "f1-score": 0.7568701613118196, "auc": 0.234573083704139}