{"train": {"acc": [0.7743801652892562, 0.8754427390791027, 0.8926800472255018, 0.9036599763872492, 0.9179456906729634, 0.9314049586776859, 0.9400236127508855, 0.9390791027154664, 0.9546635182998819, 0.9602125147579693, 0.9593860684769776, 0.9711924439197166, 0.9674144037780401, 0.9723730814639906, 0.9727272727272728, 0.9700118063754427, 0.9775678866587958, 0.9861865407319953, 0.9756788665879575, 0.9807556080283353, 0.9880755608028335, 0.9848878394332939, 0.9729634002361275, 0.9800472255017709, 0.9868949232585597, 0.9902007083825266, 0.9866587957497048, 0.990909090909091, 0.9975206611570248, 0.9985832349468713, 0.9997638724911452, 1.0, 1.0, 1.0, 1.0, 1.0, 1.0, 1.0, 1.0, 1.0, 1.0, 1.0, 1.0, 1.0, 1.0, 1.0, 1.0, 1.0, 0.9617473435655254, 0.8985832349468713, 0.9495867768595041, 0.9706021251475797, 0.978866587957497, 0.9871310507674144, 0.9936245572609209, 0.9935064935064936, 0.9952774498229043, 0.9968122786304604, 0.9953955135773318, 0.9858323494687131, 0.996694214876033, 0.9997638724911452, 1.0, 1.0, 1.0, 1.0, 1.0, 0.9926800472255017, 0.9765053128689493, 0.9891381345926801, 0.9985832349468713, 1.0, 1.0, 1.0, 1.0, 1.0, 1.0, 1.0, 1.0, 1.0, 1.0, 1.0, 0.9891381345926801, 0.9932703659976387, 0.9990554899645808, 0.9998819362455726, 1.0, 1.0, 1.0, 1.0, 1.0, 1.0, 1.0, 1.0, 1.0, 1.0, 1.0, 1.0, 0.9998819362455726, 0.9910271546635183, 0.9987012987012988, 0.9997638724911452, 1.0, 1.0, 1.0, 1.0, 1.0, 1.0, 1.0, 1.0, 1.0, 1.0, 1.0, 0.9990554899645808, 1.0, 1.0, 1.0, 1.0, 1.0, 1.0, 1.0, 1.0, 0.9998819362455726, 1.0, 1.0, 1.0, 1.0, 1.0, 1.0, 1.0, 1.0, 1.0, 1.0, 1.0, 1.0, 1.0, 1.0, 1.0, 1.0, 1.0, 1.0, 1.0, 1.0, 1.0, 1.0, 1.0, 1.0, 1.0, 1.0, 1.0], "loss": [1.2390434793902165, 0.5442343371158297, 0.44032072682272305, 0.3833606541156769, 0.3210013716509848, 0.27144792066379025, 0.23272108391040203, 0.23179670990529386, 0.17165474027790356, 0.15719216791771803, 0.16420505545807607, 0.11761308862178614, 0.12397069846646804, 0.10243400244155165, 0.10211071003030872, 0.13339649950803228, 0.08656431443876389, 0.05155189880734366, 0.09138056934126794, 0.07414551003779651, 0.05191696841432007, 0.057736781094166814, 0.11343903628629491, 0.07963275010556434, 0.05089388336725251, 0.043263320744947785, 0.04938437638515042, 0.03513163017200758, 0.011943860451345134, 0.00510098435078169, 0.002121316027169638, 0.000563195253837903, 0.00046163519466586655, 0.0003034690137913761, 0.00016821974496093444, 8.601759294847535e-05, 7.287313633930876e-05, 7.55207788780822e-05, 4.75893951977813e-05, 5.446706238086391e-05, 3.644471203584186e-05, 2.595745544478191e-05, 3.372830569374359e-05, 2.530512341880956e-05, 1.9167336374135687e-05, 2.395631235623858e-05, 2.388717681331841e-05, 1.5768359350149144e-05, 0.20767201130962834, 0.4413100420638467, 0.20586972154507582, 0.10709678112162334, 0.08121743593647172, 0.051713988694686894, 0.02529007306491787, 0.026054084158121524, 0.019793351229357842, 0.01324358916793823, 0.02136213361606651, 0.05546196774847693, 0.014057366605177804, 0.0023329966040336963, 0.0012226212319629585, 0.000760522979252335, 0.0002914737058221583, 0.00019808420907021642, 0.0004107190738426597, 0.034115857697350184, 0.08850278447480929, 0.046604327017011005, 0.007960422829703682, 0.0014556560023872105, 0.0005613922083450069, 0.0004479441924393706, 0.0003438804244179857, 0.00032950522544331653, 0.00015850187408735414, 0.00018555406202060774, 0.00011922139057329525, 8.910521711413821e-05, 9.14087962207828e-05, 8.007362052956412e-05, 0.05047148961080845, 0.0358481079703338, 0.005659877267272818, 0.0016990721602324452, 0.0006171643337548824, 0.000353883478248573, 0.0003902771041711358, 0.00025814616260228803, 0.00016144553763186912, 0.00012216863746923053, 0.00010331558417653991, 8.87159473684347e-05, 0.0001238487827604882, 7.026221864882906e-05, 0.00010308009768777993, 5.690290523682162e-05, 0.0010022534514238293, 0.03926929999584266, 0.009390592989141376, 0.0018393108868181255, 0.000718820233955877, 0.0006813007175603134, 0.00048531096060535424, 0.00037268981736126466, 0.0002450919986944372, 0.00023080931061320536, 0.0002511400661701786, 0.0002085178008531908, 0.0001628634921954389, 0.0001132327059401701, 0.0003740227837859107, 0.004652259351518516, 0.0007306459696833786, 0.00032844647461333255, 0.0002744348729114184, 0.00019732334823691582, 0.0001661066286501547, 0.00014241682848395695, 0.00010311623800313983, 0.0003606449842429742, 0.00023606413308450348, 0.00011026540865562613, 0.00015485213404272972, 7.760526562544163e-05, 9.012376709148212e-05, 8.221609463513839e-05, 8.707364073264519e-05, 7.374536261467614e-05, 5.1597491437171286e-05, 5.807316695912353e-05, 6.21002119849188e-05, 4.799767460057906e-05, 4.4391251811138126e-05, 7.135964010833986e-05, 5.6251268901949956e-05, 4.791465232756309e-05, 3.9252626730889126e-05, 3.861823159061742e-05, 4.0091333756443035e-05, 4.096353239212862e-05, 4.024046429687146e-05, 3.594044899342187e-05, 4.8445979367463885e-05, 4.395022099770634e-05, 5.988611015730137e-05, 3.759994276227493e-05, 7.40604537950827e-05, 4.275571187277323e-05]},