{"precision": 0.7791888929777232, "recall": 0.7658047984094976, "f1-score": 0.7687411261484438, "auc": 0.20911342456552767}