{"precision": 0.7785797908168087, "recall": 0.7933326672331042, "f1-score": 0.780239476886211, "auc": 0.19355007975820668}