{"precision": 0.754510722188523, "recall": 0.6841653526322715, "f1-score": 0.706433958495963, "auc": 0.1822938614974013}