{"precision": 0.7330365212289276, "recall": 0.6903061571581541, "f1-score": 0.7054958391034332, "auc": 0.176160041204289}