{"precision": 0.7305973626368076, "recall": 0.6910279719064517, "f1-score": 0.7043456145250906, "auc": 0.21024722573395138}