{"precision": 0.4968436640178898, "recall": 0.4069425325446612, "f1-score": 0.4256454474794991, "auc": 0.175353989910571}