{"precision": 0.3617350729976143, "recall": 0.21146049522979504, "f1-score": 0.23833803139873033, "auc": 0.32162870164117013}