{"precision": 0.5414848683035189, "recall": 0.5291667524462929, "f1-score": 0.5289184697022294, "auc": 0.3214730245933302}