{"precision": 0.7334388788422915, "recall": 0.7319829993331782, "f1-score": 0.7268739478675382, "auc": 0.18795580979339901}