{"precision": 0.7618814207571142, "recall": 0.7425943281830667, "f1-score": 0.7468923869750149, "auc": 0.21688984971874736}