{"precision": 0.63069880898242, "recall": 0.5919699269521267, "f1-score": 0.6024899376663696, "auc": 0.19804498047126487}