{"precision": 0.6296369342210075, "recall": 0.5924429355742615, "f1-score": 0.6049649189668698, "auc": 0.1700287565989957}