{"precision": 0.6842557621960716, "recall": 0.6179786232325577, "f1-score": 0.6384190185786935, "auc": 0.23350787587450106}