{"precision": 0.6475144120611772, "recall": 0.6068981139897554, "f1-score": 0.6189043376979885, "auc": 0.2149233872698399}