{"precision": 0.6360891484909128, "recall": 0.6039203049925046, "f1-score": 0.6138757371813416, "auc": 0.20859264346109274}