{"precision": 0.6345177830306581, "recall": 0.5769406025777895, "f1-score": 0.5897418813163847, "auc": 0.2221554573157646}