{"precision": 0.7561077715497566, "recall": 0.6992551513185532, "f1-score": 0.7159167801393549, "auc": 0.18687497317481438}