{"precision": 0.6055159938010771, "recall": 0.5529078583793224, "f1-score": 0.5683474157403662, "auc": 0.2555474483883428}