{"precision": 0.7255118360607901, "recall": 0.6076243451576914, "f1-score": 0.6335463832064103, "auc": 0.20892527576290826}