{"precision": 0.6625674037683578, "recall": 0.6115748779838213, "f1-score": 0.6296836687201379, "auc": 0.1879050603030173}