{"precision": 0.7182590785962846, "recall": 0.6765652718615165, "f1-score": 0.6852354979230567, "auc": 0.16899611368637918}