{"precision": 0.6902314328994962, "recall": 0.656682755587251, "f1-score": 0.6625322658343474, "auc": 0.16940581542351452}