{"train": {"acc": [0.4173828125, 0.4962890625, 0.525, 0.5552734375, 0.5720703125, 0.5810546875, 0.5927734375, 0.6044921875, 0.6078125, 0.6171875, 0.6279296875, 0.630078125, 0.633203125, 0.63984375, 0.645703125, 0.6466796875, 0.6572265625, 0.6548828125, 0.6568359375, 0.6685546875, 0.6638671875, 0.671484375, 0.671484375, 0.6751953125, 0.67890625, 0.687890625, 0.6875, 0.6845703125, 0.6876953125, 0.69765625, 0.69921875, 0.6990234375, 0.6974609375, 0.705078125, 0.70078125, 0.7025390625, 0.7115234375, 0.7146484375, 0.7083984375, 0.71328125, 0.7205078125, 0.7234375, 0.71953125, 0.715234375, 0.7201171875, 0.7287109375, 0.72578125, 0.726953125, 0.725, 0.7306640625, 0.734375, 0.7359375, 0.7392578125, 0.735546875, 0.7328125, 0.744921875, 0.742578125, 0.7484375, 0.74921875, 0.7474609375, 0.7466796875, 0.75390625, 0.7490234375, 0.7580078125, 0.75, 0.766015625, 0.75234375, 0.7625, 0.7634765625, 0.7609375, 0.773046875, 0.7560546875, 0.76171875, 0.7720703125, 0.7716796875, 0.7671875, 0.7681640625, 0.7708984375, 0.7677734375, 0.766796875, 0.7748046875, 0.7732421875, 0.785546875, 0.7798828125, 0.780078125, 0.7826171875, 0.78671875, 0.7888671875, 0.7892578125, 0.7953125, 0.794140625, 0.7916015625, 0.7986328125, 0.79609375, 0.79609375, 0.7955078125, 0.797265625, 0.7943359375, 0.8005859375, 0.801953125, 0.8072265625, 0.798046875, 0.8078125, 0.803515625, 0.79375, 0.8126953125, 0.8111328125, 0.8072265625, 0.81640625, 0.8060546875, 0.8166015625, 0.815625, 0.81640625, 0.8076171875, 0.8146484375, 0.821484375, 0.82109375, 0.8232421875, 0.8353515625, 0.8244140625, 0.8244140625, 0.8240234375, 0.8255859375, 0.8330078125, 0.82265625, 0.825390625, 0.833203125, 0.843359375, 0.8337890625, 0.8376953125, 0.8439453125, 0.842578125, 0.828125, 0.834375, 0.83515625, 0.845703125, 0.83984375, 0.842578125, 0.8375, 0.84921875, 0.84609375, 0.8453125, 0.8509765625, 0.8560546875, 0.849609375, 0.8548828125, 0.8537109375, 0.8609375, 0.8583984375, 0.853125], "loss": [1.965213941622384, 1.5844814686835567, 1.4830126370055765, 1.4130340195909332, 1.3668494496164443, 1.3243251450454132, 1.2939250046693827, 1.2671900353854215, 1.2482930240751822, 1.2244864619230922, 1.1986079057560692, 1.1860476603990868, 1.1707754059682918, 1.1510095460505425, 1.1401205591008634, 1.1256804164451888, 1.111836296848104, 1.1074299352078498, 1.0891979140571402, 1.07391504547264, 1.0695566255835038, 1.061499332325368, 1.0453226068351842, 1.049443638022942, 1.0353932290137569, 1.0060319130933737, 1.0040297689317148, 1.000587419618534, 0.9939064873924738, 0.9690290274499338, 0.9737065675892408, 0.9707174784020532, 0.9655071172533156, 0.9576324254651613, 0.9515079720110833, 0.943832918812957, 0.9218913965587374, 0.9226370023775704, 0.9402691540838797, 0.9248610191707369, 0.9132062536251696, 0.906842702551733, 0.8984530228602735, 0.9077766688564156, 0.8908842666239678, 0.8780515193939209, 0.8702188337905498, 0.8630189231679409, 0.8786811964421333, 0.8782846075070055, 0.8563865672183942, 0.8474709021894238, 0.8377901602394974, 0.8445968348768693, 0.8417436721958692, 0.8266264441647108, 0.8344293153738673, 0.8106761137141457, 0.8158058991915063, 0.8061326459238801, 0.8049422261081164, 0.8014715834508969, 0.8000186930728864, 0.7892078410221052, 0.8000763036027739, 0.7718246284919449, 0.7955370817003371, 0.7671670087530643, 0.7701900601387024, 0.7521602428412135, 0.7465385364580758, 0.7775475062146971, 0.7621836896184124, 0.7400368595425086, 0.7423387524447863, 0.7444429488121709, 0.737825024354307, 0.737936864170847, 0.7500249471845506, 0.7314911575257024, 0.7226516774183587, 0.7255130048039593, 0.6936417772800108, 0.7048054099837436, 0.7036880247200592, 0.677079746240302, 0.6839189080497886, 0.6765188555928725, 0.6821462436567379, 0.6711015516444098, 0.6701223374922064, 0.663884820062903, 0.6682005452958844, 0.6508993347988853, 0.6605544675000107, 0.6582398727724824, 0.6518500583081306, 0.6470079795469211, 0.6325208031678502, 0.640069535261468, 0.6354450960702533, 0.63726883862592, 0.622637916592103, 0.621624041207229, 0.6475300837921191, 0.6130882818487626, 0.6114104880562311, 0.6174718333950525, 0.5941738524014437, 0.6119246724285657, 0.5947651832918578, 0.5873397566095183, 0.5903501084333733, 0.6326749641684037, 0.6031177749362173, 0.5853299664545663, 0.5810649010199535, 0.5698856937734387, 0.561668910180466, 0.5659763786611678, 0.5725064345552952, 0.5712646668470358, 0.5666765936567814, 0.5503135598913024, 0.5594718875009802, 0.5550122042245502, 0.5287501687490488, 0.5263419909567773, 0.5311562422710129, 0.5338465462002573, 0.5180651243728928, 0.5081492952908142, 0.531798405360572, 0.5374254259882094, 0.5281262642975095, 0.5138859916714174, 0.5246020193341412, 0.5224000836097742, 0.517765152680723, 0.496856460088416, 0.49949742721605905, 0.5008986335766467, 0.4933416930180562, 0.47290932339958, 0.4882846001205565, 0.4873082351080979, 0.4780348561987092, 0.46254046695141854, 0.48737752324418177, 0.4901704284586484]}, "valid": {"acc": [0.4359375, 0.4921875, 0.5078125, 0.49375, 0.5421875, 0.540625, 0.5484375, 0.525, 0.5484375, 0.5421875, 0.5828125, 0.590625, 0.58125, 0.5734375, 0.571875, 0.5859375, 0.625, 0.5921875, 0.603125, 0.5890625, 0.625, 0.6265625, 0.6125, 0.6171875, 0.596875, 0.63125, 0.65, 0.6453125, 0.63125, 0.5953125, 0.6140625, 0.6328125, 0.6015625, 0.6359375, 0.6671875, 0.603125, 0.6484375, 0.60625, 0.65, 0.6578125, 0.621875, 0.6703125, 0.6578125, 0.6171875, 0.6578125, 0.675, 0.6, 0.6640625, 0.646875, 0.65, 0.64375, 0.66875, 0.6703125, 0.68125, 0.6765625, 0.671875, 0.6796875, 0.640625, 0.6734375, 0.659375, 0.6671875, 0.6734375, 0.6625, 0.6859375, 0.68125, 0.659375, 0.6921875, 0.6828125, 0.659375, 0.6578125, 0.6640625, 0.653125, 0.6546875, 0.6796875, 0.6578125, 0.665625, 0.6828125, 0.684375, 0.66875, 0.675, 0.66875, 0.6859375, 0.6625, 0.653125, 0.6671875, 0.6734375, 0.696875, 0.6859375, 0.6640625, 0.6734375, 0.6734375, 0.6828125, 0.6734375, 0.6796875, 0.6609375, 0.684375, 0.6515625, 0.7, 0.6703125, 0.7, 0.68125, 0.6734375, 0.646875, 0.6734375, 0.684375, 0.6484375, 0.6921875, 0.6765625, 0.6734375, 0.6671875, 0.678125, 0.6703125, 0.66875, 0.6578125, 0.6625, 0.66875, 0.6796875, 0.6609375, 0.65, 0.6671875, 0.665625, 0.6328125, 0.6546875, 0.6953125, 0.6828125, 0.6875, 0.6796875, 0.6921875, 0.671875, 0.6515625, 0.7, 0.678125, 0.6734375, 0.6765625, 0.6546875, 0.675, 0.6625, 0.6703125, 0.6765625, 0.6375, 0.6671875, 0.6546875, 0.696875, 0.6890625, 0.678125, 0.675, 0.675, 0.6703125, 0.66875, 0.64375],