{"train": {"acc": [0.7993493546017421, 0.8773218595865253, 0.8989400776576766, 0.9058663028649386, 0.917305068737538, 0.9204533529226572, 0.9314723475705741, 0.9397628292580543, 0.9342008605310106, 0.9498373386504355, 0.9543498793157729, 0.9530905656417252, 0.9599118480428167, 0.9653688739636898, 0.970511071466051, 0.9700913002413685, 0.9703011858537097, 0.9710357854969042, 0.972819813201805, 0.977752125091825, 0.9828943225941862, 0.9779620107041662, 0.9801658096337496, 0.9845734074929163, 0.9850981215237695, 0.9870920348410116, 0.9832091510126981, 0.9894007765767656, 0.9871969776471823, 0.9831042082065274, 0.9937034316297618, 0.979746038409067, 0.9937034316297618, 0.9947528596914682, 0.9878266344842062, 0.9871969776471823, 0.9850981215237695, 0.9918144611186903, 0.9910798614754959, 0.9955924021408332, 0.9920243467310316, 0.9894007765767656, 0.9907650330569839, 0.9882464057088887, 0.9939133172421031, 0.9945429740791268, 0.9958022877531745, 0.9990555147444643, 0.9994752859691468, 1.0, 1.0, 1.0, 1.0, 1.0, 1.0, 1.0, 1.0, 1.0, 1.0, 1.0, 1.0, 1.0, 1.0, 1.0, 1.0, 1.0, 1.0, 1.0, 1.0, 1.0, 0.9997901143876587, 0.9547696505404555, 0.9931787175989086, 0.9963270017840277, 0.9949627453038095, 0.9977962010704167, 0.9947528596914682, 0.9977962010704167, 0.9989505719382936, 0.998845629132123, 0.9989505719382936, 0.9995802287753175, 0.9997901143876587, 0.9996851715814881, 0.9998950571938293, 0.9996851715814881, 0.9993703431629761, 0.9940182600482736, 0.9968517158148809, 0.9995802287753175, 1.0, 1.0, 1.0, 1.0, 1.0, 1.0, 1.0, 1.0, 1.0, 1.0, 1.0, 1.0, 1.0, 1.0, 1.0, 1.0, 1.0, 1.0, 1.0, 1.0, 1.0, 1.0, 1.0, 1.0, 1.0, 1.0, 1.0, 1.0, 0.9997901143876587, 1.0, 1.0, 1.0, 0.9997901143876587, 0.9998950571938293, 1.0, 1.0, 1.0, 1.0, 1.0, 1.0, 1.0, 1.0, 1.0, 1.0, 1.0, 1.0, 1.0, 1.0, 1.0, 1.0, 1.0, 1.0, 1.0, 1.0, 1.0, 1.0, 1.0, 1.0, 1.0, 1.0], "loss": [0.8831344275055705, 0.44437200223674644, 0.35781448666711113, 0.3247389560313644, 0.2829183527343982, 0.26733501154828715, 0.24131786652110718, 0.19640011393238563, 0.21498748700360995, 0.17064574255129775, 0.15044915288485386, 0.14956560109213396, 0.1312446842674871, 0.11325971991125797, 0.09715449142999746, 0.09749150498946374, 0.10077300510130117, 0.09736583498935844, 0.08372638067482291, 0.07636636879760772, 0.05830085155321285, 0.06895934350354396, 0.06240655401268521, 0.05002484343571563, 0.04467518655016918, 0.04412841337663751, 0.05777215465393572, 0.03307645195997572, 0.04235043337669324, 0.05646102349871669, 0.021472901697396428, 0.07035706859126033, 0.02213338633599641, 0.015760174140883168, 0.03945625711364571, 0.04294083781486906, 0.04853272308812577, 0.02725569367396167, 0.02857589881908073, 0.014817208910441165, 0.02524272776350404, 0.03683464388155404, 0.030295816851886793, 0.03865150822251028, 0.020579223397952453, 0.018849116492453282, 0.013740096085097615, 0.0044347951081019, 0.0021871715745284156, 0.000628152507475976, 0.00030181452487684855, 0.00019306790090922732, 9.824766369866986e-05, 0.00015469681879089016, 0.00014455305414365875, 5.761039290217849e-05, 4.596286156338219e-05, 7.483798201427497e-05, 4.617986374685987e-05, 4.031701523349757e-05, 7.91385832491648e-05, 5.773634598048793e-05, 3.0271816264168e-05, 3.2858476913588675e-05, 2.348692291320731e-05, 1.7000905216946194e-05, 1.4072142992109252e-05, 3.740636616523286e-05, 1.2478405227742204e-05, 1.5300746825361687e-05, 0.0010371000713172713, 0.16856526125007879, 0.02003486771246645, 0.014686588809520283, 0.01742701574275506, 0.009820668311648833, 0.0163395724532067, 0.007851187118413273, 0.002799417180687817, 0.004087947790754402, 0.0036702813556592053, 0.0010636825000875506, 0.001095339954325617, 0.0010801858158285195, 0.0008604156313582722, 0.0012538683938969738, 0.001844474425119237, 0.022449132403110254, 0.011303674132385503, 0.002192552574944932, 0.00040706568910462847, 0.00024143626090311022, 0.0002755137303530638, 0.0001773920332929314, 8.87953565878077e-05, 0.00011337066823179575, 6.295668598844763e-05, 0.00014660530890474497, 7.287281102060513e-05, 8.376100099728835e-05, 0.00010779477532816993, 6.0702627757330665e-05, 4.4609389393630214e-05, 3.3645506732682406e-05, 8.082220627735246e-05, 3.797180998135077e-05, 2.595830745665783e-05, 2.0404595060936855e-05, 2.7072625815324846e-05, 4.628226029786994e-05, 2.6361269217769968e-05, 2.107701692159173e-05, 2.05595989032989e-05, 1.5445420813562492e-05, 3.026777922228403e-05, 1.952490650849639e-05, 2.9426852921534265e-05, 4.7405519385438925e-05, 0.0007121857934472197, 0.0001307274521201868, 4.87258951032935e-05, 3.457059099864145e-05, 0.0003094230135892807, 0.000460569032502524, 3.9599505746429495e-05, 2.9550874743535673e-05, 5.752299477663698e-05, 2.073080404681445e-05, 2.6638528445622847e-05, 2.102568258790696e-05, 2.055190673625143e-05, 3.0297684612160207e-05, 2.138510514636148e-05, 1.6462273917047572e-05, 9.548141911473928e-06, 1.3508181435735719e-05, 3.151773589983399e-05, 1.2833276061913952e-05, 1.4687493503700082e-05, 1.761111035290395e-05, 1.3544912265716891e-05, 2.998039573331401e-05, 1.8522934189567842e-05, 1.3025649535797362e-05, 1.1373348530158895e-05, 8.47519551312699e-06, 1.2084986627462206e-05, 1.6595508084049937e-05, 1.709203453336349e-05, 1.7784003573893102e-05]},