{"precision": 0.742710292617343, "recall": 0.7373059587871624, "f1-score": 0.7371854243695662, "auc": 0.25643312904038285}