{"train": {"acc": [0.54140625, 0.6791015625, 0.7271484375, 0.741015625, 0.7634765625, 0.7728515625, 0.7796875, 0.794921875, 0.803515625, 0.816015625, 0.8146484375, 0.83125, 0.83984375, 0.84765625, 0.8482421875, 0.853515625, 0.8568359375, 0.866796875, 0.87421875, 0.877734375, 0.8814453125, 0.8837890625, 0.888671875, 0.89609375, 0.894140625, 0.8986328125, 0.9001953125, 0.907421875, 0.9078125, 0.9138671875, 0.9111328125, 0.91328125, 0.9134765625, 0.9177734375, 0.9126953125, 0.915234375, 0.9240234375, 0.9234375, 0.9314453125, 0.929296875, 0.930859375, 0.930859375, 0.9298828125, 0.9259765625, 0.9380859375, 0.93515625, 0.9380859375, 0.9396484375, 0.939453125, 0.9455078125, 0.9423828125, 0.9421875, 0.9431640625, 0.9466796875, 0.949609375, 0.9509765625, 0.9521484375, 0.9529296875, 0.94921875, 0.9513671875, 0.9498046875, 0.9525390625, 0.9517578125, 0.9564453125, 0.9572265625, 0.948828125, 0.95234375, 0.9578125, 0.9560546875, 0.9599609375, 0.9556640625, 0.959375, 0.9591796875, 0.9591796875, 0.9599609375, 0.9607421875, 0.9607421875, 0.9609375, 0.96171875, 0.9611328125, 0.963671875, 0.962890625, 0.9619140625, 0.9634765625, 0.9638671875, 0.9650390625, 0.9626953125, 0.9640625, 0.9640625, 0.964453125, 0.9634765625, 0.9642578125, 0.9669921875, 0.9666015625, 0.9662109375, 0.967578125, 0.9673828125, 0.9677734375, 0.968359375, 0.9677734375, 0.9685546875, 0.967578125, 0.9677734375, 0.9681640625, 0.9673828125, 0.9681640625, 0.9677734375, 0.969140625, 0.9685546875, 0.9685546875, 0.969140625, 0.969140625, 0.96953125, 0.9685546875, 0.9689453125, 0.9693359375, 0.9689453125, 0.96953125, 0.969140625, 0.9693359375, 0.969140625, 0.9693359375, 0.9697265625, 0.9689453125, 0.96953125, 0.969921875, 0.9697265625, 0.96875, 0.9693359375, 0.9693359375, 0.969921875, 0.9701171875, 0.96953125, 0.9697265625, 0.9701171875, 0.9701171875, 0.9701171875, 0.9701171875, 0.9697265625, 0.9703125, 0.96953125, 0.9701171875, 0.9703125, 0.9703125, 0.9697265625, 0.96953125, 0.96953125, 0.9701171875, 0.9703125, 0.9705078125], "loss": [4.966656039032755, 4.328854766073106, 4.1451814597166035, 4.08353433729727, 3.9857200429409363, 3.9529883891721314, 3.9209496401533297, 3.864147364338742, 3.834063427357734, 3.7810670997523053, 3.780803279031681, 3.7149255728419823, 3.6889021396636963, 3.650812930698636, 3.6429065088682537, 3.6226067361952383, 3.6097469601450087, 3.5622079855279076, 3.541815618925457, 3.5254647822319707, 3.513063530378704, 3.500766301456886, 3.484945813311806, 3.4505632466907743, 3.4578997334347497, 3.4402477077290983, 3.4321937379957754, 3.4062467738042903, 3.4038967271394367, 3.3775814152971098, 3.389107535157023, 3.3799485134173044, 3.3826401626007465, 3.365689066391957, 3.384045911740653, 3.3736133183105084, 3.337154485002349, 3.335363551031185, 3.308816043636467, 3.3175558591190772, 3.3050549935690965, 3.3111819526817223, 3.313764068144786, 3.3257229660130756, 3.281061075910737, 3.290748538850229, 3.2789368780353403, 3.270656090748461, 3.270697032349019, 3.250287665596491, 3.2619555358645282, 3.2642048340809495, 3.260119085070453, 3.239638419090947, 3.232163266290592, 3.2251291848436185, 3.2208971403822115, 3.21769475635094, 3.233460160750377, 3.2228425394130658, 3.229683954504472, 3.220710537101649, 3.223185312898853, 3.2070718988587585, 3.2002961182896095, 3.2322413106507892, 3.2172218727160105, 3.2000835424737084, 3.2056468710114685, 3.1899001688896855, 3.2059133083005493, 3.1907628035243554, 3.191605404962467, 3.1927302939982356, 3.1863001419019095, 3.1846157599099074, 3.184992729863034, 3.1840863378742075, 3.1848365626757658, 3.182783374303504, 3.1738916499705256, 3.1758559051948256, 3.178662644156927, 3.1751115231574336, 3.1726444914371155, 3.1673576439483258, 3.175614088396483, 3.1736442378804655, 3.170644817473013, 3.1694781900961186, 3.171242988562282, 3.168489278117313, 3.160485068454018, 3.1634037283402456, 3.16180026078526, 3.157347624814963, 3.158663903610616, 3.1566654277753226, 3.1541027539893043, 3.1557968115504784, 3.1537184232397926, 3.156655737116367, 3.156103179424624, 3.1537394765057143, 3.157059482381314, 3.1543084066125413, 3.15645171117179, 3.151496678968019, 3.1527366155310523, 3.1526316902305505, 3.149709529514554, 3.1501787674577932, 3.1494317386723774, 3.1522637560397766, 3.1523604543903208, 3.149538698075693, 3.151932004131848, 3.1488261403916757, 3.1509472116639343, 3.1495102719415593, 3.1495812874806077, 3.1493751368945158, 3.1483218669891357, 3.1504278333881235, 3.1494610279421265, 3.147195797932299, 3.1480886332596403, 3.1501578409460524, 3.1486112437670744, 3.149274792852281, 3.146792445001723, 3.1463097439536565, 3.1475180070611497, 3.147946777223032, 3.1471916814393635, 3.1466611035262484, 3.14574932146676, 3.1453223892405062, 3.146139546285702, 3.1451572677757165, 3.148240638684623, 3.145526019832756, 3.145609493497052, 3.1460626638388334, 3.146273054654085, 3.1484621054009545, 3.147477795806112, 3.1458725838721553, 3.144935852364649, 3.1444962054868286]}, "valid": {"acc": [0.578125, 0.6515625, 0.73125, 0.5375, 0.7265625, 0.7265625, 0.7546875, 0.7515625, 0.7375, 0.7140625, 0.75625, 0.7625, 0.7875, 0.74375, 0.78125, 0.765625, 0.790625, 0.790625, 0.7859375, 0.784375, 0.7796875, 0.7859375, 0.7828125, 0.7671875, 0.765625, 0.7828125, 0.790625, 0.76875, 0.784375, 0.7859375, 0.790625, 0.7875, 0.7921875, 0.75, 0.7703125, 0.765625, 0.78125, 0.771875, 0.7828125, 0.7734375, 0.79375, 0.778125, 0.7828125, 0.7703125, 0.76875, 0.78125, 0.7734375, 0.76875, 0.8, 0.7953125, 0.771875, 0.7890625, 0.7796875, 0.7921875, 0.8078125, 0.778125, 0.7859375, 0.8, 0.7953125, 0.7796875, 0.7859375, 0.7875, 0.8, 0.7921875, 0.784375, 0.7828125, 0.784375, 0.796875, 0.771875, 0.784375, 0.7828125, 0.7828125, 0.7890625, 0.790625, 0.790625, 0.7984375, 0.80625, 0.7921875, 0.7984375, 0.784375, 0.79375, 0.7953125, 0.80625, 0.790625, 0.7921875, 0.8, 0.7875, 0.79375, 0.7953125, 0.8109375, 0.803125, 0.8015625, 0.80625, 0.809375, 0.809375, 0.80625, 0.7984375, 0.796875, 0.7953125, 0.7953125, 0.8046875, 0.790625, 0.7953125, 0.8078125, 0.803125, 0.809375, 0.8078125, 0.8015625, 0.8015625, 0.815625, 0.81875, 0.8125, 0.815625, 0.809375, 0.8078125, 0.803125, 0.80625, 0.815625, 0.8140625, 0.8078125, 0.8078125, 0.8078125, 0.8078125, 0.8046875, 0.8140625, 0.8125, 0.8109375, 0.8140625, 0.809375, 0.8140625, 0.8109375, 0.8125, 0.8078125, 0.8125, 0.8078125, 0.8125, 0.8140625, 0.8109375, 0.8109375, 0.8109375, 0.81875, 0.8171875, 0.80625, 0.8171875, 0.8078125, 0.809375, 0.8140625, 0.8171875, 0.8109375, 0.8078125],