{"train": {"acc": [0.5345703125, 0.68125, 0.7212890625, 0.751171875, 0.7697265625, 0.7845703125, 0.7939453125, 0.8001953125, 0.8046875, 0.8130859375, 0.815625, 0.837890625, 0.8330078125, 0.845703125, 0.85234375, 0.8560546875, 0.864453125, 0.8666015625, 0.8732421875, 0.8765625, 0.8732421875, 0.8783203125, 0.88359375, 0.8916015625, 0.8943359375, 0.8880859375, 0.8927734375, 0.8927734375, 0.902734375, 0.898046875, 0.9041015625, 0.9138671875, 0.905859375, 0.9154296875, 0.9171875, 0.9189453125, 0.9234375, 0.925, 0.925, 0.9294921875, 0.9263671875, 0.9275390625, 0.9333984375, 0.931640625, 0.930078125, 0.9353515625, 0.93828125, 0.9390625, 0.935546875, 0.9427734375, 0.946875, 0.9412109375, 0.94609375, 0.943359375, 0.944921875, 0.9421875, 0.946875, 0.951171875, 0.9494140625, 0.9482421875, 0.9494140625, 0.9544921875, 0.95390625, 0.9529296875, 0.9552734375, 0.9515625, 0.953125, 0.9560546875, 0.956640625, 0.95625, 0.9572265625, 0.958984375, 0.958984375, 0.9595703125, 0.9576171875, 0.9591796875, 0.9609375, 0.9625, 0.96328125, 0.96328125, 0.9640625, 0.9634765625, 0.9642578125, 0.9650390625, 0.96328125, 0.9650390625, 0.9640625, 0.9662109375, 0.96484375, 0.964453125, 0.966015625, 0.9662109375, 0.9666015625, 0.9669921875, 0.9666015625, 0.968359375, 0.9677734375, 0.967578125, 0.9693359375, 0.9685546875, 0.9681640625, 0.9697265625, 0.9673828125, 0.9685546875, 0.969921875, 0.96953125, 0.9693359375, 0.968359375, 0.969921875, 0.9703125, 0.969921875, 0.9697265625, 0.9708984375, 0.971484375, 0.97109375, 0.97109375, 0.971875, 0.9720703125, 0.9712890625, 0.97265625, 0.971875, 0.972265625, 0.9724609375, 0.9724609375, 0.9728515625, 0.972265625, 0.973046875, 0.973046875, 0.973046875, 0.971484375, 0.9732421875, 0.973046875, 0.9734375, 0.973828125, 0.9728515625, 0.9736328125, 0.9736328125, 0.973046875, 0.9732421875, 0.973828125, 0.973828125, 0.97421875, 0.9736328125, 0.9736328125, 0.9728515625, 0.9734375, 0.973828125, 0.9740234375, 0.9736328125, 0.9734375], "loss": [4.986428725568554, 4.319615913342826, 4.166848686676991, 4.040163821811918, 3.974485527111005, 3.9131439215020287, 3.866390324846099, 3.844018610217903, 3.817972986004021, 3.787938606889942, 3.780257155623617, 3.688352777988096, 3.7059706102443646, 3.6538401132897484, 3.629346705690215, 3.6158997439130953, 3.583173051665101, 3.570234537124634, 3.5434027532987957, 3.528436564191987, 3.541853388653526, 3.52689401409294, 3.502930499330352, 3.4724580336220656, 3.459737756584264, 3.480728825436363, 3.463842542865608, 3.465107293068608, 3.4264265223394466, 3.440908920915821, 3.4183904038199895, 3.3775874119770677, 3.4091706064682974, 3.3707024809680406, 3.3633391464812847, 3.362801259077048, 3.341114246392552, 3.333424583266053, 3.3331295779988737, 3.3167083504833754, 3.326780850374246, 3.323212617560278, 3.3003125975403607, 3.3034298208695425, 3.310954631129398, 3.2913327669795556, 3.2767624704143667, 3.2749942284596116, 3.291078160080729, 3.2613576062117953, 3.2451047927518433, 3.267058037504365, 3.2477281787727454, 3.2594134656688833, 3.2506403983393803, 3.260743811160703, 3.2420799822746953, 3.2282286022282856, 3.2328146499923514, 3.2374086078209214, 3.2306551691852037, 3.2149287205708177, 3.2132520434222642, 3.2172232790838313, 3.207995441895497, 3.2211298670949815, 3.2145523481731173, 3.2064002495777757, 3.2045570566684387, 3.2056668046154555, 3.1984531939784184, 3.1941618557217755, 3.1937723401226576, 3.1919600178923786, 3.198951841909674, 3.1917457308950303, 3.184763663931738, 3.1780678592150724, 3.1766708138622817, 3.1738470294807533, 3.1720887377292297, 3.1742266854153405, 3.1716757665706585, 3.168281177931194, 3.1764459579805786, 3.169257001031803, 3.170845710778538, 3.1650294895413555, 3.1678147889390775, 3.1694129388543626, 3.1634102561805824, 3.1631319643575933, 3.161358486247968, 3.158536621286899, 3.1602815284004695, 3.1562000709243967, 3.1556565127795255, 3.156814819649805, 3.1499906883964055, 3.151935507979574, 3.1540702566315857, 3.1473616799221764, 3.1563319888296006, 3.1523667347582083, 3.147741151761405, 3.1495678515373906, 3.1490948743458036, 3.1535595187657997, 3.146518164043185, 3.1447811730300326, 3.1467649333084684, 3.1470044956931584, 3.143288935287089, 3.1410281145119967, 3.141998001291782, 3.142669261256351, 3.13940431498274, 3.138162124006054, 3.1410432797444017, 3.1360826522489136, 3.138760207574579, 3.1372734594948684, 3.1368853110301345, 3.13731737680073, 3.135405866405632, 3.136213070229639, 3.1334648947172528, 3.1336267839504193, 3.13381813145891, 3.1405624950988384, 3.132544764989539, 3.1338222720954994, 3.131923479369924, 3.131639869907234, 3.134548413602612, 3.1319151437735258, 3.1314940150780015, 3.132893326916272, 3.1317752675165105, 3.130945078934295, 3.1305271372010437, 3.1303237601171565, 3.1304189585432223, 3.132625214661224, 3.1351107223124446, 3.132404946073701, 3.1310425679894944, 3.1300821545757826, 3.131952699226669, 3.1317254259616516]}, "valid": {"acc": [0.546875, 0.625, 0.703125, 0.728125, 0.7671875, 0.7453125, 0.7546875, 0.76875, 0.75625, 0.7453125, 0.7765625, 0.7890625, 0.7890625, 0.775, 0.78125, 0.79375, 0.7671875, 0.759375, 0.7890625, 0.7921875, 0.7734375, 0.8140625, 0.778125, 0.790625, 0.8, 0.7640625, 0.7828125, 0.7640625, 0.784375, 0.7890625, 0.803125, 0.7765625, 0.803125, 0.8046875, 0.7859375, 0.78125, 0.7890625, 0.7890625, 0.784375, 0.790625, 0.790625, 0.790625, 0.8046875, 0.7859375, 0.79375, 0.8015625, 0.80625, 0.7984375, 0.8046875, 0.8, 0.8125, 0.790625, 0.7984375, 0.796875, 0.790625, 0.7984375, 0.7953125, 0.7984375, 0.8, 0.815625, 0.7890625, 0.7890625, 0.7859375, 0.78125, 0.8046875, 0.7765625, 0.8015625, 0.796875, 0.8109375, 0.815625, 0.8078125, 0.803125, 0.7953125, 0.8015625, 0.809375, 0.80625, 0.803125, 0.8, 0.8046875, 0.7921875, 0.8, 0.8, 0.8125, 0.809375, 0.796875, 0.803125, 0.796875, 0.8, 0.7921875, 0.7984375, 0.7953125, 0.8, 0.8015625, 0.803125, 0.7984375, 0.8015625, 0.8015625, 0.8046875, 0.809375, 0.8109375, 0.815625, 0.8125, 0.803125, 0.80625, 0.803125, 0.8078125, 0.7984375, 0.8046875, 0.796875, 0.8015625, 0.7984375, 0.79375, 0.7953125, 0.7984375, 0.803125, 0.803125, 0.8015625, 0.7984375, 0.8, 0.80625, 0.8015625, 0.8015625, 0.80625, 0.80625, 0.80625, 0.8, 0.803125, 0.80625, 0.8046875, 0.7984375, 0.7984375, 0.8015625, 0.8015625, 0.8, 0.8015625, 0.803125, 0.8, 0.80625, 0.8015625, 0.8, 0.79375, 0.8, 0.8015625, 0.8015625, 0.7953125, 0.8046875, 0.7984375, 0.803125, 0.8046875, 0.7984375],