{"train": {"acc": [0.522265625, 0.604296875, 0.6232421875, 0.6625, 0.6748046875, 0.7052734375, 0.7267578125, 0.73125, 0.7310546875, 0.7416015625, 0.7509765625, 0.75, 0.7630859375, 0.7642578125, 0.7609375, 0.7705078125, 0.7814453125, 0.7904296875, 0.794921875, 0.805078125, 0.803515625, 0.7984375, 0.808203125, 0.810546875, 0.803125, 0.806640625, 0.809375, 0.820703125, 0.81328125, 0.8177734375, 0.833203125, 0.8302734375, 0.829296875, 0.8349609375, 0.8419921875, 0.8408203125, 0.8333984375, 0.834765625, 0.842578125, 0.8529296875, 0.8380859375, 0.841796875, 0.8525390625, 0.8443359375, 0.8423828125, 0.8435546875, 0.8576171875, 0.8638671875, 0.8693359375, 0.8724609375, 0.8724609375, 0.876171875, 0.8814453125, 0.883984375, 0.8841796875, 0.8837890625, 0.887890625, 0.891796875, 0.89609375, 0.906640625, 0.8951171875, 0.894921875, 0.895703125, 0.8994140625, 0.903125, 0.9072265625, 0.90625, 0.9107421875, 0.9140625, 0.9158203125, 0.9193359375, 0.925, 0.9263671875, 0.9255859375, 0.9236328125, 0.9216796875, 0.9302734375, 0.9294921875, 0.9310546875, 0.9333984375, 0.9310546875, 0.9341796875, 0.93359375, 0.933984375, 0.9369140625, 0.9357421875, 0.9388671875, 0.9392578125, 0.9400390625, 0.9400390625, 0.941796875, 0.9458984375, 0.9453125, 0.947265625, 0.94609375, 0.948828125, 0.9490234375, 0.9484375, 0.9478515625, 0.94765625, 0.9494140625, 0.9482421875, 0.95, 0.950390625, 0.9513671875, 0.95, 0.95234375, 0.9541015625, 0.9525390625, 0.9537109375, 0.953125, 0.9544921875, 0.955859375, 0.95546875, 0.9572265625, 0.9552734375, 0.956640625, 0.957421875, 0.9572265625, 0.9583984375, 0.9576171875, 0.9578125, 0.9587890625, 0.9599609375, 0.9578125, 0.9591796875, 0.958984375, 0.959765625, 0.958984375, 0.9583984375, 0.9587890625, 0.959765625, 0.96015625, 0.9595703125, 0.9611328125, 0.959765625, 0.96015625, 0.9607421875, 0.9607421875, 0.959375, 0.961328125, 0.9599609375, 0.96015625, 0.960546875, 0.9609375, 0.9603515625, 0.96015625, 0.9611328125, 0.9609375, 0.9615234375], "loss": [2.602919279774533, 2.4494956686526916, 2.420519686952422, 2.35532676720921, 2.3341171922562998, 2.2833259950710247, 2.250704240195359, 2.242253701898116, 2.243889890139616, 2.2244365788713285, 2.209870237338392, 2.211056217362609, 2.1918231128137324, 2.1867723585684087, 2.1924242445185214, 2.1799771182144743, 2.1625741976725905, 2.1468296926232835, 2.1386274838749366, 2.120868470095381, 2.1243343247643, 2.1321743062779874, 2.1177897453308105, 2.113580489460426, 2.125336342220065, 2.1202227133738845, 2.115375761744342, 2.0960840892188157, 2.1057107207141343, 2.1009903859488572, 2.077747189545933, 2.078791588167601, 2.080701053897037, 2.0736588918710055, 2.062047724482379, 2.0640887731238258, 2.075511820708649, 2.072658855703813, 2.058944305287132, 2.0449838804293283, 2.0677853445463543, 2.061837501163724, 2.0462953938713557, 2.0584245663654954, 2.05897968177554, 2.0591210836096656, 2.0360563027707834, 2.0238880673541297, 2.0165036645116685, 2.0106483215018165, 2.010715478583227, 2.0065751634066618, 1.996585963647577, 1.9925395295589785, 1.9924677218062967, 1.991409826882278, 1.9851961588557763, 1.980720251421385, 1.9720789405364025, 1.9557556336439108, 1.9737934598439857, 1.9742270391198653, 1.9718991895265217, 1.9674379976489875, 1.9589987133122697, 1.9531189671045617, 1.9550275817702087, 1.9470219974276386, 1.9422587880605384, 1.9400666937043396, 1.9332054174399074, 1.92496966259389, 1.9216747902616669, 1.9224639467046232, 1.926283901250815, 1.9300137169753449, 1.9162662481959862, 1.9179896780207186, 1.91318646865555, 1.9110057851936244, 1.9127038430564012, 1.9093603650225868, 1.9100800481023668, 1.9100340393525135, 1.905667578117757, 1.907176772250405, 1.9015213054946707, 1.9007945121089114, 1.8995812331573874, 1.899239571788643, 1.8974965192094635, 1.890820740144464, 1.891171378425405, 1.8887268199196345, 1.8894465799573101, 1.8862232829951033, 1.886005916172945, 1.8855033192453505, 1.8868358195582522, 1.8877723322638982, 1.8836452387556244, 1.8854020320916478, 1.8837297656868077, 1.883048099807546, 1.8810009458397008, 1.8832981707174568, 1.879601157164272, 1.876925195319743, 1.8796259406246716, 1.876934294459186, 1.8771593178374857, 1.875151570839218, 1.8732038902331003, 1.8744743579550633, 1.8720453947405271, 1.8745048513895348, 1.872261154500744, 1.8710651427884646, 1.8710931992229027, 1.8698023753830149, 1.8707804936396926, 1.870238175875024, 1.8682935554769975, 1.8669466353669952, 1.8696066065679622, 1.868277379229099, 1.8682531088213377, 1.8670650162274325, 1.8686027904100055, 1.8693749678285816, 1.868054735509655, 1.8666918398458747, 1.8663023046300382, 1.8674431752554979, 1.8648242482656165, 1.8668537200251711, 1.8660870986648752, 1.8655992821802068, 1.8655667259723325, 1.8676093620590017, 1.864914898630939, 1.8667499837996084, 1.8663807760311077, 1.865674987623963, 1.865222393711911, 1.8660258658324615, 1.8660629942447324, 1.8648745696755904, 1.864758325528495, 1.864210065407089]}, "valid": {"acc": [0.4140625, 0.5515625, 0.553125, 0.6515625, 0.709375, 0.7125, 0.690625, 0.728125, 0.7328125, 0.7375, 0.7359375, 0.73125, 0.7375, 0.6796875, 0.725, 0.7453125, 0.7546875, 0.76875, 0.7640625, 0.7703125, 0.7625, 0.7421875, 0.7640625, 0.7703125, 0.78125, 0.7625, 0.7671875, 0.775, 0.76875, 0.775, 0.7890625, 0.7875, 0.7734375, 0.7921875, 0.790625, 0.8, 0.771875, 0.76875, 0.796875, 0.796875, 0.7765625, 0.7640625, 0.7578125, 0.775, 0.7546875, 0.7890625, 0.7890625, 0.796875, 0.7984375, 0.7859375, 0.7796875, 0.7984375, 0.8140625, 0.7875, 0.7875, 0.8015625, 0.7984375, 0.803125, 0.8125, 0.8125, 0.8078125, 0.7953125, 0.803125, 0.8125, 0.8, 0.8109375, 0.7828125, 0.796875, 0.8, 0.8046875, 0.809375, 0.815625, 0.821875, 0.8328125, 0.821875, 0.815625, 0.8171875, 0.8078125, 0.81875, 0.8109375, 0.809375, 0.825, 0.80625, 0.809375, 0.8046875, 0.8140625, 0.81875, 0.821875, 0.821875, 0.8046875, 0.821875, 0.828125, 0.8125, 0.8234375, 0.825, 0.8234375, 0.81875, 0.81875, 0.821875, 0.8046875, 0.80625, 0.809375, 0.8109375, 0.8125, 0.8046875, 0.8078125, 0.8109375, 0.7890625, 0.809375, 0.8015625, 0.80625, 0.803125, 0.8015625, 0.8, 0.8109375, 0.803125, 0.8046875, 0.8015625, 0.7953125, 0.8, 0.8015625, 0.7921875, 0.796875, 0.7953125, 0.7953125, 0.796875, 0.8, 0.8, 0.8, 0.7921875, 0.7921875, 0.803125, 0.7984375, 0.803125, 0.8015625, 0.8015625, 0.8, 0.7984375, 0.7984375, 0.803125, 0.7984375, 0.7953125, 0.8, 0.803125, 0.8, 0.8046875, 0.803125, 0.8, 0.796875, 0.8],