{"precision": 0.0673088930514673, "recall": 0.1004023576229324, "f1-score": 0.060480420623513484, "auc": 0.487928666466372}