{"precision": 0.7576932146436388, "recall": 0.7569418460751675, "f1-score": 0.7521696802232771, "auc": 0.18482042814177038}