{"precision": 0.75750569350959, "recall": 0.7380746783701161, "f1-score": 0.7428156199655592, "auc": 0.22504407690370243}