{"precision": 0.6765269587304564, "recall": 0.5911516790521439, "f1-score": 0.6084381968983196, "auc": 0.21388257006738487}