{"train": {"acc": [0.544140625, 0.6177734375, 0.66640625, 0.6884765625, 0.7140625, 0.7283203125, 0.73203125, 0.726953125, 0.741796875, 0.7470703125, 0.7392578125, 0.758984375, 0.755078125, 0.760546875, 0.7689453125, 0.7693359375, 0.7794921875, 0.7818359375, 0.777734375, 0.7919921875, 0.7888671875, 0.79609375, 0.7994140625, 0.7923828125, 0.800390625, 0.7865234375, 0.80546875, 0.8021484375, 0.798828125, 0.8125, 0.8109375, 0.8048828125, 0.8169921875, 0.8154296875, 0.8271484375, 0.819140625, 0.826953125, 0.8232421875, 0.826953125, 0.840234375, 0.84296875, 0.850390625, 0.8517578125, 0.844921875, 0.85, 0.855859375, 0.8623046875, 0.8587890625, 0.858984375, 0.8568359375, 0.86171875, 0.86953125, 0.87265625, 0.8794921875, 0.8796875, 0.88515625, 0.8837890625, 0.88671875, 0.884375, 0.8955078125, 0.89140625, 0.88671875, 0.88828125, 0.894140625, 0.8970703125, 0.9009765625, 0.9015625, 0.906640625, 0.901171875, 0.9087890625, 0.90546875, 0.9150390625, 0.9138671875, 0.9126953125, 0.9162109375, 0.9140625, 0.91640625, 0.9220703125, 0.9140625, 0.9193359375, 0.9201171875, 0.9197265625, 0.9255859375, 0.9236328125, 0.926953125, 0.9271484375, 0.92578125, 0.9287109375, 0.930859375, 0.9314453125, 0.931640625, 0.9275390625, 0.931640625, 0.9357421875, 0.93359375, 0.9353515625, 0.9376953125, 0.935546875, 0.9365234375, 0.937890625, 0.9392578125, 0.9390625, 0.938671875, 0.93671875, 0.938671875, 0.9400390625, 0.940625, 0.940234375, 0.94140625, 0.9408203125, 0.9419921875, 0.9427734375, 0.9439453125, 0.9435546875, 0.943359375, 0.943359375, 0.9423828125, 0.944921875, 0.9431640625, 0.94453125, 0.9453125, 0.945703125, 0.9439453125, 0.94609375, 0.94609375, 0.9458984375, 0.9466796875, 0.9474609375, 0.9478515625, 0.9474609375, 0.9478515625, 0.9470703125, 0.948046875, 0.948828125, 0.9486328125, 0.9490234375, 0.94921875, 0.94921875, 0.949609375, 0.9490234375, 0.9486328125, 0.949609375, 0.95, 0.95, 0.94921875, 0.9482421875, 0.948046875, 0.949609375, 0.949609375, 0.9501953125], "loss": [2.5732533267781705, 2.431356611131113, 2.3464829680285875, 2.3145820732358136, 2.272602220124836, 2.246952280213561, 2.2438636882395686, 2.2493919571743737, 2.2242423824117155, 2.218363686452938, 2.2281028832061383, 2.1970722011373014, 2.202503447291217, 2.1939633466020414, 2.1828016450133503, 2.180417438096638, 2.165664576276948, 2.158560276031494, 2.165330130842668, 2.14505806753907, 2.1481639116625244, 2.1384348808964595, 2.131016206137742, 2.142452620252778, 2.1323282748838013, 2.154240802873539, 2.122219647033305, 2.1258571751510043, 2.135997292361682, 2.1065733040435406, 2.113277109363411, 2.1212625473360474, 2.102452109131632, 2.104052913339832, 2.0838132704360577, 2.0943161807482755, 2.0852187479598614, 2.091318169726601, 2.0875042224232154, 2.0626807665523095, 2.059119200404686, 2.0482014764713337, 2.0453953954237925, 2.056099911279316, 2.04795749428906, 2.038096619557731, 2.028603188599212, 2.033840961094144, 2.03191681753231, 2.0374182251435293, 2.0288990464391587, 2.0158804881421823, 2.0114296689818176, 2.0001313927807387, 1.999628661554071, 1.9916110566899747, 1.99109064929093, 1.988325920286058, 1.9910685925544063, 1.9744030720070949, 1.979074624520314, 1.9877898180032079, 1.983944600141501, 1.974926830847052, 1.9709305084204372, 1.9637095701845386, 1.9638162670256216, 1.9553638923017285, 1.963885387287864, 1.9503564336631871, 1.9576822187327132, 1.941981809048713, 1.9428436997570568, 1.9455958831159375, 1.938273917270612, 1.9413120203380343, 1.9405047486100016, 1.9312259336061115, 1.942049065722695, 1.933173682116255, 1.9329104710228835, 1.9324078167541117, 1.9237807355349577, 1.9263219365590736, 1.9220719805246667, 1.921309063706217, 1.9236699222009392, 1.9201530384112009, 1.9150165349622317, 1.914117373997652, 1.9135320986373514, 1.9199008338059051, 1.9132754304741002, 1.9065708902817737, 1.9101118920724602, 1.9081004541131514, 1.9041394553607023, 1.9078543005110342, 1.905833657783798, 1.9032575450366056, 1.9013716329502155, 1.902414066882073, 1.9018267513830451, 1.9049339701857748, 1.901218619527696, 1.9006851639928697, 1.8985679979565777, 1.8995440368410907, 1.8977071061919006, 1.8984031450899341, 1.896154371997978, 1.895928550370132, 1.8930636146400548, 1.893680460845368, 1.8944741034809547, 1.8941067894802819, 1.895399289795115, 1.892231518709207, 1.8939144671717776, 1.8924461105201817, 1.8910334517684164, 1.8904685325260404, 1.8920130684405942, 1.8898148159437542, 1.8891620892512648, 1.8892262977889822, 1.8877445776251298, 1.8871875805190848, 1.8869233916077433, 1.8876664683788638, 1.8861776937412311, 1.8871240570575376, 1.8861942472337168, 1.8854015990148616, 1.8855512791042086, 1.8848017574865608, 1.884308558476122, 1.8845169815836074, 1.8836670284029804, 1.8840547498268416, 1.8852540782735319, 1.8836538489860823, 1.8836847121202493, 1.8835504326639296, 1.8840904009493091, 1.886449552789519, 1.8860323308389397, 1.8836055903495112, 1.8840524607066866, 1.8826726312878765]}, "valid": {"acc": [0.4953125, 0.6234375, 0.6625, 0.7125, 0.66875, 0.7296875, 0.6875, 0.7109375, 0.740625, 0.6875, 0.740625, 0.703125, 0.7453125, 0.740625, 0.7578125, 0.7421875, 0.7109375, 0.7390625, 0.771875, 0.7859375, 0.775, 0.7734375, 0.70625, 0.775, 0.7453125, 0.7640625, 0.7671875, 0.7625, 0.775, 0.7875, 0.78125, 0.7859375, 0.7671875, 0.7984375, 0.784375, 0.7765625, 0.796875, 0.7828125, 0.790625, 0.796875, 0.7984375, 0.7875, 0.7890625, 0.765625, 0.79375, 0.79375, 0.7890625, 0.7875, 0.796875, 0.8046875, 0.775, 0.778125, 0.7984375, 0.796875, 0.8, 0.8203125, 0.778125, 0.790625, 0.8, 0.7984375, 0.8078125, 0.8, 0.825, 0.8, 0.80625, 0.8109375, 0.809375, 0.8109375, 0.8046875, 0.8015625, 0.8171875, 0.8140625, 0.8078125, 0.8109375, 0.8265625, 0.8109375, 0.8140625, 0.821875, 0.8125, 0.8140625, 0.8125, 0.803125, 0.825, 0.8171875, 0.825, 0.8359375, 0.803125, 0.8125, 0.8234375, 0.8171875, 0.8265625, 0.8171875, 0.809375, 0.825, 0.8171875, 0.8171875, 0.8140625, 0.828125, 0.8296875, 0.8296875, 0.8265625, 0.8234375, 0.8265625, 0.81875, 0.8203125, 0.825, 0.821875, 0.825, 0.8171875, 0.81875, 0.8203125, 0.815625, 0.8171875, 0.8203125, 0.8203125, 0.8203125, 0.809375, 0.8125, 0.8078125, 0.815625, 0.809375, 0.809375, 0.796875, 0.803125, 0.80625, 0.8015625, 0.80625, 0.80625, 0.809375, 0.809375, 0.803125, 0.7984375, 0.8078125, 0.8046875, 0.8046875, 0.809375, 0.803125, 0.8046875, 0.8015625, 0.8046875, 0.8046875, 0.803125, 0.8078125, 0.80625, 0.8015625, 0.8046875, 0.8015625, 0.8046875, 0.803125, 0.80625],