{"train": {"acc": [0.5423828125, 0.6326171875, 0.6529296875, 0.68359375, 0.719140625, 0.7294921875, 0.7294921875, 0.7486328125, 0.7517578125, 0.7609375, 0.7595703125, 0.7537109375, 0.76796875, 0.782421875, 0.773046875, 0.7873046875, 0.78671875, 0.789453125, 0.7869140625, 0.791015625, 0.799609375, 0.8025390625, 0.80234375, 0.793359375, 0.809765625, 0.800390625, 0.813671875, 0.80859375, 0.7982421875, 0.81484375, 0.823046875, 0.8251953125, 0.825390625, 0.8328125, 0.828125, 0.8255859375, 0.8326171875, 0.8357421875, 0.8373046875, 0.8484375, 0.8384765625, 0.846875, 0.8453125, 0.8376953125, 0.848828125, 0.8435546875, 0.8599609375, 0.863671875, 0.8662109375, 0.8705078125, 0.870703125, 0.871875, 0.87578125, 0.8814453125, 0.8765625, 0.88515625, 0.8787109375, 0.8935546875, 0.890625, 0.8962890625, 0.900390625, 0.894921875, 0.8970703125, 0.903515625, 0.9021484375, 0.9017578125, 0.90546875, 0.9126953125, 0.9103515625, 0.9134765625, 0.908984375, 0.9177734375, 0.921875, 0.9203125, 0.9232421875, 0.926171875, 0.92421875, 0.9240234375, 0.9279296875, 0.9291015625, 0.93203125, 0.9275390625, 0.928515625, 0.9333984375, 0.9310546875, 0.9353515625, 0.9357421875, 0.936328125, 0.9404296875, 0.9404296875, 0.941015625, 0.9412109375, 0.9400390625, 0.940625, 0.941796875, 0.9447265625, 0.9439453125, 0.94453125, 0.9400390625, 0.9443359375, 0.9462890625, 0.9470703125, 0.9486328125, 0.94765625, 0.9482421875, 0.9482421875, 0.9509765625, 0.95078125, 0.9505859375, 0.951953125, 0.949609375, 0.95078125, 0.9517578125, 0.9505859375, 0.9515625, 0.9521484375, 0.9513671875, 0.953125, 0.9533203125, 0.952734375, 0.954296875, 0.9529296875, 0.9537109375, 0.9541015625, 0.953125, 0.9541015625, 0.9541015625, 0.953515625, 0.9537109375, 0.9537109375, 0.955078125, 0.9548828125, 0.955078125, 0.9548828125, 0.9546875, 0.9529296875, 0.954296875, 0.9546875, 0.9544921875, 0.9541015625, 0.954296875, 0.9552734375, 0.9533203125, 0.9544921875, 0.954296875, 0.955078125, 0.9546875, 0.95546875, 0.95546875, 0.954296875], "loss": [2.5758602468273306, 2.4054554323606854, 2.374140452735032, 2.3191201566140864, 2.2649090923840487, 2.2482853026329717, 2.2453767860992047, 2.216266441948806, 2.2062178955802434, 2.1930371070209937, 2.197649866719789, 2.2073506946805157, 2.182759395128564, 2.158609906329384, 2.1736005982266198, 2.151197404801091, 2.1530568992035297, 2.1463112453871136, 2.149093167691291, 2.145679745493056, 2.1298502034778837, 2.1278353280658964, 2.1239613415319707, 2.1421779424329346, 2.1153281187709374, 2.1288802261593975, 2.108574420590944, 2.116105533853362, 2.133478158636938, 2.105897043324724, 2.089638123029395, 2.0882446931887277, 2.088356783118429, 2.0760368742520297, 2.0827130848848365, 2.087287448629548, 2.0749977691264094, 2.069389525848099, 2.0689209186578097, 2.050756042516684, 2.066104514689385, 2.0520692384695707, 2.0547028100943265, 2.0682050668740573, 2.0482527666454073, 2.0586832535417776, 2.031056630460522, 2.0243928613542, 2.0206867275358755, 2.015244336067876, 2.013622302043287, 2.0130894214292114, 2.004359115528155, 1.9968262156353722, 2.003662287434445, 1.993078995354568, 2.000777736494813, 1.9768929134441326, 1.9816709107990507, 1.971178845514225, 1.9650675345070754, 1.9733043426199803, 1.9705365624608873, 1.960583439356164, 1.9617146464842785, 1.9637839311285863, 1.9569481203827677, 1.9455923626694498, 1.9479992465127873, 1.9432385435587243, 1.950829682470877, 1.9380206925959527, 1.9303078198734718, 1.9318240186836146, 1.9274292837215374, 1.921687274039546, 1.9248691872705388, 1.9264655731901337, 1.9195388962950888, 1.917886439758011, 1.9133255768425856, 1.9193473073500622, 1.9185535545590557, 1.9122133270094666, 1.91326266451727, 1.907394048533862, 1.9067673471909534, 1.905683769455439, 1.8994301089757606, 1.899530490742454, 1.8975131753124768, 1.897778738903094, 1.8999687523781499, 1.899133926705469, 1.8968877867807317, 1.8931636825392517, 1.8930631362939183, 1.8928801394716095, 1.899624998056436, 1.8929270792611037, 1.8891293564929237, 1.8888479501386233, 1.8860109516336947, 1.8872787197933922, 1.885600200182275, 1.8862420546857617, 1.8825980681407302, 1.8821636166753648, 1.8821631232394447, 1.880400438851948, 1.8833525769318207, 1.8812345975561986, 1.880780352821833, 1.8827759540533717, 1.8809728365910203, 1.87941052340254, 1.88097361371487, 1.8783556509621535, 1.8781128397470788, 1.878585302377049, 1.8760549856137625, 1.8784589873084538, 1.8777859784379791, 1.876481160332885, 1.878115371812748, 1.8760030405430854, 1.8762455756151224, 1.8769948799398881, 1.876691001880018, 1.8769892061812967, 1.8754208329357678, 1.875441183017779, 1.8752334917647928, 1.875081946578207, 1.8748916825161706, 1.8782103755806066, 1.87576733058012, 1.8751969880695585, 1.8755738267415687, 1.8755989180335515, 1.8757258487653128, 1.8743038539645038, 1.8775908192501793, 1.8751860887189455, 1.8754985000513777, 1.8744256209723558, 1.875236005722722, 1.873956491675558, 1.8738055546072465, 1.8758709068539776]}, "valid": {"acc": [0.4375, 0.6375, 0.659375, 0.690625, 0.684375, 0.7390625, 0.7328125, 0.6953125, 0.7234375, 0.75, 0.7640625, 0.7015625, 0.7765625, 0.75, 0.7546875, 0.75, 0.740625, 0.7796875, 0.7921875, 0.7796875, 0.7640625, 0.74375, 0.759375, 0.7859375, 0.7625, 0.7671875, 0.7578125, 0.7796875, 0.775, 0.775, 0.7921875, 0.7984375, 0.7921875, 0.7828125, 0.75625, 0.7921875, 0.74375, 0.796875, 0.7859375, 0.80625, 0.78125, 0.775, 0.7984375, 0.778125, 0.790625, 0.803125, 0.809375, 0.796875, 0.790625, 0.8078125, 0.809375, 0.8125, 0.7953125, 0.7984375, 0.7953125, 0.796875, 0.8046875, 0.8, 0.8125, 0.8109375, 0.8078125, 0.8046875, 0.809375, 0.80625, 0.8046875, 0.809375, 0.8015625, 0.8, 0.8171875, 0.8078125, 0.8140625, 0.8125, 0.809375, 0.815625, 0.8234375, 0.8203125, 0.8, 0.815625, 0.821875, 0.8078125, 0.80625, 0.8046875, 0.8015625, 0.8109375, 0.8046875, 0.8203125, 0.825, 0.828125, 0.821875, 0.8125, 0.815625, 0.8203125, 0.821875, 0.8140625, 0.8140625, 0.809375, 0.8265625, 0.8125, 0.796875, 0.8234375, 0.80625, 0.8171875, 0.83125, 0.81875, 0.803125, 0.8125, 0.815625, 0.8109375, 0.8078125, 0.803125, 0.8140625, 0.8140625, 0.81875, 0.825, 0.8203125, 0.815625, 0.8265625, 0.8265625, 0.828125, 0.8296875, 0.8296875, 0.828125, 0.81875, 0.81875, 0.825, 0.8296875, 0.825, 0.8265625, 0.821875, 0.821875, 0.825, 0.81875, 0.8171875, 0.8140625, 0.81875, 0.8125, 0.815625, 0.8171875, 0.8171875, 0.8125, 0.8203125, 0.815625, 0.8125, 0.815625, 0.81875, 0.8140625, 0.8171875, 0.8203125, 0.8125, 0.81875],