{"train": {"acc": [0.5353515625, 0.6384765625, 0.66171875, 0.6849609375, 0.703125, 0.716796875, 0.718359375, 0.7484375, 0.7556640625, 0.7564453125, 0.7685546875, 0.765625, 0.7642578125, 0.773046875, 0.7603515625, 0.7826171875, 0.784765625, 0.7708984375, 0.7837890625, 0.7912109375, 0.7955078125, 0.7884765625, 0.8064453125, 0.800390625, 0.8060546875, 0.8048828125, 0.8029296875, 0.809375, 0.80546875, 0.798046875, 0.8068359375, 0.8150390625, 0.8064453125, 0.8072265625, 0.817578125, 0.82109375, 0.8150390625, 0.8208984375, 0.8365234375, 0.8283203125, 0.83515625, 0.8302734375, 0.830859375, 0.829296875, 0.8443359375, 0.8412109375, 0.8384765625, 0.8369140625, 0.8447265625, 0.84140625, 0.8408203125, 0.849609375, 0.8560546875, 0.860546875, 0.857421875, 0.8580078125, 0.8595703125, 0.86328125, 0.86171875, 0.86796875, 0.8681640625, 0.8681640625, 0.8775390625, 0.87890625, 0.8818359375, 0.8830078125, 0.8853515625, 0.8880859375, 0.88984375, 0.8861328125, 0.8955078125, 0.8974609375, 0.89765625, 0.894140625, 0.9025390625, 0.9060546875, 0.9076171875, 0.9111328125, 0.909765625, 0.9169921875, 0.9140625, 0.9203125, 0.9197265625, 0.916796875, 0.9205078125, 0.92578125, 0.923046875, 0.9232421875, 0.9271484375, 0.9314453125, 0.9337890625, 0.9302734375, 0.93203125, 0.933203125, 0.9333984375, 0.9361328125, 0.9376953125, 0.9345703125, 0.9373046875, 0.940625, 0.939453125, 0.9376953125, 0.939453125, 0.942578125, 0.9421875, 0.940234375, 0.9431640625, 0.9419921875, 0.9453125, 0.94375, 0.9451171875, 0.944140625, 0.944921875, 0.945703125, 0.944921875, 0.945703125, 0.9458984375, 0.945703125, 0.9455078125, 0.946875, 0.946875, 0.948046875, 0.9474609375, 0.94765625, 0.948046875, 0.9482421875, 0.949609375, 0.9494140625, 0.94765625, 0.9484375, 0.9494140625, 0.9490234375, 0.9486328125, 0.9490234375, 0.949609375, 0.9498046875, 0.948828125, 0.948828125, 0.949609375, 0.9494140625, 0.9486328125, 0.95078125, 0.9494140625, 0.9501953125, 0.9482421875, 0.9494140625, 0.9494140625, 0.9486328125, 0.949609375, 0.948828125], "loss": [2.5838953422594675, 2.39613286754753, 2.3562465559078167, 2.3193185238898555, 2.2914935727662678, 2.269849221917647, 2.2630897202069247, 2.2149703864809833, 2.2012460805192777, 2.1997040525267395, 2.1827076401891587, 2.187578377844412, 2.1906436063066312, 2.1746043676062476, 2.1937973921812035, 2.1579568310628963, 2.1546848393693754, 2.1786099491240103, 2.1551438509663448, 2.1448530954650686, 2.1383310692219792, 2.1480750509455233, 2.120684880244581, 2.1294336650944965, 2.120870246162897, 2.121916709066946, 2.126961593386493, 2.1160511351838895, 2.1220909311801575, 2.1332198592680918, 2.1205250130424016, 2.1058466223221792, 2.119339444969274, 2.117910311191897, 2.1016510393046124, 2.096887348573419, 2.1057926642743845, 2.0944494989853872, 2.0719395136531396, 2.082736947868444, 2.074337010142169, 2.0805154721948167, 2.079944578907158, 2.082608419128611, 2.058229265333731, 2.0631591987006273, 2.0658807120745695, 2.070789795887621, 2.0562700334983535, 2.06268198127988, 2.0638394038888475, 2.049867924255661, 2.038446402247948, 2.0305116448221328, 2.0356659436527687, 2.0351123809814453, 2.032965884932989, 2.0249194042592107, 2.028836446472361, 2.0179810840872268, 2.018126342870012, 2.018368117416961, 2.0039881316921377, 1.9995082586626463, 1.9973752664614328, 1.9936919770663297, 1.9907785820055612, 1.9847601003284696, 1.9838628467125228, 1.9889164619807955, 1.9724930902070636, 1.9704458170299288, 1.9695070423657381, 1.9736590355257444, 1.9604329157479201, 1.9566944067991232, 1.9534155869785743, 1.9474264262597771, 1.9502415566504756, 1.9385636652572245, 1.943727650219881, 1.9327044622807563, 1.9329236428948897, 1.9374992832352844, 1.9326382437838783, 1.925635905205449, 1.9280740173557136, 1.9264833067036882, 1.9208636827106718, 1.9139677769021144, 1.9108420942403093, 1.915570929080625, 1.9124276502222954, 1.9107323055025898, 1.9095139080965067, 1.9065576052363915, 1.9033593407160119, 1.9082020159009137, 1.903889333145528, 1.8991486996035032, 1.9007094721250897, 1.9030161024648933, 1.9001624086235143, 1.8965061525755291, 1.8962407911880106, 1.8982897166964374, 1.8944869086712222, 1.8970640354518649, 1.891247886645643, 1.8931516076945052, 1.891261809988867, 1.8929049244409875, 1.8915401863146433, 1.8901198272463642, 1.8923375727255134, 1.890937812720673, 1.8899391331250155, 1.890411212474485, 1.8897745382936695, 1.8886192825776111, 1.8884379048890705, 1.885966281347637, 1.8871131230004226, 1.8876171459125568, 1.8869130551060544, 1.885797251628924, 1.8840896268434162, 1.8840933615648294, 1.8873851057849353, 1.8854676168176192, 1.8844078930118415, 1.8848340164257, 1.8853241597549826, 1.8846947015086306, 1.883906957469409, 1.883642614642276, 1.8850181072573118, 1.8850098969061164, 1.8839644782150848, 1.8841615975657595, 1.8847193476520008, 1.881930129437507, 1.884260135360911, 1.8827411283420612, 1.8857096433639526, 1.8842359841624392, 1.8842801444138153, 1.8852823897253108, 1.8836539893210689, 1.884827651555025]}, "valid": {"acc": [0.546875, 0.578125, 0.6578125, 0.63125, 0.70625, 0.6953125, 0.73125, 0.7234375, 0.746875, 0.753125, 0.75, 0.71875, 0.7484375, 0.715625, 0.7484375, 0.771875, 0.771875, 0.753125, 0.7703125, 0.7625, 0.7109375, 0.775, 0.7328125, 0.79375, 0.7625, 0.759375, 0.759375, 0.790625, 0.76875, 0.75, 0.7671875, 0.790625, 0.753125, 0.78125, 0.778125, 0.7703125, 0.771875, 0.7875, 0.80625, 0.790625, 0.75625, 0.78125, 0.7671875, 0.7859375, 0.79375, 0.7734375, 0.7796875, 0.7921875, 0.771875, 0.7734375, 0.784375, 0.803125, 0.7953125, 0.7796875, 0.7875, 0.784375, 0.7953125, 0.8078125, 0.796875, 0.7875, 0.7953125, 0.79375, 0.8046875, 0.796875, 0.7953125, 0.790625, 0.7984375, 0.790625, 0.79375, 0.7984375, 0.7953125, 0.784375, 0.7859375, 0.7859375, 0.7921875, 0.8109375, 0.8, 0.790625, 0.78125, 0.79375, 0.7875, 0.8015625, 0.7921875, 0.8140625, 0.7984375, 0.8, 0.775, 0.7875, 0.80625, 0.7953125, 0.7984375, 0.7875, 0.796875, 0.7921875, 0.7890625, 0.7953125, 0.7875, 0.784375, 0.78125, 0.7859375, 0.796875, 0.7921875, 0.803125, 0.7953125, 0.790625, 0.79375, 0.7921875, 0.8, 0.7953125, 0.80625, 0.8, 0.809375, 0.8046875, 0.8, 0.8, 0.803125, 0.803125, 0.7890625, 0.79375, 0.7875, 0.79375, 0.803125, 0.7984375, 0.7984375, 0.8, 0.8015625, 0.8, 0.8, 0.7984375, 0.796875, 0.796875, 0.8015625, 0.80625, 0.8015625, 0.8, 0.7984375, 0.796875, 0.79375, 0.796875, 0.8, 0.7953125, 0.796875, 0.796875, 0.8, 0.7984375, 0.7984375, 0.79375, 0.796875, 0.8, 0.8015625],