{"train": {"acc": [0.515234375, 0.6107421875, 0.6685546875, 0.7068359375, 0.7076171875, 0.72890625, 0.74453125, 0.7416015625, 0.7380859375, 0.7490234375, 0.7462890625, 0.748046875, 0.7794921875, 0.775390625, 0.7708984375, 0.7572265625, 0.7779296875, 0.78203125, 0.7859375, 0.7767578125, 0.773828125, 0.787109375, 0.803515625, 0.793359375, 0.796875, 0.803125, 0.8140625, 0.8091796875, 0.8193359375, 0.8154296875, 0.808203125, 0.8091796875, 0.8248046875, 0.822265625, 0.81953125, 0.8201171875, 0.827734375, 0.82890625, 0.832421875, 0.82578125, 0.8326171875, 0.836328125, 0.841015625, 0.846875, 0.8486328125, 0.837890625, 0.83203125, 0.8466796875, 0.8591796875, 0.8619140625, 0.843359375, 0.850390625, 0.86640625, 0.85859375, 0.8681640625, 0.8708984375, 0.868359375, 0.8798828125, 0.8755859375, 0.8771484375, 0.880859375, 0.88203125, 0.8873046875, 0.8888671875, 0.8970703125, 0.8921875, 0.89609375, 0.8998046875, 0.899609375, 0.9015625, 0.9025390625, 0.905078125, 0.9060546875, 0.91171875, 0.90859375, 0.909375, 0.9125, 0.91484375, 0.9123046875, 0.9166015625, 0.9177734375, 0.9201171875, 0.921875, 0.921484375, 0.9228515625, 0.92109375, 0.923828125, 0.925, 0.92734375, 0.9267578125, 0.9265625, 0.93125, 0.932421875, 0.9310546875, 0.93359375, 0.9337890625, 0.9333984375, 0.9375, 0.9359375, 0.9375, 0.9388671875, 0.9369140625, 0.9369140625, 0.9396484375, 0.9390625, 0.9416015625, 0.9423828125, 0.9421875, 0.9431640625, 0.9453125, 0.9447265625, 0.9462890625, 0.9470703125, 0.9474609375, 0.9486328125, 0.9484375, 0.94765625, 0.949609375, 0.9505859375, 0.9494140625, 0.949609375, 0.95078125, 0.9509765625, 0.9529296875, 0.9513671875, 0.9517578125, 0.9525390625, 0.951953125, 0.9521484375, 0.953515625, 0.9521484375, 0.951953125, 0.9513671875, 0.95390625, 0.9529296875, 0.9533203125, 0.95390625, 0.95390625, 0.9525390625, 0.9541015625, 0.953125, 0.953125, 0.953515625, 0.9546875, 0.95390625, 0.95390625, 0.953515625, 0.954296875, 0.95234375, 0.9537109375], "loss": [2.6190177730367155, 2.440151537520976, 2.3455528850796856, 2.2850750790366643, 2.2810717956929265, 2.245973472353778, 2.2202340998227084, 2.225609666184534, 2.2313371851474426, 2.2137540367585196, 2.2186657582657245, 2.2142965099479577, 2.163235166404821, 2.1695852279663086, 2.175924578799477, 2.1986805064768733, 2.1661284648919406, 2.1615600782104685, 2.1524409674390963, 2.169302528417563, 2.173795478253425, 2.151155598555939, 2.1243525124803373, 2.1402301758150513, 2.135576038420955, 2.125372467161734, 2.1064959477774705, 2.114634381064886, 2.0990167478971844, 2.1052087454856196, 2.1161018066768404, 2.1132125356529334, 2.0916577456872676, 2.094174572184116, 2.0962370437911795, 2.0971574209913424, 2.0841749061512043, 2.082029750075521, 2.077774115755588, 2.089189319670955, 2.076738223244872, 2.070759199842622, 2.0638148241405245, 2.0541051641295227, 2.050725336316266, 2.0676575884034363, 2.077414965327782, 2.0553345363351365, 2.0331000014196468, 2.0295991973031926, 2.058003427107123, 2.045973807950563, 2.0208696172207214, 2.0323367194284367, 2.018409191807614, 2.0124527246137207, 2.0178071049195303, 2.000128318991842, 2.0062141946599454, 2.0024628261976605, 1.9981051291091532, 1.9949555442303042, 1.9865780751916426, 1.9841568696347973, 1.9714329197436948, 1.9779202938079834, 1.971349397792092, 1.9686143760439716, 1.9673974151852764, 1.9639415665517879, 1.962590732151949, 1.9590257662761061, 1.9554446407511263, 1.9470476002632817, 1.952210480653787, 1.9510962555680094, 1.944216575803636, 1.9403453461731537, 1.9445870073535774, 1.9397386206856257, 1.9375669005550915, 1.9333018049409119, 1.9297780417188812, 1.9303625806977478, 1.9284152350848234, 1.9302005994169018, 1.9262729641757435, 1.924886617479445, 1.9210284903079649, 1.9218488976925234, 1.9219868394392956, 1.9134396888032745, 1.912926296644573, 1.9143990957284276, 1.9096529363076897, 1.909880051129981, 1.9106744633445256, 1.9041638857201686, 1.906003389177443, 1.9042681380163264, 1.9017767891099182, 1.9039738374420359, 1.905090107193476, 1.900633282299283, 1.9016920871372465, 1.8970808967759338, 1.895949882797048, 1.8965582892864565, 1.893539953835403, 1.8916981522041032, 1.8927009950710247, 1.89000126983546, 1.8884888253634489, 1.886962176878241, 1.8858054197287257, 1.886381126657317, 1.8869934398916703, 1.8843072547188289, 1.882932735394828, 1.8846245913565913, 1.883597657650332, 1.8816704327547098, 1.88231524485576, 1.8787922466857523, 1.8810743531094323, 1.8808784726299816, 1.8788977589788316, 1.8797169244742091, 1.880007811739475, 1.8776898972595795, 1.8800935352904886, 1.8801692980754225, 1.880512319033659, 1.8767270181752458, 1.8780956162682063, 1.8778156042099, 1.8768165473696552, 1.8766930752162692, 1.8786939518361152, 1.8769045404241056, 1.8779458637478985, 1.8783902141112316, 1.8770914877517313, 1.8754676535159727, 1.8768538462964794, 1.876639100569713, 1.8774759588362295, 1.875741754906087, 1.8791619328003895, 1.876724128481708]}, "valid": {"acc": [0.5453125, 0.6359375, 0.6625, 0.6703125, 0.721875, 0.746875, 0.671875, 0.740625, 0.7015625, 0.715625, 0.7078125, 0.725, 0.7328125, 0.753125, 0.7109375, 0.75625, 0.734375, 0.75625, 0.75, 0.7328125, 0.76875, 0.7515625, 0.7546875, 0.784375, 0.765625, 0.775, 0.790625, 0.759375, 0.7765625, 0.76875, 0.7734375, 0.7734375, 0.771875, 0.753125, 0.7703125, 0.7765625, 0.78125, 0.7765625, 0.7765625, 0.778125, 0.790625, 0.7734375, 0.79375, 0.79375, 0.784375, 0.7703125, 0.78125, 0.790625, 0.7875, 0.790625, 0.7875, 0.79375, 0.790625, 0.790625, 0.7765625, 0.778125, 0.784375, 0.7921875, 0.7953125, 0.7828125, 0.7953125, 0.8078125, 0.7875, 0.7828125, 0.7828125, 0.7828125, 0.784375, 0.7984375, 0.7859375, 0.8125, 0.8, 0.7921875, 0.80625, 0.7859375, 0.778125, 0.7859375, 0.8, 0.796875, 0.796875, 0.7953125, 0.8015625, 0.8015625, 0.79375, 0.796875, 0.7875, 0.784375, 0.7984375, 0.7953125, 0.7953125, 0.796875, 0.7984375, 0.79375, 0.8015625, 0.803125, 0.8078125, 0.8015625, 0.7984375, 0.809375, 0.7984375, 0.7984375, 0.8015625, 0.7890625, 0.790625, 0.803125, 0.8, 0.809375, 0.80625, 0.8046875, 0.803125, 0.80625, 0.815625, 0.80625, 0.8, 0.7984375, 0.7953125, 0.8046875, 0.796875, 0.8171875, 0.815625, 0.803125, 0.8046875, 0.7984375, 0.7953125, 0.803125, 0.80625, 0.809375, 0.8015625, 0.8046875, 0.8015625, 0.803125, 0.796875, 0.7984375, 0.8015625, 0.79375, 0.8015625, 0.7984375, 0.7984375, 0.7984375, 0.7984375, 0.7984375, 0.8, 0.8, 0.803125, 0.79375, 0.796875, 0.803125, 0.8015625, 0.8015625, 0.803125, 0.803125],