{"precision": 0.7245479731725671, "recall": 0.6777556051650637, "f1-score": 0.692039201093605, "auc": 0.17114997424731934}