{"precision": 0.752691185638072, "recall": 0.6842320667174265, "f1-score": 0.7042285284544468, "auc": 0.20970876059371635}